:020000040401F5
:202000003046022100DA2F648A02A4FA2BEFE2E38F8E92B391F526F758BAADE648A431D614
:2020200003239E4CFA02210099BF75FDC2E765DAA1362CC05A6CFE8D0FB8C5E0BB6F038D87
:20204000865289C32C8207B6480000000000000000000000000000000000000000000000A9
:20206000000000000000000000000000000000000000000000000000000000000000000060
:20208000000000000000000000000000000000000000000000000000000000000000000040
:2020A000000000000000000000000000000000000000000000000000000000000000000020
:2020C000000000000000000000000000000000000000000000000000000000000000000000
:2020E0000000000000000000000000000000000000000000000000000000000000000000E0
:202100000000000000000000000000000000000000000000000000000000000000000000BF
:2021200000000000000000000000000000000000000000000000000000000000000000009F
:2021400000000000000000000000000000000000000000000000000000000000000000007F
:2021600000000000000000000000000000000000000000000000000000000000000000005F
:20218000FC4A48074FA23402ADF5C1796A1DB543563F33488090730DC391A84443A612AE9F
:2021A0006F050F007F1BA037004B0400FFFFFFFFFFFFFFFFFFFFFFFFFFFFFFFFFFFFFFFFF0
:2021C000FFFFFFFFFFFFFFFFFFFFFFFFFFFFFFFFA5125A5AFFFFFFFFFFFFFFFFFFFFFFFFB0
:2021E000FFFFFFFFFFFFFFFFFFFFFFFFFFFFFFFFFFFFFFFFFFFFFFFFFFFFFFFFFFFFFFFFFF
:20220000FFFFFFFFFFFFFFFFFFFFFFFFFFFFFFFF044714230C8E79A856B231E36494D404A5
:202220003997DCF4D856EE5BD8FF0511DF0EA19F79301635E564C96854260D34CE5E50FECA
:202240009654C8A92FD92F655B86081DEE1205F36B0000000000000000000000000000001E
:2022600000000000000000000000000000000000000000000000000000000000000000005E
:2022800000000000000000000000000000000000000000000000000000000000000000003E
:2022A00000000000000000000000000000000000000000000000000000000000000000001E
:2022C0000000000000000000000000000000000000000000000000000000000000000000FE
:2022E0000000000000000000000000000000000000000000000000000000000000000000DE
:202300000000000000000000000000000000000000000000000000000000000000000000BD
:2023200000000000000000000000000000000000000000000000000000000000000000009D
:2023400000000000000000000000000000000000000000000000000000000000000000007D
:2023600000000000000000000000000000000000000000000000000000000000000000005D
:2023800000000000000000000000000000000000000000000100000100000000000000003B
:2023A00000000000000000000000000000000000000000000000000000000000000000001D
:2023C000003001040070000000A0010400800000002002040050030000700504000005003C
:2023E0000000000000000000000000000000000000000000000000000000000000000000DD
:2024000000700A040000000000700A040000000000700A040000000000700A0400000000C4
:2024200000700A040000000000700A0400000000FFFFFFFFFFFFFFFFFFFFFFFFFFFFFFFFB0
:20244000FFFFFFFFFFFFFFFFFFFFFFFFFFFFFFFFFFFFFFFFFFFFFFFFFFFFFFFFFFFFFFFF9C
:20246000FFFFFFFFFFFFFFFFFFFFFFFFFFFFFFFFFFFFFFFFFFFFFFFFFFFFFFFFFFFFFFFF7C
:20248000FFFFFFFFFFFFFFFFFFFFFFFFFFFFFFFFFFFFFFFFFFFFFFFFFFFFFFFFFFFFFFFF5C
:2024A000FFFFFFFFFFFFFFFFFFFFFFFFFFFFFFFFFFFFFFFFFFFFFFFFFFFFFFFFFFFFFFFF3C
:2024C000FFFFFFFFFFFFFFFFFFFFFFFFFFFFFFFFFFFFFFFFFFFFFFFFFFFFFFFFFFFFFFFF1C
:2024E000FFFFFFFFFFFFFFFFFFFFFFFFFFFFFFFFFFFFFFFFFFFFFFFFFFFFFFFFFFFFFFFFFC
:20250000FFFFFFFFFFFFFFFFFFFFFFFFFFFFFFFFFFFFFFFFFFFFFFFFFFFFFFFFFFFFFFFFDB
:20252000FFFFFFFFFFFFFFFFFFFFFFFFFFFFFFFFFFFFFFFFFFFFFFFFFFFFFFFFFFFFFFFFBB
:20254000FFFFFFFFFFFFFFFFFFFFFFFFFFFFFFFFFFFFFFFFFFFFFFFFFFFFFFFFFFFFFFFF9B
:20256000FFFFFFFFFFFFFFFFFFFFFFFFFFFFFFFFFFFFFFFFFFFFFFFFFFFFFFFFFFFFFFFF7B
:20258000FFFFFFFFFFFFFFFFFFFFFFFFFFFFFFFFFFFFFFFFFFFFFFFFFFFFFFFFFFFFFFFF5B
:2025A000FFFFFFFFFFFFFFFFFFFFFFFFFFFFFFFFFFFFFFFFFFFFFFFFFFFFFFFFFFFFFFFF3B
:2025C000FFFFFFFFFFFFFFFFFFFFFFFFFFFFFFFFFFFFFFFFFFFFFFFFFFFFFFFFFFFFFFFF1B
:2025E000FFFFFFFFFFFFFFFFFFFFFFFFFFFFFFFFFFFFFFFFFFFFFFFFFFFFFFFFFFFFFFFFFB
:20260000FFFFFFFFFFFFFFFFFFFFFFFFFFFFFFFFFFFFFFFFFFFFFFFFFFFFFFFFFFFFFFFFDA
:20262000FFFFFFFFFFFFFFFFFFFFFFFFFFFFFFFFFFFFFFFFFFFFFFFFFFFFFFFFFFFFFFFFBA
:20264000FFFFFFFFFFFFFFFFFFFFFFFFFFFFFFFFFFFFFFFFFFFFFFFFFFFFFFFFFFFFFFFF9A
:20266000FFFFFFFFFFFFFFFFFFFFFFFFFFFFFFFFFFFFFFFFFFFFFFFFFFFFFFFFFFFFFFFF7A
:20268000FFFFFFFFFFFFFFFFFFFFFFFFFFFFFFFFFFFFFFFFFFFFFFFFFFFFFFFFFFFFFFFF5A
:2026A000FFFFFFFFFFFFFFFFFFFFFFFFFFFFFFFFFFFFFFFFFFFFFFFFFFFFFFFFFFFFFFFF3A
:2026C000FFFFFFFFFFFFFFFFFFFFFFFFFFFFFFFFFFFFFFFFFFFFFFFFFFFFFFFFFFFFFFFF1A
:2026E000FFFFFFFFFFFFFFFFFFFFFFFFFFFFFFFFFFFFFFFFFFFFFFFFFFFFFFFFFFFFFFFFFA
:20270000FFFFFFFFFFFFFFFFFFFFFFFFFFFFFFFFFFFFFFFFFFFFFFFFFFFFFFFFFFFFFFFFD9
:20272000FFFFFFFFFFFFFFFFFFFFFFFFFFFFFFFFFFFFFFFFFFFFFFFFFFFFFFFFFFFFFFFFB9
:20274000FFFFFFFFFFFFFFFFFFFFFFFFFFFFFFFFFFFFFFFFFFFFFFFFFFFFFFFFFFFFFFFF99
:20276000FFFFFFFFFFFFFFFFFFFFFFFFFFFFFFFFFFFFFFFFFFFFFFFFFFFFFFFFFFFFFFFF79
:20278000FFFFFFFFFFFFFFFFFFFFFFFFFFFFFFFFFFFFFFFFFFFFFFFFFFFFFFFFFFFFFFFF59
:2027A000FFFFFFFFFFFFFFFFFFFFFFFFFFFFFFFFFFFFFFFFFFFFFFFFFFFFFFFFFFFFFFFF39
:2027C000FFFFFFFFFFFFFFFFFFFFFFFFFFFFFFFFFFFFFFFFFFFFFFFFFFFFFFFFFFFFFFFF19
:2027E000FFFFFFFFFFFFFFFFFFFFFFFFFFFFFFFFFFFFFFFFFFFFFFFFFFFFFFFFFFFFFFFFF9
:20280000FFFFFFFFFFFFFFFFFFFFFFFFFFFFFFFFFFFFFFFFFFFFFFFFFFFFFFFFFFFFFFFFD8
:20282000FFFFFFFFFFFFFFFFFFFFFFFFFFFFFFFFFFFFFFFFFFFFFFFFFFFFFFFFFFFFFFFFB8
:20284000FFFFFFFFFFFFFFFFFFFFFFFFFFFFFFFFFFFFFFFFFFFFFFFFFFFFFFFFFFFFFFFF98
:20286000FFFFFFFFFFFFFFFFFFFFFFFFFFFFFFFFFFFFFFFFFFFFFFFFFFFFFFFFFFFFFFFF78
:20288000FFFFFFFFFFFFFFFFFFFFFFFFFFFFFFFFFFFFFFFFFFFFFFFFFFFFFFFFFFFFFFFF58
:2028A000FFFFFFFFFFFFFFFFFFFFFFFFFFFFFFFFFFFFFFFFFFFFFFFFFFFFFFFFFFFFFFFF38
:2028C000FFFFFFFFFFFFFFFFFFFFFFFFFFFFFFFFFFFFFFFFFFFFFFFFFFFFFFFFFFFFFFFF18
:2028E000FFFFFFFFFFFFFFFFFFFFFFFFFFFFFFFFFFFFFFFFFFFFFFFFFFFFFFFFFFFFFFFFF8
:20290000FFFFFFFFFFFFFFFFFFFFFFFFFFFFFFFFFFFFFFFFFFFFFFFFFFFFFFFFFFFFFFFFD7
:20292000FFFFFFFFFFFFFFFFFFFFFFFFFFFFFFFFFFFFFFFFFFFFFFFFFFFFFFFFFFFFFFFFB7
:20294000FFFFFFFFFFFFFFFFFFFFFFFFFFFFFFFFFFFFFFFFFFFFFFFFFFFFFFFFFFFFFFFF97
:20296000FFFFFFFFFFFFFFFFFFFFFFFFFFFFFFFFFFFFFFFFFFFFFFFFFFFFFFFFFFFFFFFF77
:20298000FFFFFFFFFFFFFFFFFFFFFFFFFFFFFFFFFFFFFFFFFFFFFFFFFFFFFFFFFFFFFFFF57
:2029A000FFFFFFFFFFFFFFFFFFFFFFFFFFFFFFFFFFFFFFFFFFFFFFFFFFFFFFFFFFFFFFFF37
:2029C000FFFFFFFFFFFFFFFFFFFFFFFFFFFFFFFFFFFFFFFFFFFFFFFFFFFFFFFFFFFFFFFF17
:2029E000FFFFFFFFFFFFFFFFFFFFFFFFFFFFFFFFFFFFFFFFFFFFFFFFFFFFFFFFFFFFFFFFF7
:202A0000FFFFFFFFFFFFFFFFFFFFFFFFFFFFFFFFFFFFFFFFFFFFFFFFFFFFFFFFFFFFFFFFD6
:202A2000FFFFFFFFFFFFFFFFFFFFFFFFFFFFFFFFFFFFFFFFFFFFFFFFFFFFFFFFFFFFFFFFB6
:202A4000FFFFFFFFFFFFFFFFFFFFFFFFFFFFFFFFFFFFFFFFFFFFFFFFFFFFFFFFFFFFFFFF96
:202A6000FFFFFFFFFFFFFFFFFFFFFFFFFFFFFFFFFFFFFFFFFFFFFFFFFFFFFFFFFFFFFFFF76
:202A8000FFFFFFFFFFFFFFFFFFFFFFFFFFFFFFFFFFFFFFFFFFFFFFFFFFFFFFFFFFFFFFFF56
:202AA000FFFFFFFFFFFFFFFFFFFFFFFFFFFFFFFFFFFFFFFFFFFFFFFFFFFFFFFFFFFFFFFF36
:202AC000FFFFFFFFFFFFFFFFFFFFFFFFFFFFFFFFFFFFFFFFFFFFFFFFFFFFFFFFFFFFFFFF16
:202AE000FFFFFFFFFFFFFFFFFFFFFFFFFFFFFFFFFFFFFFFFFFFFFFFFFFFFFFFFFFFFFFFFF6
:202B0000FFFFFFFFFFFFFFFFFFFFFFFFFFFFFFFFFFFFFFFFFFFFFFFFFFFFFFFFFFFFFFFFD5
:202B2000FFFFFFFFFFFFFFFFFFFFFFFFFFFFFFFFFFFFFFFFFFFFFFFFFFFFFFFFFFFFFFFFB5
:202B4000FFFFFFFFFFFFFFFFFFFFFFFFFFFFFFFFFFFFFFFFFFFFFFFFFFFFFFFFFFFFFFFF95
:202B6000FFFFFFFFFFFFFFFFFFFFFFFFFFFFFFFFFFFFFFFFFFFFFFFFFFFFFFFFFFFFFFFF75
:202B8000FFFFFFFFFFFFFFFFFFFFFFFFFFFFFFFFFFFFFFFFFFFFFFFFFFFFFFFFFFFFFFFF55
:202BA000FFFFFFFFFFFFFFFFFFFFFFFFFFFFFFFFFFFFFFFFFFFFFFFFFFFFFFFFFFFFFFFF35
:202BC000FFFFFFFFFFFFFFFFFFFFFFFFFFFFFFFFFFFFFFFFFFFFFFFFFFFFFFFFFFFFFFFF15
:202BE000FFFFFFFFFFFFFFFFFFFFFFFFFFFFFFFFFFFFFFFFFFFFFFFFFFFFFFFFFFFFFFFFF5
:202C0000FFFFFFFFFFFFFFFFFFFFFFFFFFFFFFFFFFFFFFFFFFFFFFFFFFFFFFFFFFFFFFFFD4
:202C2000FFFFFFFFFFFFFFFFFFFFFFFFFFFFFFFFFFFFFFFFFFFFFFFFFFFFFFFFFFFFFFFFB4
:202C4000FFFFFFFFFFFFFFFFFFFFFFFFFFFFFFFFFFFFFFFFFFFFFFFFFFFFFFFFFFFFFFFF94
:202C6000FFFFFFFFFFFFFFFFFFFFFFFFFFFFFFFFFFFFFFFFFFFFFFFFFFFFFFFFFFFFFFFF74
:202C8000FFFFFFFFFFFFFFFFFFFFFFFFFFFFFFFFFFFFFFFFFFFFFFFFFFFFFFFFFFFFFFFF54
:202CA000FFFFFFFFFFFFFFFFFFFFFFFFFFFFFFFFFFFFFFFFFFFFFFFFFFFFFFFFFFFFFFFF34
:202CC000FFFFFFFFFFFFFFFFFFFFFFFFFFFFFFFFFFFFFFFFFFFFFFFFFFFFFFFFFFFFFFFF14
:202CE000FFFFFFFFFFFFFFFFFFFFFFFFFFFFFFFFFFFFFFFFFFFFFFFFFFFFFFFFFFFFFFFFF4
:202D0000FFFFFFFFFFFFFFFFFFFFFFFFFFFFFFFFFFFFFFFFFFFFFFFFFFFFFFFFFFFFFFFFD3
:202D2000FFFFFFFFFFFFFFFFFFFFFFFFFFFFFFFFFFFFFFFFFFFFFFFFFFFFFFFFFFFFFFFFB3
:202D4000FFFFFFFFFFFFFFFFFFFFFFFFFFFFFFFFFFFFFFFFFFFFFFFFFFFFFFFFFFFFFFFF93
:202D6000FFFFFFFFFFFFFFFFFFFFFFFFFFFFFFFFFFFFFFFFFFFFFFFFFFFFFFFFFFFFFFFF73
:202D8000FFFFFFFFFFFFFFFFFFFFFFFFFFFFFFFFFFFFFFFFFFFFFFFFFFFFFFFFFFFFFFFF53
:202DA000FFFFFFFFFFFFFFFFFFFFFFFFFFFFFFFFFFFFFFFFFFFFFFFFFFFFFFFFFFFFFFFF33
:202DC000FFFFFFFFFFFFFFFFFFFFFFFFFFFFFFFFFFFFFFFFFFFFFFFFFFFFFFFFFFFFFFFF13
:202DE000FFFFFFFFFFFFFFFFFFFFFFFFFFFFFFFFFFFFFFFFFFFFFFFFFFFFFFFFFFFFFFFFF3
:202E0000FFFFFFFFFFFFFFFFFFFFFFFFFFFFFFFFFFFFFFFFFFFFFFFFFFFFFFFFFFFFFFFFD2
:202E2000FFFFFFFFFFFFFFFFFFFFFFFFFFFFFFFFFFFFFFFFFFFFFFFFFFFFFFFFFFFFFFFFB2
:202E4000FFFFFFFFFFFFFFFFFFFFFFFFFFFFFFFFFFFFFFFFFFFFFFFFFFFFFFFFFFFFFFFF92
:202E6000FFFFFFFFFFFFFFFFFFFFFFFFFFFFFFFFFFFFFFFFFFFFFFFFFFFFFFFFFFFFFFFF72
:202E8000FFFFFFFFFFFFFFFFFFFFFFFFFFFFFFFFFFFFFFFFFFFFFFFFFFFFFFFFFFFFFFFF52
:202EA000FFFFFFFFFFFFFFFFFFFFFFFFFFFFFFFFFFFFFFFFFFFFFFFFFFFFFFFFFFFFFFFF32
:202EC000FFFFFFFFFFFFFFFFFFFFFFFFFFFFFFFFFFFFFFFFFFFFFFFFFFFFFFFFFFFFFFFF12
:202EE000FFFFFFFFFFFFFFFFFFFFFFFFFFFFFFFFFFFFFFFFFFFFFFFFFFFFFFFFFFFFFFFFF2
:202F0000FFFFFFFFFFFFFFFFFFFFFFFFFFFFFFFFFFFFFFFFFFFFFFFFFFFFFFFFFFFFFFFFD1
:202F2000FFFFFFFFFFFFFFFFFFFFFFFFFFFFFFFFFFFFFFFFFFFFFFFFFFFFFFFFFFFFFFFFB1
:202F4000FFFFFFFFFFFFFFFFFFFFFFFFFFFFFFFFFFFFFFFFFFFFFFFFFFFFFFFFFFFFFFFF91
:202F6000FFFFFFFFFFFFFFFFFFFFFFFFFFFFFFFFFFFFFFFFFFFFFFFFFFFFFFFFFFFFFFFF71
:202F8000FFFFFFFFFFFFFFFFFFFFFFFFFFFFFFFFFFFFFFFFFFFFFFFFFFFFFFFFFFFFFFFF51
:202FA000FFFFFFFFFFFFFFFFFFFFFFFFFFFFFFFFFFFFFFFFFFFFFFFFFFFFFFFFFFFFFFFF31
:202FC000FFFFFFFFFFFFFFFFFFFFFFFFFFFFFFFFFFFFFFFFFFFFFFFFFFFFFFFFFFFFFFFF11
:202FE000FFFFFFFFFFFFFFFFFFFFFFFFFFFFFFFFFFFFFFFFFFFFFFFFFFFFFFFFFFFFFFFFF1
:203000003046022100E1C1C19482D85CD6FC943B0EFD4E4BC2E96FDD2D09CD0D28EE364D85
:203020009CB6964AF9022100DDF3CA38E17D75275EB108B899F1A4A9C059A20AA285803F25
:203040005481A53B1FA87F214800000000000000000000000000000000000000000000000C
:20306000000000000000000000000000000000000000000000000000000000000000000050
:20308000000000000000000000000000000000000000000000000000000000000000000030
:2030A000000000000000000000000000000000000000000000000000000000000000000010
:2030C0000000000000000000000000000000000000000000000000000000000000000000F0
:2030E0000000000000000000000000000000000000000000000000000000000000000000D0
:203100000000000000000000000000000000000000000000000000000000000000000000AF
:2031200000000000000000000000000000000000000000000000000000000000000000008F
:2031400000000000000000000000000000000000000000000000000000000000000000006F
:2031600000000000000000000000000000000000000000000000000000000000000000004F
:20318000CDC5B7CBDF6BAA46CA3AD098C9BD62ED93B0DC8BA122AEF951C611CECD3412CDB6
:2031A000E4B90F000401A63720270000D7F92288C71BEE11B24BC32A0C01A15700F41300E9
:2031C00060480104C01300000030010400000000A5125A5A000000000000000000000000CF
:2031E0000000000000F41300000000000000000000000000000000000000000000000000C8
:20320000000000003749CF496D61737465722323044714230C8E79A856B231E36494D4041B
:203220003997DCF4D856EE5BD8FF0511DF0EA19F79301635E564C96854260D34CE5E50FEBA
:203240009654C8A92FD92F655B86081DEE1205F36B0000000000000000000000000000000E
:2032600000000000000000000000000000000000000000000000000000000000000000004E
:2032800000000000000000000000000000000000000000000000000000000000000000002E
:2032A00000000000000000000000000000000000000000000000000000000000000000000E
:2032C0000000000000000000000000000000000000000000000000000000000000000000EE
:2032E0000000000000000000000000000000000000000000000000000000000000000000CE
:203300000000000000000000000000000000000000000000000000000000000000000000AD
:2033200000000000000000000000000000000000000000000000000000000000000000008D
:2033400000000000000000000000000000000000000000000000000000000000000000006D
:2033600000000000000000000000000000000000000000000000000000000000000000004D
:2033800000000000000000000000000000000000000000000000000000000000000000002D
:2033A00000000000000000000000000000000000000000000000000000000000000000000D
:2033C0000000000000000000000000000000000000000000000000000000000000000000ED
:2033E0000000000000000000000000000000000000000000000000000000000000000000CD
:203400000000000000000000000000000000000000000000000000000000000000000000AC
:2034200000000000000000000000000000000000000000000000000000000000000000008C
:2034400000000000000000000000000000000000000000000000000000000000000000006C
:2034600000000000000000000000000000000000000000000000000000000000000000004C
:2034800000000000000000000000000000000000000000000000000000000000000000002C
:2034A00000000000000000000000000000000000000000000000000000000000000000000C
:2034C0000000000000000000000000000000000000000000000000000000000000000000EC
:2034E0000000000000000000000000000000000000000000000000000000000000000000CC
:20350000D7F92288C71BEE11B24BC32A0C01A1570000000001F4130080B501F0A7F802484A
:203520000021C170417080BD00341400B0B5044601F0A1F815484FF42272D0E9CA1004FB04
:203540000205582295F83D0000FB02108078C00713D1B5F85600002818BF043082B2B5F859
:203560005800002818BF043083B295F8511095F8500001F085F8C5F8F80005490120A0404E
:203580004A7822EA00004870B0BD00BF48E51300003414004068884204D0087B07281CBF1E
:2035A0000120704700207047014AC0E90021704795350104BCB51C300C4606496B4604228C
:2035C000019005480091A18805686088A8472080BCBD00BF9535010440C91300B0B590F85F
:2035E000E330DB0709D1C4780C4D8378C4F3C1042C4494F81D429C420BD1012202FA01F1CA
:2036000090F8E52001F00F01114380F8E5100020B0BDBDE8B04001F038B800BF48E5130059
:2036200010B5044601F027F803482044017A01F0FE01017210BD00BF00341400064807496C
:203640000160074807490160074808490160084808490160704700BF24C61300DD3501047C
:2036600040C513006DFF13007CCE13002D35010490CD1300B5350104044800210170044866
:203680008160044806210170704700BF51CA1300003414004ECA13007FB505468078EC7873
:2036A000012825D101A9204600F0F4FF012821D1019890F8C810C9071ED190F8A8100339A9
:2036C000012919D8022180F8A9101549007809688847144800688047134EF17809B1012134
:2036E000317112490968884730790026A8B904E0122602E0422600E00C2628880DF10B0527
:20370000294600F0CCFF0A48294605228DF80F408DF80E6003680E209847304604B070BD01
:20372000E0CE130018A713000034140020A71300F4C61300012101FA00F00349CA7822EA60
:203740000000C870704700BF0034140010B5044600F0AAFF03490120A040CA7822EA000030
:20376000C87010BD0034140010B5044600F0A1FF03490120A040CA7822EA0000C87010BDBD
:203780000034140005480649016006480649C0F8B011064806490160704700BF74CE130005
:2037A0004D370104A0CA13009936010470CE13006937010401480021C1807047003414008F
:2037C000704700BF80B500F079FF0348017841F04001017080BD00BF18DA13001CB5044613
:2037E000407BC0280ED3D4E90201D4E90023CDE9000141F2E650042100F065FF0248206042
:203800000248A0801CBD00BFADDEADDEADDEFFFF1CB50446407BC0280FD3D4E90201D4E9EA
:203820000023CDE9000141F2E650042100F04BFF024803492060A18020611CBDADDEADDE3F
:20384000ADDEFFFF2DE9F04FAFB09648046800F03FFFDFF854828246002088F8070098F807
:20386000021098F80300884200F287806FF001000694BAF1030F4FF0000B08BF4FF0FF30AA
:2038800098F80460059098F806005FFA86F981456FD8BAF1020F2FD3AAF10300022843D289
:2038A000804804685FFA8BF000EB400704EBC7052846FFF7ADFF059A7C4BA979688A324413
:2038C0001B6801F03F01D2B223F8220003EB820001F140034B2A8370AB888171838034F812
:2038E0003730817203816B88817383813BD02A8A80318174028236E0069F44465FFA8BF8F5
:2039000007EB08152846FFF769FF68494FEA0810A046385A096821F8290001EB8900A97908
:2039200001F03F0181701EE0BAF1020F1BD106995FFA8BF001EB00152846FFF74FFF5B4AF4
:20394000A979A888B9F14E0F126801F03F0122F8290002EB8900817005D02A88817182803E
:203960006A888172028198F805000BF1010B064489E798F8021098F8030088423CD14C48E8
:2039800004684C4800688047A0474FEA001E47484A4E002502684848006807AF00F1100C49
:2039A0004F2D2DD032F92530B34202D13CF815101EE0B3F5806FA8BF03F5C05302EB850470
:2039C00003EB0E01A37803F03F0301EB4311CB0027F81530A17889090CD001390144BAF17A
:2039E000030F0CBF91F9B61091F9B81003EBC11127F815100135D3E7013088F8030019E0A7
:203A00004FF44041ADF8BA102D490A6807A99047012088F8030098F80100013088F801001D
:203A20002848007A800605D507A8072142F2C77200F053FE98F80000032808D001282DD1FD
:203A4000234881882348006800F04CFE26E01A480068817B90F8B000814204D21B4801687C
:203A6000002088471AE00220104D6FF03302012388F800001448CDE9002200220468286854
:203A800000F5A37100F59E70CDE9020101200121A047286800F5A37000F029FE01202FB088
:203AA000BDE8F08F18DC130044D6130020D6130078A413008CA61300F8EB1300ADDEFFFFB2
:203AC00074D3130018DA13001CCA13002CC713006CDA130028D61300F8B50E496F2000F09B
:203AE0000BFE01208DF80C00002002905F208DF804000948016801A88847084800688047A0
:203B000007490A6842F080520A600649096888478FBD00BFC1BC010008A2130018A71300CE
:203B20007C81054020A7130080B500F0EAFDBDE88040FFF7D1BF00BFF0B5114A00234FF051
:203B4000060C127F0B814B600B60002A18BF0122DDB2252D28BFF0BDEF0803F007040CEA9C
:203B60004306C75D27FA04F4E407144608BF0324AD080133B4404E5D34434C55E8E700BF5E
:203B80009CEB130070B588B0044607A9292000F0BDFDFF282AD0174800EB8400D0F83C62EC
:203BA00004AD294606F2A520FFF7C6FF079829460A22013000F0AFFDD6F8A50296F8A912A8
:203BC000C6F8A00286F8A41296F8A12296F8A23296F8A352039106218DE82C00C3B240F614
:203BE0005D60224600F06FFD079800E0002008B070BD00BF48E51300B0B50446C078400793
:203C00001FD4A5782846FFF7BDFFD0B1294600F087FDD4F8C0001B2140F08060C4F8C000BC
:203C20000948026828469047204629210122012500F07BFD94F8E80000F0EF0084F8E8006C
:203C400000E000252846B0BD84D0130070B50D46144901EB8000D0F83C42D4E9300141EA7D
:203C60000006700117D404F528702946052200F061FD80B1287984F8A9022868C4F8A50281
:203C800094F89C02C00706D036B194F8E80040F0100084F8E80070BD2046BDE87040FFF780
:203CA000ABBF00BF48E5130070B586B0114A0F490446002001238DF814000490CDE9020317
:203CC0000D480E680A491268CDE90023096804AD00F1120200232846B04720462946FFF7F9
:203CE000B5FF284600F003FD06B070BD68D1130030D6130034D6130048E513007FB50B9D31
:203D000003950A9C0294099E0196089E009600F016FD0B480B490522006800F29B1000F08F
:203D200009FD00B17FBD08480A2201790068297104492860204604B0BDE8704000F0EBBCBD
:203D400020D6130024E807001FE8070070B5164E144606EB8202D2F83C52224600F0F4FC41
:203D600095F8FA01F8B1E878C0F3C100304490F81D02A04217D196F81B0340F0800086F87F
:203D80001B03002000F0E5FC287C012240F008002874064800EB8400A0F120012046BDE8FF
:203DA000704000F0DBBC70BD48E5130010341400B0B5094C94F84401C0070BD00020002595
:203DC00000F0D1FC0548C571D4F8440120F00100C4F84401B0BD00BFD8D1130044D613006B
:203DE000F8B51C4615460E460746FFF7E1FF384631462A46234601B0BDE8F04000F0B8BC2A
:203E0000F8B51C4615460E460746FFF7D1FF069831462A4623460090384600F0AEFCF8BD86
:203E2000F8B5224800688047214800688047044600F04EFC214D1FA1095CEA786B79013A0C
:203E40005143621E03FB021629713246F61AD7B24E2FFAD80328AA7103D0042806D1022000
:203E600000E0012002440844AA71287104EB4400134A0021C000884207D013680B441831D6
:203E80005C7B44F0C0045C73F5E7FA2328796979AA790093002300F075FC002000F063FC5F
:203EA0000120012400F05FFCEC71F8BD60D1130088A61300010103050500000044D613009E
:203EC00018DC13002DE9F04385B0DFF870900546B0F80370B0F80740884604210022B9F86B
:203EE0006D0100F054FCA042264606D2B9F86D010421002200F04BFC0646B9F86D010421C1
:203F0000002200F044FCB842384605D2B9F86D010421002200F03BFC010AE870A5F807600C
:203F20000522434629710390054840F214518DE8D00000F031FC05B0BDE8F083D8D11300D5
:203F40000200612670B50D46114614460646FFF7B9FF304629462246BDE8704000F021BC46
:203F600070B50D46114614460646FFF7ABFF304629462246BDE8704000F018BC2DE9F0417F
:203F8000DFF89C80274F044698F8070007F10805410744BF00F0FB0088F807002D6855B17A
:203FA000287A0928FAD1284600F005FC022C02D1284600F005FC3E695EB135463668287A33
:203FC0000A28F9D1284600F0F6FB284600F0FDFBF2E77868A0B1007A000711D51248012C48
:203FE000C18841F48061C1800DD0022C05D198F8070040F0040088F807000D48006880476A
:20400000022C03D105E009480068804706480021017100F0DFFBBDE8F04100F0E0BB00BF6E
:2040200004E3130064D7130044D7130090C4130084CE1300B0B5134C0123A17B01F0400207
:2040400083EA921242400ED170B1E58945F0400060F307055220A9B200F0C6FBBFF34F8F7D
:20406000BFF36F8FE581B0BD01F0BF00A0735220BFF34F8FBFF36F8FE189BDE8B04000F059
:20408000B3BB00BF48E513002DE9F041DFF8D48000200024D8F8E86200F0ABFB45F2555170
:2040A0004FF05533552701EA500103EA5603411A4FF03330F31A00EA910221F0CC3100EABC
:2040C000930623F0CC333344114498F8476303EB131301EB111121F0F0324FF0013123F056
:2040E000F0334B434A431B0E03EB126298F8273307EA53055B1B00EA930523F0CC332B444B
:2041000003EB131323F0F0334B4302EB136207EA5603F31A00EA930023F0CC33184400EB38
:20412000101020F0F0304843B8F8381002EB106001F0010108440C49098801F001010844EB
:20414000B8F87C1001F00101084408490979002918BF01300228B8BF01242046BDE8F041DE
:20416000FFF768BF48E513002CD7130004E3130010B50446008940F25241884208BFFFF7EE
:2041800083FF2046BDE8104000F038BB04480549016005480549C1630549416200207047DD
:2041A00090D113001D45010474D41300C50414007141010410B52B482B492E4C01602B483B
:2041C0002B4901602C48206000F02CFA2B482C4901602C482C4901602C482D4901602D48AD
:2041E0002D4901602D482E4901602E482E49C0F8B0112E482E4901602E482F4901602F4821
:204200002F4901602F48304901603048304901603048314901603148314901603148324987
:20422000016032483249016032483349016033483349016033483449016034483449016065
:2042400034483549016035483549016035483649C4E914103548364901603648364901601F
:2042600010BD00BF58CF13007D3F01040CCD1300C905140098D013004D3D010440C51300C7
:204280006DFF1300C0CF13001935010424C61300DD3501047CCE13002D35010490CD130062
:2042A000B5350104A0CA13009936010474CE13004D37010470CE13006937010428C71300E8
:2042C0003501140024C71300C537010474D1130039011400E4CE1300950114005CEE130023
:2042E000453801048CC61300293B010410C713003D02140000CD1300BD04140098CC130005
:20430000013E010494CC1300E13D010454CD1300A93C01042CC71300213E01041CCA130042
:20432000FD3C0104613F0104453F010488D613008D410104A4CC1300D9051400704700BFE2
:2043400006480021074A06230170054813708160C180054808210170704700BF51CA130086
:20436000003414004ECA1300FDC91300704700BF10B5174CB4F8A200410505D4B4F83C11ED
:2043800001F44041A4F83C11C10507D4D4F8381120F4807021F06051C4F83811802100F0AC
:2043A0007F0210F4106F08BF01EA501120F0FF0011440844A4F8A20006480068804700B1CA
:2043C00010BDD4F8440120F00100C4F8440110BDD8D1130090A41300704700BF70B5214918
:2043E0008288807909780028044618BF012401F12103934234D87549B1F83C11C1F3C301A8
:20440000194491422CD9184DD5F82C1341B3D21A95F82733D2B2D340DB0721D0134B012640
:204420009D182B7A002818BF012026EA0303584014D14FF4227002FB00160D480068804703
:2044400096F8B01101F0DF0186F8B011297A01F0FE0121442972074909688847002070BD8D
:20446000022070BD15DC130048E513000034140018A7130020A7130070B505884FF69846E0
:20448000049CB5420AD1C17829B90279064B40791A70064A10700120216070BD0494BDE8A4
:2044A000704000F0B0B900BFA9D6130051C41300B0B50C460D78B0F803104FF69843994288
:2044C00004D1284401358270012005E0214600F09FF9002818BF01202570B0BD10B5B0F8EF
:2044E00003304FF60D44A3420CD1084B0A78B3F848401044C4805B6CC0F80230901D0870BB
:20450000012010BDBDE8104000F087B9D8D11300032818BF00F086B900207047802818BF45
:2045200000F085B9084611461A46FFF7F1BF00BF10B5044600F080F9044801682046884781
:2045400003480068BDE81040004700BF90A61300A0D1130070B58278C578012A07D0022A56
:2045600002D10479052C16D31220087070BD174CD4F84401C10706D12DB194F85401FFF732
:20458000D7FFD4F8440120F00100002D18BF0130C4F8440170BD6DB10C4E96F84401C007AE
:2045A00003D096F85401A04204D02046FFF7C0FF86F854410548002DD0F8441121F00101B7
:2045C00018BF0131C0F8441170BD00BFD8D11300B0B504884FF6B555AC4204D11946FFF7C5
:2045E000B9FF0120B0BD049C0494BDE8B04000F028B910B583785BB1C3781C0201340C6011
:20460000A3F10904022C05D2BDE8104000F01EB9122010BD1B2BBDE8104018BF00F01BB963
:20462000FFF7DCBE07480849016008480849016008480949016009480949016009480A493C
:20464000016070475CC71300D145010404C81300F34501047CC71300DD44010458C7130027
:204660007944010478C71300B14401044AF6CD1CC0F2050C604745F69D5CC0F2050C6047FB
:204680004BF2156CC0F2050C60474CF26D6CC0F2060C604742F6BD4CC0F2060C604749F685
:2046A000317CC0F2030C604747F20D5CC0F2050C604747F6152CC0F2050C604745F2A51CF9
:2046C000C0F2070C604743F6795CC0F2020C604746F2595CC0F2020C604746F28D1CC0F212
:2046E000070C604749F6A16CC0F2070C604743F2DD6CC0F2040C60474FF2251CC0F2010C20
:2047000060474FF2114CC0F2060C60474AF2393CC0F2060C60474DF6A30CC0F2010C604775
:2047200048F6AD4CC0F2060C604749F2517CC0F2060C60474DF2C57CC0F2010C604746F642
:20474000B12CC0F2070C60474AF2395CC0F2060C60474FF68D5CC0F2130C60474FF6954C08
:20476000C0F2130C604740F22D4CC0F2070C60474CF2255CC0F2030C60474CF2C96CC0F25E
:20478000030C604740F2C53CC0F2070C604748F6110CC0F2050C604743F6B13CC0F2020C19
:2047A00060474BF2414CC0F2060C60474BF2B94CC0F2060C60474DF2117CC0F2040C60473B
:2047C0004EF2352CC0F2040C60474DF22D7CC0F2040C60474DF6957CC0F2040C60474DF67E
:2047E000F90CC0F2040C604741F28D1CC0F2050C604740F2C94CC0F2050C604742F6E91C17
:20480000C0F2070C60474DF2F10CC0F2070C60474DF2913CC0F2070C60474EF2617CC0F23D
:20482000070C60474DF2995CC0F2070C60474DF2ED7CC0F2070C604740F6D91CC0F2070C1A
:2048400060474EF2A96CC0F2070C60474DF22D0CC0F2070C60474CF6315CC0F2070C6047D1
:2048600080B50C480CA102684FF018509047F84840F2E9310022E4F6CBFB0D480D490E4AC9
:20488000DEF63EFC0D480E49DEF6AAFA00F08CFD012080BDF4A41300737461636B5F70611E
:2048A0007463685F656E747279203E3E3E00000000341400205C010400000000003414003D
:2048C0002000000080B504F7B5FE0448012101700348017A41F00801017280BDA8D61300B5
:2048E00004E3130010B5134CA17941F00C008907A0710BD531F742FB0F4940084968C968DB
:2049000038F733FC38F738FC78B9A079C0070CD1E06908B90EF7F8FC0848094900220368B6
:204920006A20BDE810403AF7F3BBBDE810400EF7EBBC00BF04E3130064D7130054D4130036
:20494000B5DF04001C2910D20120884010F4702F1DD010484FF42272D0F82C0301FB0200FB
:2049600042F64301411A0C480AE00A481C394FF43172D0F8540301FB0200C11D064802301A
:204980000978012202FA01F10278114301700020704700BF48E51300003414002DE9FE4FC5
:2049A0008246F7F6D3F8204D4FF00108002408FA0AF0297821EA0000582128701B48D0F8BA
:2049C00028030AFB01001C4900F1070918488B46B0F83C01E6B2C0F3C301B14298BFBDE82C
:2049E000FE8F6A7808FA06F199F8007001EA02033B4216D022EA010068700E4801683046E1
:204A0000884799F80010687804225346CDE900600291584640F20C71E4F6FAFA0448B0F8CF
:204A20003C010134D6E700BF0034140048E51300D8D1130088CE1300020061262DE9FC47F9
:204A40003A4C80464FF42271D4F82C0308FB0109012199F8600004EB8000D0F83C623448C8
:204A6000026840469047FF280FD00546404629461BF73CF948B905EB450006EB800090F8B3
:204A8000341201F0F70180F83412D4F8281319F83D0F5822DFF89CA0002440F26E2600FB53
:204AA0000210C51DBAF83C012B78E7B2C0F3C301B9420ED923FA07F1C90708D006EB470089
:204AC00011F76AFD10F0060F0BD0BAF83C010134EAE7194840F20D7102220097E4F698FA4A
:204AE0001BE0780000F25E2011F756FD134A99F80010127822FA01F1C9070ED14FF0FF31C4
:204B000001EB503080B2012807D80D48016808F11000C0B2BDE8FC4708470849012000FA13
:204B200008F04A7810434870BDE8FC8748E51300F4C41300D8D113000200612600341400F0
:204B4000D8C4130000F0FC01102918BF28F77EBE0B494FF422720D4BD1F82C1300FB0210B6
:204B60000849094A41588258C05C013800FB021040F2712100F5ED70B0FBF1F00130704732
:204B800048E5130078D8FFFF7CD8FFFFD4D7FFFF04480549016005480549016005480649F9
:204BA0000160704788CE1300DDF513007CCF13003DF5130060CA1300E5F61300F0B585B0E7
:204BC000204D0446012000FA04F7A878B843A8701D48D0F850632046F7F628FAE8780742D7
:204BE0002ED0F9430840E8701848016820468847C4EB0410E9782A79234606EB001616F898
:204C0000CA0FCDE9001240F20B71042202901048E4F6FEF9287998B10DF10F0442F26C00C9
:204C20002146FAF6B5FB30780027214605228DF812708DF81300074803680E2098472F710A
:204C400005B0F0BD0034140048E51300E0CE130002006126F4C6130010B513490446C0EB3D
:204C60000010D1F8501301EB0010D0F8EC00D0B180784FF4627101EB400011F78DFC0B4AA7
:204C80000121A140937819420AD14FF0FF3303EB5030012804D82046BDE8104018F778BA50
:204CA000D0780843D07010BD48E5130000341400034804490160044804490160704700BF63
:204CC000E0CE1300F9F71300C0C513005DF71300704700BFB0B50C46411E0120052911D84D
:204CE000DFE801F0030C111010161449A0B2D1F800C011461A46BDE8B040604720463AF7E4
:204D0000B1FF0020B0BD0C48016820468847B0BD074802210170002030F7B8FD0548016862
:204D200001208847E0B2BDE8B0403AF79DBE00BF44D6130060A7130090C713008CC71300FA
:204D400070B505460E480C4600688047064631F73CF940F27121081A0221EFF681FC094AA5
:204D60006119C0B2891B926B114408441421B0FBF1F101EB8101A0EB8100400870BD00BF95
:204D80005CA8130060C9130070B5154606463BF7A5FC296804463046FFF7D2FF09300A21A5
:204DA0000522B0FBF1F101EB8101A0EB4100C1B2B1FBF2F505EB8501461A6C2031F788F8F5
:204DC000014600F00C0040EAC51040EA061060F307016C2031F798F8204670BDB0B58AB080
:204DE0006C2031F775F804461848007880071CD503AD0121284635F7CDFD2846002104220D
:204E000035F7CDFD1248026807A928469047E0B2BDF82430079AC0F30211C009CDE9000161
:204E200043F2E5200421E4F6D7F90A4804F0F0048068804760F382046C20A11C31F764F8DA
:204E4000EDF64AF8044908620AB0B0BD88DA130010CD1300CCA4130060C91300F0B587B04F
:204E60000C462849054600EB400001EB8007264997F8BC0001EB8401D1F83C6200F00F00F5
:204E800096F8BC1296F8BD2201F0F001014486F8BC1297F8BC1001F0F001084486F8BC0211
:204EA00002F0E00097F8BD1001F01F01084486F8BD02B7F8BE00A6F8BE02284631F73AFE91
:204EC0001249A6F8B002497A490618D5D7E92D1296F8BC3296F8BD72B6F8BEC209681268D7
:204EE0001E0903F00F0307F01F07069044F236508DE8CE1009212A462346E4F66DF907B0CA
:204F0000F0BD00BF94D7130048E5130018DA130010B534F719FE05480468DCF639FA01217B
:204F200000222346BDE81040184700BF38A2130080B53BF761FB01280FD140F2562011F76A
:204F40002BFB00F03F013F2906D1B0F5604F03D3C00444BF012080BD022080BD2DE9F04FB9
:204F600085B0334F82469046894638788DF8120078788DF8110000F0F80004308DF811008E
:204F80009DF8120038709DF8110078707888ADF80E0040F00100ADF80E002648BDF80EB0BC
:204FA000A7F802B00068804797F834108DF80C1097F835108DF80B1001F0F80103318DF8E6
:204FC0000B109DF80C1087F834109DF80B1087F835101949FC89ADF808403E8AADF8066027
:204FE0003D8EADF80450096888476FF31F366FF35F25B8F1000F44EA0640A9F80050CAF831
:2050000000000AD04008CAF8000004F00100404200F49C702844A9F800002BF00100ADF867
:205020000E00BDF80E00788005B0BDE8F08F00BF0002054018A7130020A713000278042A74
:2050400002D14278FF2A01D035F704BD827801F1080308461946FFF781BF00BFFEB5064644
:2050600011480D4614460168304688470746C0F311100DF106012A4623460290B80DADF881
:20508000060002A815F7AEF90848029900EA011007F00F010844BDF8061040EA8151044861
:2050A000026830469047FEBDE0C41300F0FF3F00E4C413004001FFF7D1BF00BFF8B50D4658
:2050C0000B491446002701EB8000D0F83C0290F8FA61042F08BFF8BD26FA07F0C00704D045
:2050E000F8B229462246FFF7E5FF0137F1E700BF48E513002DE9F04F89B007460838DFF854
:20510000E8904FF0000BCDE90512C4B240F2023000EB440542F2117083452FD02F48006897
:2051200080478246384614F7CFFF012819D12D480DF11E01026808A89047D9F800102046AC
:2051400088470646284611F727FAD9F80010804620468847B042F4D12148016850468847D3
:2051600009E01F48016850468847069828B342F21070834521D00BF1010BCBE7089831465A
:2051800012224008089035F78FFB40F27121BDF81E20059B4843C8F51C7189B2401A104430
:2051A0001860CDE90210089B0B48CDE900264FF4E1610522E3F62CFF05E0074840F20A714C
:2051C0000022E3F625FF42F2107100208B4588BF012009B0BDE8F08F0200612618A713006B
:2051E00020A713001CCD1300CCC41300B0B504460D4800688047054640F2EA2011F7CCF9AF
:20520000C0F30521C0B2094A002C08BF114340EA012081B240F2EA2011F7E8F90448016851
:205220002846BDE8B040084718A71300C0FFFF0020A7130010B50E2818D1B1F8013042F2C0
:205240001E041C1B022C0BD342F23404A34207D042F27B04A34203D042F25004A34205D113
:20526000044B5B7C012B04BF002010BDBDE8104032F70CBFDCEB130010B51C481C491F4C70
:2052800001601C481C4901601D48206000F074F81C481D4901601D481E4920601C48016006
:2052A0001D481E4901601E481E4901601E481F4901601F481F4901601F482049016020489B
:2052C00020490160204821490160214821490160214822490160224822490160224823495C
:2052E000016023482349016010BD00BFFCD51300D5FF130050CF130085F413007CCF1300A2
:205300008500140088CE1300DDF513003DF5130060CA1300E5F61300C0C513005DF7130037
:20532000E0CE1300F9F71300E8D51300E5F41300BCC7130029F91300DCC713007DF91300E3
:205340008CD1130075F8130018C4130065F413007CC61300FDF9130014C71300B1FA1300F8
:20536000B8C71300D1FA130010CD1300DDFB1300F4C61300D5FD13007047000080B50548F7
:205380000549064ADDF6BCFE05480649DDF628FD80BD00BF00341400205C01040000000089
:2053A000003414002000000080B500F00DFC00F010FC00F013FC00F07BFBFFF75DFF00F0B4
:2053C00012FCBDE8804000F013BC00002DE9F047824615480D4690464FF42272D0E9CA1096
:2053E00005FB0206582216F85C9F16F81F0C00FB02140E4800688047074694F83800012819
:2054000003D1307808B1012030705046294642461CF7C2F9044686F80090054801683846AF
:2054200088472046BDE8F08748E5130018A7130020A713002DE9FC4104460120A04010F48D
:20544000E06F45D0244F07EB8400D0F83C62307C00073DD5707C40073AD5F078C0F3C100B6
:20546000384490F81D020B2832D101A920460022FFF740FE60B31948019900EB840050F8A8
:20548000200C401AB0F1FF3F15DC404240F27121B0FBF1F25143C2F100080D1A204641467F
:2054A0002AB2FFF70BFE0E4840F20971022243460095E3F6ADFD0120FFF798FE97F81B03F0
:2054C00000F07F0087F81B03307C00F0F70030740020BDE8FC8100BF48E5130010341400F0
:2054E000020061262DE9F84FDFF894800446D8F82853F6F62BFB5820DFF888A0DFF890B0A6
:20550000602704FB0050002400F10209C61D9AF80000C1B28C4228BFBDE8F88F3178E14002
:20552000C90728D099F80000C0071BD1D8F82C03C55D08EB8500D0F83C02007C000711D557
:205540001149600140F00E00096880B28847400108D40E48002200EB8500A0F120012846BB
:20556000FFF7C8FDDBF800307C202146002239F7CFFD9AF8000007F522770134C9E700BF81
:2055800048E5130020C51300E0C413001034140054D4130034F7CCBEB0B5094C206850B989
:2055A00008480AA24FF4C26305680748007841000020A8472060BDE8B04035F7D3BB00BF75
:2055C0001C341400C0D1130014DC130070617463685F6C6D705F696E697469616C697A6577
:2055E0005F686F73745F636F6E74726F6C6C657200000000F0B585B00A9F1D460C4600971C
:2056000010F7A2FE06462044B0F5806F18D9062D01D0052D07D1384610F8041F8A0744BF63
:2056200001F0FD0101704FF4806040F2155105222346CDE90257CDE900600348E3F6E8FC92
:20564000304605B0F0BD00BF020061262DE9F04105469818069E1C46884208D20E49A81926
:20566000114422461031BDE8F041DDF64ABB0A4B891AA8198FB203F1100808EB02033A4600
:205680001946DDF63EFBB819E21B41462844BDE8F041DDF636BB00BF34DC13002DE9F04F0D
:2056A00085B0914905204FF0000B4FF0000A4FF000090026ADF812000D89002D00F0FC80CF
:2056C0008F89C819047C8948407A80070ED58848022100F075FA844922462B468989CDE99C
:2056E000000143F2BC600421E3F676FD8048012100F066FA0746601EC84609F101090528A3
:2057000000F2C780691E0391DFE800F059039AC30303DFF8DCB138460221DBF800209047F0
:20572000DBF8002005463846032190476E49DBF8002001F11006012116F805A0355C38461C
:205740009047305CF15D60F30B216A480078814288BF0624213081424FF0050028BF044632
:205760004AEA0520052C83466FF39F3B18BF83460BF1040A03981FFA8AF39842C0F0838032
:205780005D48022C0CD1584D90F8550195F813144A1C101A38BF104685F81304594841E0EF
:2057A000052C33D1504D90F8620195F815144A1C101A38BF104685F81504514832E04C48C4
:2057C000022100F0FDF9484B184490F810B003980BF1030A504564D3474893F8121490F851
:2057E00061014A1C101A38BF104683F812043A4653464548006850F82160002040F202416D
:2058000000903046FFF722FF012419E0364D90F85A0195F814144A1C101A38BF104685F8D8
:205820001404364800683A4650F82160002040F2024170603060082000903046FFF706FF03
:20584000324805683DB11FFA8AF2204631460DF11203A84748B92E481FFA8BF23146002358
:2058600005682046A847ADF8120021481FFA8AF4214600F0A5F91C49A14488810020C880FF
:205880000398051B19E7009443F2B56003211A460BE043F2B76001212246E3F69DFC12495D
:2058A0000AE043F2B46002215246039BE3F694FC0D49C146A1F806A00889A0EB09000881A9
:2058C000BDF81200052808D1124801784A1C027031B111480168002088470E4800210170D5
:2058E00005B0BDE8F08F00BF34DC130018DA130008C7130015DC1300D8D11300F0D413006F
:20590000F4D4130024DB1300ECD4130054D51300F4CC13000C3414000CC7130008B133F79B
:205920008DBA7047B0B50189B1F51C7F05D1046894F8E81011F0100503D1BDE8B04035F7C8
:20594000CDBA01F0EF0184F8E810006829F790FC94F8E80000F0EF00284384F8E800D4E978
:205960003001084302D1E078C00700D1B0BD2046BDE8B04000F041B97CB5044626484FF46A
:2059800022725823D0E9CA1004FB020292F83E2002FB03118978CA0704D1204A2244127A66
:2059A000D20700D17CBD4FF4227204FB020515F85B2F002AF6D011F00201F3D14FF4227102
:2059C00004FB01010B795B07ECD591F864100029E8D14FF4227104FB0100C1780429E1D152
:2059E00090F8B01189060CD400F5D8760C486946002203682046984730782A7840F020003D
:205A000030702046012101231EF761FB05480168204688477CBD00BF48E51300003414005E
:205A200058C51300DCCE130001897C2918BF3AF705BA0078FFF7A0BFB0B586B01446FBF6D0
:205A40001DFF207840BB15480168FF208847044613480168134890F9070388470146124877
:205A60000DF115020DF11603056805A8CDE900320DF11703029004AA2046A84760B10B48E7
:205A80009DF815309DF816209DF8171005689DF8140000902046A84706B0B0BDB8C61300F6
:205AA000C4C6130048E51300A4C61300B0C613002DE9F04389B03D483D4D002103683D4861
:205AC00005F1440298470346D5F844013A4CDFF8EC8040F6A271022200F001000090204633
:205AE000C047B5F83C0195F83E3140F6A3710222800B00902046C047D5F83811B5F8A2005E
:205B0000C1F3C262C1F38519C1F38456C1F3043300F4805700F4807C00F0800E0892C1F35B
:205B2000444201F03F01CDE90232CDE9001704A900F4006320460A22CDF81CC081E84042D5
:205B400040F6A571C047B5F83C11B5F8A200C1F38322C1F3C213C1F3C30601F00701CDE99B
:205B60000232CDE9001600F48063204640F6A6710522C04795F8630195F85811B5F86F71F9
:205B800095F85B3195F85C2195F86161B5F873518DE84500CDE90317204640F6A7710722BB
:205BA0000595C04709B0BDE8F08300BF84AE1300D8D113000000302603006126B13B0200E5
:205BC000026838461047000044F26D3CC0F2014C604744F2D93CC0F2014C604744F2713C2D
:205BE000C0F2014C604744F2B51CC0F2014C604744F2413CC0F2014C604743F6F93CC0F2D9
:205C0000014C60470000000000000000000000000000000000000000000000000000000090
:205C2000FFFFFFFFFFFFFFFFFFFFFFFFFFFFFFFFFFFFFFFFFFFFFFFFFFFFFFFFFFFFFFFF84
:205C4000FFFFFFFFFFFFFFFFFFFFFFFFFFFFFFFFFFFFFFFFFFFFFFFFFFFFFFFFFFFFFFFF64
:205C6000FFFFFFFFFFFFFFFFFFFFFFFFFFFFFFFFFFFFFFFFFFFFFFFFFFFFFFFFFFFFFFFF44
:205C8000FFFFFFFFFFFFFFFFFFFFFFFFFFFFFFFFFFFFFFFFFFFFFFFFFFFFFFFFFFFFFFFF24
:205CA000FFFFFFFFFFFFFFFFFFFFFFFFFFFFFFFFFFFFFFFFFFFFFFFFFFFFFFFFFFFFFFFF04
:205CC000FFFFFFFFFFFFFFFFFFFFFFFFFFFFFFFFFFFFFFFFFFFFFFFFFFFFFFFFFFFFFFFFE4
:205CE000FFFFFFFFFFFFFFFFFFFFFFFFFFFFFFFFFFFFFFFFFFFFFFFFFFFFFFFFFFFFFFFFC4
:205D0000FFFFFFFFFFFFFFFFFFFFFFFFFFFFFFFFFFFFFFFFFFFFFFFFFFFFFFFFFFFFFFFFA3
:205D2000FFFFFFFFFFFFFFFFFFFFFFFFFFFFFFFFFFFFFFFFFFFFFFFFFFFFFFFFFFFFFFFF83
:205D4000FFFFFFFFFFFFFFFFFFFFFFFFFFFFFFFFFFFFFFFFFFFFFFFFFFFFFFFFFFFFFFFF63
:205D6000FFFFFFFFFFFFFFFFFFFFFFFFFFFFFFFFFFFFFFFFFFFFFFFFFFFFFFFFFFFFFFFF43
:205D8000FFFFFFFFFFFFFFFFFFFFFFFFFFFFFFFFFFFFFFFFFFFFFFFFFFFFFFFFFFFFFFFF23
:205DA000FFFFFFFFFFFFFFFFFFFFFFFFFFFFFFFFFFFFFFFFFFFFFFFFFFFFFFFFFFFFFFFF03
:205DC000FFFFFFFFFFFFFFFFFFFFFFFFFFFFFFFFFFFFFFFFFFFFFFFFFFFFFFFFFFFFFFFFE3
:205DE000FFFFFFFFFFFFFFFFFFFFFFFFFFFFFFFFFFFFFFFFFFFFFFFFFFFFFFFFFFFFFFFFC3
:205E0000FFFFFFFFFFFFFFFFFFFFFFFFFFFFFFFFFFFFFFFFFFFFFFFFFFFFFFFFFFFFFFFFA2
:205E2000FFFFFFFFFFFFFFFFFFFFFFFFFFFFFFFFFFFFFFFFFFFFFFFFFFFFFFFFFFFFFFFF82
:205E4000FFFFFFFFFFFFFFFFFFFFFFFFFFFFFFFFFFFFFFFFFFFFFFFFFFFFFFFFFFFFFFFF62
:205E6000FFFFFFFFFFFFFFFFFFFFFFFFFFFFFFFFFFFFFFFFFFFFFFFFFFFFFFFFFFFFFFFF42
:205E8000FFFFFFFFFFFFFFFFFFFFFFFFFFFFFFFFFFFFFFFFFFFFFFFFFFFFFFFFFFFFFFFF22
:205EA000FFFFFFFFFFFFFFFFFFFFFFFFFFFFFFFFFFFFFFFFFFFFFFFFFFFFFFFFFFFFFFFF02
:205EC000FFFFFFFFFFFFFFFFFFFFFFFFFFFFFFFFFFFFFFFFFFFFFFFFFFFFFFFFFFFFFFFFE2
:205EE000FFFFFFFFFFFFFFFFFFFFFFFFFFFFFFFFFFFFFFFFFFFFFFFFFFFFFFFFFFFFFFFFC2
:205F0000FFFFFFFFFFFFFFFFFFFFFFFFFFFFFFFFFFFFFFFFFFFFFFFFFFFFFFFFFFFFFFFFA1
:205F2000FFFFFFFFFFFFFFFFFFFFFFFFFFFFFFFFFFFFFFFFFFFFFFFFFFFFFFFFFFFFFFFF81
:205F4000FFFFFFFFFFFFFFFFFFFFFFFFFFFFFFFFFFFFFFFFFFFFFFFFFFFFFFFFFFFFFFFF61
:205F6000FFFFFFFFFFFFFFFFFFFFFFFFFFFFFFFFFFFFFFFFFFFFFFFFFFFFFFFFFFFFFFFF41
:205F8000FFFFFFFFFFFFFFFFFFFFFFFFFFFFFFFFFFFFFFFFFFFFFFFFFFFFFFFFFFFFFFFF21
:205FA000FFFFFFFFFFFFFFFFFFFFFFFFFFFFFFFFFFFFFFFFFFFFFFFFFFFFFFFFFFFFFFFF01
:205FC000FFFFFFFFFFFFFFFFFFFFFFFFFFFFFFFFFFFFFFFFFFFFFFFFFFFFFFFFFFFFFFFFE1
:205FE000FFFFFFFFFFFFFFFFFFFFFFFFFFFFFFFFFFFFFFFFFFFFFFFFFFFFFFFFFFFFFFFFC1
:20600000FFFFFFFFFFFFFFFFFFFFFFFFFFFFFFFFFFFFFFFFFFFFFFFFFFFFFFFFFFFFFFFFA0
:20602000FFFFFFFFFFFFFFFFFFFFFFFFFFFFFFFFFFFFFFFFFFFFFFFFFFFFFFFFFFFFFFFF80
:20604000FFFFFFFFFFFFFFFFFFFFFFFFFFFFFFFFFFFFFFFFFFFFFFFFFFFFFFFFFFFFFFFF60
:20606000FFFFFFFFFFFFFFFFFFFFFFFFFFFFFFFFFFFFFFFFFFFFFFFFFFFFFFFFFFFFFFFF40
:20608000FFFFFFFFFFFFFFFFFFFFFFFFFFFFFFFFFFFFFFFFFFFFFFFFFFFFFFFFFFFFFFFF20
:2060A000FFFFFFFFFFFFFFFFFFFFFFFFFFFFFFFFFFFFFFFFFFFFFFFFFFFFFFFFFFFFFFFF00
:2060C000FFFFFFFFFFFFFFFFFFFFFFFFFFFFFFFFFFFFFFFFFFFFFFFFFFFFFFFFFFFFFFFFE0
:2060E000FFFFFFFFFFFFFFFFFFFFFFFFFFFFFFFFFFFFFFFFFFFFFFFFFFFFFFFFFFFFFFFFC0
:20610000FFFFFFFFFFFFFFFFFFFFFFFFFFFFFFFFFFFFFFFFFFFFFFFFFFFFFFFFFFFFFFFF9F
:20612000FFFFFFFFFFFFFFFFFFFFFFFFFFFFFFFFFFFFFFFFFFFFFFFFFFFFFFFFFFFFFFFF7F
:20614000FFFFFFFFFFFFFFFFFFFFFFFFFFFFFFFFFFFFFFFFFFFFFFFFFFFFFFFFFFFFFFFF5F
:20616000FFFFFFFFFFFFFFFFFFFFFFFFFFFFFFFFFFFFFFFFFFFFFFFFFFFFFFFFFFFFFFFF3F
:20618000FFFFFFFFFFFFFFFFFFFFFFFFFFFFFFFFFFFFFFFFFFFFFFFFFFFFFFFFFFFFFFFF1F
:2061A000FFFFFFFFFFFFFFFFFFFFFFFFFFFFFFFFFFFFFFFFFFFFFFFFFFFFFFFFFFFFFFFFFF
:2061C000FFFFFFFFFFFFFFFFFFFFFFFFFFFFFFFFFFFFFFFFFFFFFFFFFFFFFFFFFFFFFFFFDF
:2061E000FFFFFFFFFFFFFFFFFFFFFFFFFFFFFFFFFFFFFFFFFFFFFFFFFFFFFFFFFFFFFFFFBF
:20620000FFFFFFFFFFFFFFFFFFFFFFFFFFFFFFFFFFFFFFFFFFFFFFFFFFFFFFFFFFFFFFFF9E
:20622000FFFFFFFFFFFFFFFFFFFFFFFFFFFFFFFFFFFFFFFFFFFFFFFFFFFFFFFFFFFFFFFF7E
:20624000FFFFFFFFFFFFFFFFFFFFFFFFFFFFFFFFFFFFFFFFFFFFFFFFFFFFFFFFFFFFFFFF5E
:20626000FFFFFFFFFFFFFFFFFFFFFFFFFFFFFFFFFFFFFFFFFFFFFFFFFFFFFFFFFFFFFFFF3E
:20628000FFFFFFFFFFFFFFFFFFFFFFFFFFFFFFFFFFFFFFFFFFFFFFFFFFFFFFFFFFFFFFFF1E
:2062A000FFFFFFFFFFFFFFFFFFFFFFFFFFFFFFFFFFFFFFFFFFFFFFFFFFFFFFFFFFFFFFFFFE
:2062C000FFFFFFFFFFFFFFFFFFFFFFFFFFFFFFFFFFFFFFFFFFFFFFFFFFFFFFFFFFFFFFFFDE
:2062E000FFFFFFFFFFFFFFFFFFFFFFFFFFFFFFFFFFFFFFFFFFFFFFFFFFFFFFFFFFFFFFFFBE
:20630000FFFFFFFFFFFFFFFFFFFFFFFFFFFFFFFFFFFFFFFFFFFFFFFFFFFFFFFFFFFFFFFF9D
:20632000FFFFFFFFFFFFFFFFFFFFFFFFFFFFFFFFFFFFFFFFFFFFFFFFFFFFFFFFFFFFFFFF7D
:20634000FFFFFFFFFFFFFFFFFFFFFFFFFFFFFFFFFFFFFFFFFFFFFFFFFFFFFFFFFFFFFFFF5D
:20636000FFFFFFFFFFFFFFFFFFFFFFFFFFFFFFFFFFFFFFFFFFFFFFFFFFFFFFFFFFFFFFFF3D
:20638000FFFFFFFFFFFFFFFFFFFFFFFFFFFFFFFFFFFFFFFFFFFFFFFFFFFFFFFFFFFFFFFF1D
:2063A000FFFFFFFFFFFFFFFFFFFFFFFFFFFFFFFFFFFFFFFFFFFFFFFFFFFFFFFFFFFFFFFFFD
:2063C000FFFFFFFFFFFFFFFFFFFFFFFFFFFFFFFFFFFFFFFFFFFFFFFFFFFFFFFFFFFFFFFFDD
:2063E000FFFFFFFFFFFFFFFFFFFFFFFFFFFFFFFFFFFFFFFFFFFFFFFFFFFFFFFFFFFFFFFFBD
:20640000FFFFFFFFFFFFFFFFFFFFFFFFFFFFFFFFFFFFFFFFFFFFFFFFFFFFFFFFFFFFFFFF9C
:20642000FFFFFFFFFFFFFFFFFFFFFFFFFFFFFFFFFFFFFFFFFFFFFFFFFFFFFFFFFFFFFFFF7C
:20644000FFFFFFFFFFFFFFFFFFFFFFFFFFFFFFFFFFFFFFFFFFFFFFFFFFFFFFFFFFFFFFFF5C
:20646000FFFFFFFFFFFFFFFFFFFFFFFFFFFFFFFFFFFFFFFFFFFFFFFFFFFFFFFFFFFFFFFF3C
:20648000FFFFFFFFFFFFFFFFFFFFFFFFFFFFFFFFFFFFFFFFFFFFFFFFFFFFFFFFFFFFFFFF1C
:2064A000FFFFFFFFFFFFFFFFFFFFFFFFFFFFFFFFFFFFFFFFFFFFFFFFFFFFFFFFFFFFFFFFFC
:2064C000FFFFFFFFFFFFFFFFFFFFFFFFFFFFFFFFFFFFFFFFFFFFFFFFFFFFFFFFFFFFFFFFDC
:2064E000FFFFFFFFFFFFFFFFFFFFFFFFFFFFFFFFFFFFFFFFFFFFFFFFFFFFFFFFFFFFFFFFBC
:20650000FFFFFFFFFFFFFFFFFFFFFFFFFFFFFFFFFFFFFFFFFFFFFFFFFFFFFFFFFFFFFFFF9B
:20652000FFFFFFFFFFFFFFFFFFFFFFFFFFFFFFFFFFFFFFFFFFFFFFFFFFFFFFFFFFFFFFFF7B
:20654000FFFFFFFFFFFFFFFFFFFFFFFFFFFFFFFFFFFFFFFFFFFFFFFFFFFFFFFFFFFFFFFF5B
:20656000FFFFFFFFFFFFFFFFFFFFFFFFFFFFFFFFFFFFFFFFFFFFFFFFFFFFFFFFFFFFFFFF3B
:20658000FFFFFFFFFFFFFFFFFFFFFFFFFFFFFFFFFFFFFFFFFFFFFFFFFFFFFFFFFFFFFFFF1B
:2065A000FFFFFFFFFFFFFFFFFFFFFFFFFFFFFFFFFFFFFFFFFFFFFFFFFFFFFFFFFFFFFFFFFB
:2065C000FFFFFFFFFFFFFFFFFFFFFFFFFFFFFFFFFFFFFFFFFFFFFFFFFFFFFFFFFFFFFFFFDB
:2065E000FFFFFFFFFFFFFFFFFFFFFFFFFFFFFFFFFFFFFFFFFFFFFFFFFFFFFFFFFFFFFFFFBB
:20660000FFFFFFFFFFFFFFFFFFFFFFFFFFFFFFFFFFFFFFFFFFFFFFFFFFFFFFFFFFFFFFFF9A
:20662000FFFFFFFFFFFFFFFFFFFFFFFFFFFFFFFFFFFFFFFFFFFFFFFFFFFFFFFFFFFFFFFF7A
:20664000FFFFFFFFFFFFFFFFFFFFFFFFFFFFFFFFFFFFFFFFFFFFFFFFFFFFFFFFFFFFFFFF5A
:20666000FFFFFFFFFFFFFFFFFFFFFFFFFFFFFFFFFFFFFFFFFFFFFFFFFFFFFFFFFFFFFFFF3A
:20668000FFFFFFFFFFFFFFFFFFFFFFFFFFFFFFFFFFFFFFFFFFFFFFFFFFFFFFFFFFFFFFFF1A
:2066A000FFFFFFFFFFFFFFFFFFFFFFFFFFFFFFFFFFFFFFFFFFFFFFFFFFFFFFFFFFFFFFFFFA
:2066C000FFFFFFFFFFFFFFFFFFFFFFFFFFFFFFFFFFFFFFFFFFFFFFFFFFFFFFFFFFFFFFFFDA
:2066E000FFFFFFFFFFFFFFFFFFFFFFFFFFFFFFFFFFFFFFFFFFFFFFFFFFFFFFFFFFFFFFFFBA
:20670000FFFFFFFFFFFFFFFFFFFFFFFFFFFFFFFFFFFFFFFFFFFFFFFFFFFFFFFFFFFFFFFF99
:20672000FFFFFFFFFFFFFFFFFFFFFFFFFFFFFFFFFFFFFFFFFFFFFFFFFFFFFFFFFFFFFFFF79
:20674000FFFFFFFFFFFFFFFFFFFFFFFFFFFFFFFFFFFFFFFFFFFFFFFFFFFFFFFFFFFFFFFF59
:20676000FFFFFFFFFFFFFFFFFFFFFFFFFFFFFFFFFFFFFFFFFFFFFFFFFFFFFFFFFFFFFFFF39
:20678000FFFFFFFFFFFFFFFFFFFFFFFFFFFFFFFFFFFFFFFFFFFFFFFFFFFFFFFFFFFFFFFF19
:2067A000FFFFFFFFFFFFFFFFFFFFFFFFFFFFFFFFFFFFFFFFFFFFFFFFFFFFFFFFFFFFFFFFF9
:2067C000FFFFFFFFFFFFFFFFFFFFFFFFFFFFFFFFFFFFFFFFFFFFFFFFFFFFFFFFFFFFFFFFD9
:2067E000FFFFFFFFFFFFFFFFFFFFFFFFFFFFFFFFFFFFFFFFFFFFFFFFFFFFFFFFFFFFFFFFB9
:20680000FFFFFFFFFFFFFFFFFFFFFFFFFFFFFFFFFFFFFFFFFFFFFFFFFFFFFFFFFFFFFFFF98
:20682000FFFFFFFFFFFFFFFFFFFFFFFFFFFFFFFFFFFFFFFFFFFFFFFFFFFFFFFFFFFFFFFF78
:20684000FFFFFFFFFFFFFFFFFFFFFFFFFFFFFFFFFFFFFFFFFFFFFFFFFFFFFFFFFFFFFFFF58
:20686000FFFFFFFFFFFFFFFFFFFFFFFFFFFFFFFFFFFFFFFFFFFFFFFFFFFFFFFFFFFFFFFF38
:20688000FFFFFFFFFFFFFFFFFFFFFFFFFFFFFFFFFFFFFFFFFFFFFFFFFFFFFFFFFFFFFFFF18
:2068A000FFFFFFFFFFFFFFFFFFFFFFFFFFFFFFFFFFFFFFFFFFFFFFFFFFFFFFFFFFFFFFFFF8
:2068C000FFFFFFFFFFFFFFFFFFFFFFFFFFFFFFFFFFFFFFFFFFFFFFFFFFFFFFFFFFFFFFFFD8
:2068E000FFFFFFFFFFFFFFFFFFFFFFFFFFFFFFFFFFFFFFFFFFFFFFFFFFFFFFFFFFFFFFFFB8
:20690000FFFFFFFFFFFFFFFFFFFFFFFFFFFFFFFFFFFFFFFFFFFFFFFFFFFFFFFFFFFFFFFF97
:20692000FFFFFFFFFFFFFFFFFFFFFFFFFFFFFFFFFFFFFFFFFFFFFFFFFFFFFFFFFFFFFFFF77
:20694000FFFFFFFFFFFFFFFFFFFFFFFFFFFFFFFFFFFFFFFFFFFFFFFFFFFFFFFFFFFFFFFF57
:20696000FFFFFFFFFFFFFFFFFFFFFFFFFFFFFFFFFFFFFFFFFFFFFFFFFFFFFFFFFFFFFFFF37
:20698000FFFFFFFFFFFFFFFFFFFFFFFFFFFFFFFFFFFFFFFFFFFFFFFFFFFFFFFFFFFFFFFF17
:2069A000FFFFFFFFFFFFFFFFFFFFFFFFFFFFFFFFFFFFFFFFFFFFFFFFFFFFFFFFFFFFFFFFF7
:2069C000FFFFFFFFFFFFFFFFFFFFFFFFFFFFFFFFFFFFFFFFFFFFFFFFFFFFFFFFFFFFFFFFD7
:2069E000FFFFFFFFFFFFFFFFFFFFFFFFFFFFFFFFFFFFFFFFFFFFFFFFFFFFFFFFFFFFFFFFB7
:206A0000FFFFFFFFFFFFFFFFFFFFFFFFFFFFFFFFFFFFFFFFFFFFFFFFFFFFFFFFFFFFFFFF96
:206A2000FFFFFFFFFFFFFFFFFFFFFFFFFFFFFFFFFFFFFFFFFFFFFFFFFFFFFFFFFFFFFFFF76
:206A4000FFFFFFFFFFFFFFFFFFFFFFFFFFFFFFFFFFFFFFFFFFFFFFFFFFFFFFFFFFFFFFFF56
:206A6000FFFFFFFFFFFFFFFFFFFFFFFFFFFFFFFFFFFFFFFFFFFFFFFFFFFFFFFFFFFFFFFF36
:206A8000FFFFFFFFFFFFFFFFFFFFFFFFFFFFFFFFFFFFFFFFFFFFFFFFFFFFFFFFFFFFFFFF16
:206AA000FFFFFFFFFFFFFFFFFFFFFFFFFFFFFFFFFFFFFFFFFFFFFFFFFFFFFFFFFFFFFFFFF6
:206AC000FFFFFFFFFFFFFFFFFFFFFFFFFFFFFFFFFFFFFFFFFFFFFFFFFFFFFFFFFFFFFFFFD6
:206AE000FFFFFFFFFFFFFFFFFFFFFFFFFFFFFFFFFFFFFFFFFFFFFFFFFFFFFFFFFFFFFFFFB6
:206B0000FFFFFFFFFFFFFFFFFFFFFFFFFFFFFFFFFFFFFFFFFFFFFFFFFFFFFFFFFFFFFFFF95
:206B2000FFFFFFFFFFFFFFFFFFFFFFFFFFFFFFFFFFFFFFFFFFFFFFFFFFFFFFFFFFFFFFFF75
:206B4000FFFFFFFFFFFFFFFFFFFFFFFFFFFFFFFFFFFFFFFFFFFFFFFFFFFFFFFFFFFFFFFF55
:206B6000FFFFFFFFFFFFFFFFFFFFFFFFFFFFFFFFFFFFFFFFFFFFFFFFFFFFFFFFFFFFFFFF35
:206B8000FFFFFFFFFFFFFFFFFFFFFFFFFFFFFFFFFFFFFFFFFFFFFFFFFFFFFFFFFFFFFFFF15
:206BA000FFFFFFFFFFFFFFFFFFFFFFFFFFFFFFFFFFFFFFFFFFFFFFFFFFFFFFFFFFFFFFFFF5
:206BC000FFFFFFFFFFFFFFFFFFFFFFFFFFFFFFFFFFFFFFFFFFFFFFFFFFFFFFFFFFFFFFFFD5
:206BE000FFFFFFFFFFFFFFFFFFFFFFFFFFFFFFFFFFFFFFFFFFFFFFFFFFFFFFFFFFFFFFFFB5
:206C0000FFFFFFFFFFFFFFFFFFFFFFFFFFFFFFFFFFFFFFFFFFFFFFFFFFFFFFFFFFFFFFFF94
:206C2000FFFFFFFFFFFFFFFFFFFFFFFFFFFFFFFFFFFFFFFFFFFFFFFFFFFFFFFFFFFFFFFF74
:206C4000FFFFFFFFFFFFFFFFFFFFFFFFFFFFFFFFFFFFFFFFFFFFFFFFFFFFFFFFFFFFFFFF54
:206C6000FFFFFFFFFFFFFFFFFFFFFFFFFFFFFFFFFFFFFFFFFFFFFFFFFFFFFFFFFFFFFFFF34
:206C8000FFFFFFFFFFFFFFFFFFFFFFFFFFFFFFFFFFFFFFFFFFFFFFFFFFFFFFFFFFFFFFFF14
:206CA000FFFFFFFFFFFFFFFFFFFFFFFFFFFFFFFFFFFFFFFFFFFFFFFFFFFFFFFFFFFFFFFFF4
:206CC000FFFFFFFFFFFFFFFFFFFFFFFFFFFFFFFFFFFFFFFFFFFFFFFFFFFFFFFFFFFFFFFFD4
:206CE000FFFFFFFFFFFFFFFFFFFFFFFFFFFFFFFFFFFFFFFFFFFFFFFFFFFFFFFFFFFFFFFFB4
:206D0000FFFFFFFFFFFFFFFFFFFFFFFFFFFFFFFFFFFFFFFFFFFFFFFFFFFFFFFFFFFFFFFF93
:206D2000FFFFFFFFFFFFFFFFFFFFFFFFFFFFFFFFFFFFFFFFFFFFFFFFFFFFFFFFFFFFFFFF73
:206D4000FFFFFFFFFFFFFFFFFFFFFFFFFFFFFFFFFFFFFFFFFFFFFFFFFFFFFFFFFFFFFFFF53
:206D6000FFFFFFFFFFFFFFFFFFFFFFFFFFFFFFFFFFFFFFFFFFFFFFFFFFFFFFFFFFFFFFFF33
:206D8000FFFFFFFFFFFFFFFFFFFFFFFFFFFFFFFFFFFFFFFFFFFFFFFFFFFFFFFFFFFFFFFF13
:206DA000FFFFFFFFFFFFFFFFFFFFFFFFFFFFFFFFFFFFFFFFFFFFFFFFFFFFFFFFFFFFFFFFF3
:206DC000FFFFFFFFFFFFFFFFFFFFFFFFFFFFFFFFFFFFFFFFFFFFFFFFFFFFFFFFFFFFFFFFD3
:206DE000FFFFFFFFFFFFFFFFFFFFFFFFFFFFFFFFFFFFFFFFFFFFFFFFFFFFFFFFFFFFFFFFB3
:206E0000FFFFFFFFFFFFFFFFFFFFFFFFFFFFFFFFFFFFFFFFFFFFFFFFFFFFFFFFFFFFFFFF92
:206E2000FFFFFFFFFFFFFFFFFFFFFFFFFFFFFFFFFFFFFFFFFFFFFFFFFFFFFFFFFFFFFFFF72
:206E4000FFFFFFFFFFFFFFFFFFFFFFFFFFFFFFFFFFFFFFFFFFFFFFFFFFFFFFFFFFFFFFFF52
:206E6000FFFFFFFFFFFFFFFFFFFFFFFFFFFFFFFFFFFFFFFFFFFFFFFFFFFFFFFFFFFFFFFF32
:206E8000FFFFFFFFFFFFFFFFFFFFFFFFFFFFFFFFFFFFFFFFFFFFFFFFFFFFFFFFFFFFFFFF12
:206EA000FFFFFFFFFFFFFFFFFFFFFFFFFFFFFFFFFFFFFFFFFFFFFFFFFFFFFFFFFFFFFFFFF2
:206EC000FFFFFFFFFFFFFFFFFFFFFFFFFFFFFFFFFFFFFFFFFFFFFFFFFFFFFFFFFFFFFFFFD2
:206EE000FFFFFFFFFFFFFFFFFFFFFFFFFFFFFFFFFFFFFFFFFFFFFFFFFFFFFFFFFFFFFFFFB2
:206F0000FFFFFFFFFFFFFFFFFFFFFFFFFFFFFFFFFFFFFFFFFFFFFFFFFFFFFFFFFFFFFFFF91
:206F2000FFFFFFFFFFFFFFFFFFFFFFFFFFFFFFFFFFFFFFFFFFFFFFFFFFFFFFFFFFFFFFFF71
:206F4000FFFFFFFFFFFFFFFFFFFFFFFFFFFFFFFFFFFFFFFFFFFFFFFFFFFFFFFFFFFFFFFF51
:206F6000FFFFFFFFFFFFFFFFFFFFFFFFFFFFFFFFFFFFFFFFFFFFFFFFFFFFFFFFFFFFFFFF31
:206F8000FFFFFFFFFFFFFFFFFFFFFFFFFFFFFFFFFFFFFFFFFFFFFFFFFFFFFFFFFFFFFFFF11
:206FA000FFFFFFFFFFFFFFFFFFFFFFFFFFFFFFFFFFFFFFFFFFFFFFFFFFFFFFFFFFFFFFFFF1
:206FC000FFFFFFFFFFFFFFFFFFFFFFFFFFFFFFFFFFFFFFFFFFFFFFFFFFFFFFFFFFFFFFFFD1
:206FE000FFFFFFFFFFFFFFFFFFFFFFFFFFFFFFFFFFFFFFFFFFFFFFFFFFFFFFFFFFFFFFFFB1
:20700000FFFFFFFFFFFFFFFFFFFFFFFFFFFFFFFFFFFFFFFFFFFFFFFFFFFFFFFFFFFFFFFF90
:20702000FFFFFFFFFFFFFFFFFFFFFFFFFFFFFFFFFFFFFFFFFFFFFFFFFFFFFFFFFFFFFFFF70
:20704000FFFFFFFFFFFFFFFFFFFFFFFFFFFFFFFFFFFFFFFFFFFFFFFFFFFFFFFFFFFFFFFF50
:20706000FFFFFFFFFFFFFFFFFFFFFFFFFFFFFFFFFFFFFFFFFFFFFFFFFFFFFFFFFFFFFFFF30
:20708000FFFFFFFFFFFFFFFFFFFFFFFFFFFFFFFFFFFFFFFFFFFFFFFFFFFFFFFFFFFFFFFF10
:2070A000FFFFFFFFFFFFFFFFFFFFFFFFFFFFFFFFFFFFFFFFFFFFFFFFFFFFFFFFFFFFFFFFF0
:2070C000FFFFFFFFFFFFFFFFFFFFFFFFFFFFFFFFFFFFFFFFFFFFFFFFFFFFFFFFFFFFFFFFD0
:2070E000FFFFFFFFFFFFFFFFFFFFFFFFFFFFFFFFFFFFFFFFFFFFFFFFFFFFFFFFFFFFFFFFB0
:20710000FFFFFFFFFFFFFFFFFFFFFFFFFFFFFFFFFFFFFFFFFFFFFFFFFFFFFFFFFFFFFFFF8F
:20712000FFFFFFFFFFFFFFFFFFFFFFFFFFFFFFFFFFFFFFFFFFFFFFFFFFFFFFFFFFFFFFFF6F
:20714000FFFFFFFFFFFFFFFFFFFFFFFFFFFFFFFFFFFFFFFFFFFFFFFFFFFFFFFFFFFFFFFF4F
:20716000FFFFFFFFFFFFFFFFFFFFFFFFFFFFFFFFFFFFFFFFFFFFFFFFFFFFFFFFFFFFFFFF2F
:20718000FFFFFFFFFFFFFFFFFFFFFFFFFFFFFFFFFFFFFFFFFFFFFFFFFFFFFFFFFFFFFFFF0F
:2071A000FFFFFFFFFFFFFFFFFFFFFFFFFFFFFFFFFFFFFFFFFFFFFFFFFFFFFFFFFFFFFFFFEF
:2071C000FFFFFFFFFFFFFFFFFFFFFFFFFFFFFFFFFFFFFFFFFFFFFFFFFFFFFFFFFFFFFFFFCF
:2071E000FFFFFFFFFFFFFFFFFFFFFFFFFFFFFFFFFFFFFFFFFFFFFFFFFFFFFFFFFFFFFFFFAF
:20720000FFFFFFFFFFFFFFFFFFFFFFFFFFFFFFFFFFFFFFFFFFFFFFFFFFFFFFFFFFFFFFFF8E
:20722000FFFFFFFFFFFFFFFFFFFFFFFFFFFFFFFFFFFFFFFFFFFFFFFFFFFFFFFFFFFFFFFF6E
:20724000FFFFFFFFFFFFFFFFFFFFFFFFFFFFFFFFFFFFFFFFFFFFFFFFFFFFFFFFFFFFFFFF4E
:20726000FFFFFFFFFFFFFFFFFFFFFFFFFFFFFFFFFFFFFFFFFFFFFFFFFFFFFFFFFFFFFFFF2E
:20728000FFFFFFFFFFFFFFFFFFFFFFFFFFFFFFFFFFFFFFFFFFFFFFFFFFFFFFFFFFFFFFFF0E
:2072A000FFFFFFFFFFFFFFFFFFFFFFFFFFFFFFFFFFFFFFFFFFFFFFFFFFFFFFFFFFFFFFFFEE
:2072C000FFFFFFFFFFFFFFFFFFFFFFFFFFFFFFFFFFFFFFFFFFFFFFFFFFFFFFFFFFFFFFFFCE
:2072E000FFFFFFFFFFFFFFFFFFFFFFFFFFFFFFFFFFFFFFFFFFFFFFFFFFFFFFFFFFFFFFFFAE
:20730000FFFFFFFFFFFFFFFFFFFFFFFFFFFFFFFFFFFFFFFFFFFFFFFFFFFFFFFFFFFFFFFF8D
:20732000FFFFFFFFFFFFFFFFFFFFFFFFFFFFFFFFFFFFFFFFFFFFFFFFFFFFFFFFFFFFFFFF6D
:20734000FFFFFFFFFFFFFFFFFFFFFFFFFFFFFFFFFFFFFFFFFFFFFFFFFFFFFFFFFFFFFFFF4D
:20736000FFFFFFFFFFFFFFFFFFFFFFFFFFFFFFFFFFFFFFFFFFFFFFFFFFFFFFFFFFFFFFFF2D
:20738000FFFFFFFFFFFFFFFFFFFFFFFFFFFFFFFFFFFFFFFFFFFFFFFFFFFFFFFFFFFFFFFF0D
:2073A000FFFFFFFFFFFFFFFFFFFFFFFFFFFFFFFFFFFFFFFFFFFFFFFFFFFFFFFFFFFFFFFFED
:2073C000FFFFFFFFFFFFFFFFFFFFFFFFFFFFFFFFFFFFFFFFFFFFFFFFFFFFFFFFFFFFFFFFCD
:2073E000FFFFFFFFFFFFFFFFFFFFFFFFFFFFFFFFFFFFFFFFFFFFFFFFFFFFFFFFFFFFFFFFAD
:20740000FFFFFFFFFFFFFFFFFFFFFFFFFFFFFFFFFFFFFFFFFFFFFFFFFFFFFFFFFFFFFFFF8C
:20742000FFFFFFFFFFFFFFFFFFFFFFFFFFFFFFFFFFFFFFFFFFFFFFFFFFFFFFFFFFFFFFFF6C
:20744000FFFFFFFFFFFFFFFFFFFFFFFFFFFFFFFFFFFFFFFFFFFFFFFFFFFFFFFFFFFFFFFF4C
:20746000FFFFFFFFFFFFFFFFFFFFFFFFFFFFFFFFFFFFFFFFFFFFFFFFFFFFFFFFFFFFFFFF2C
:20748000FFFFFFFFFFFFFFFFFFFFFFFFFFFFFFFFFFFFFFFFFFFFFFFFFFFFFFFFFFFFFFFF0C
:2074A000FFFFFFFFFFFFFFFFFFFFFFFFFFFFFFFFFFFFFFFFFFFFFFFFFFFFFFFFFFFFFFFFEC
:2074C000FFFFFFFFFFFFFFFFFFFFFFFFFFFFFFFFFFFFFFFFFFFFFFFFFFFFFFFFFFFFFFFFCC
:2074E000FFFFFFFFFFFFFFFFFFFFFFFFFFFFFFFFFFFFFFFFFFFFFFFFFFFFFFFFFFFFFFFFAC
:20750000FFFFFFFFFFFFFFFFFFFFFFFFFFFFFFFFFFFFFFFFFFFFFFFFFFFFFFFFFFFFFFFF8B
:20752000FFFFFFFFFFFFFFFFFFFFFFFFFFFFFFFFFFFFFFFFFFFFFFFFFFFFFFFFFFFFFFFF6B
:20754000FFFFFFFFFFFFFFFFFFFFFFFFFFFFFFFFFFFFFFFFFFFFFFFFFFFFFFFFFFFFFFFF4B
:20756000FFFFFFFFFFFFFFFFFFFFFFFFFFFFFFFFFFFFFFFFFFFFFFFFFFFFFFFFFFFFFFFF2B
:20758000FFFFFFFFFFFFFFFFFFFFFFFFFFFFFFFFFFFFFFFFFFFFFFFFFFFFFFFFFFFFFFFF0B
:2075A000FFFFFFFFFFFFFFFFFFFFFFFFFFFFFFFFFFFFFFFFFFFFFFFFFFFFFFFFFFFFFFFFEB
:2075C000FFFFFFFFFFFFFFFFFFFFFFFFFFFFFFFFFFFFFFFFFFFFFFFFFFFFFFFFFFFFFFFFCB
:2075E000FFFFFFFFFFFFFFFFFFFFFFFFFFFFFFFFFFFFFFFFFFFFFFFFFFFFFFFFFFFFFFFFAB
:20760000FFFFFFFFFFFFFFFFFFFFFFFFFFFFFFFFFFFFFFFFFFFFFFFFFFFFFFFFFFFFFFFF8A
:20762000FFFFFFFFFFFFFFFFFFFFFFFFFFFFFFFFFFFFFFFFFFFFFFFFFFFFFFFFFFFFFFFF6A
:20764000FFFFFFFFFFFFFFFFFFFFFFFFFFFFFFFFFFFFFFFFFFFFFFFFFFFFFFFFFFFFFFFF4A
:20766000FFFFFFFFFFFFFFFFFFFFFFFFFFFFFFFFFFFFFFFFFFFFFFFFFFFFFFFFFFFFFFFF2A
:20768000FFFFFFFFFFFFFFFFFFFFFFFFFFFFFFFFFFFFFFFFFFFFFFFFFFFFFFFFFFFFFFFF0A
:2076A000FFFFFFFFFFFFFFFFFFFFFFFFFFFFFFFFFFFFFFFFFFFFFFFFFFFFFFFFFFFFFFFFEA
:2076C000FFFFFFFFFFFFFFFFFFFFFFFFFFFFFFFFFFFFFFFFFFFFFFFFFFFFFFFFFFFFFFFFCA
:2076E000FFFFFFFFFFFFFFFFFFFFFFFFFFFFFFFFFFFFFFFFFFFFFFFFFFFFFFFFFFFFFFFFAA
:20770000FFFFFFFFFFFFFFFFFFFFFFFFFFFFFFFFFFFFFFFFFFFFFFFFFFFFFFFFFFFFFFFF89
:20772000FFFFFFFFFFFFFFFFFFFFFFFFFFFFFFFFFFFFFFFFFFFFFFFFFFFFFFFFFFFFFFFF69
:20774000FFFFFFFFFFFFFFFFFFFFFFFFFFFFFFFFFFFFFFFFFFFFFFFFFFFFFFFFFFFFFFFF49
:20776000FFFFFFFFFFFFFFFFFFFFFFFFFFFFFFFFFFFFFFFFFFFFFFFFFFFFFFFFFFFFFFFF29
:20778000FFFFFFFFFFFFFFFFFFFFFFFFFFFFFFFFFFFFFFFFFFFFFFFFFFFFFFFFFFFFFFFF09
:2077A000FFFFFFFFFFFFFFFFFFFFFFFFFFFFFFFFFFFFFFFFFFFFFFFFFFFFFFFFFFFFFFFFE9
:2077C000FFFFFFFFFFFFFFFFFFFFFFFFFFFFFFFFFFFFFFFFFFFFFFFFFFFFFFFFFFFFFFFFC9
:2077E000FFFFFFFFFFFFFFFFFFFFFFFFFFFFFFFFFFFFFFFFFFFFFFFFFFFFFFFFFFFFFFFFA9
:20780000FFFFFFFFFFFFFFFFFFFFFFFFFFFFFFFFFFFFFFFFFFFFFFFFFFFFFFFFFFFFFFFF88
:20782000FFFFFFFFFFFFFFFFFFFFFFFFFFFFFFFFFFFFFFFFFFFFFFFFFFFFFFFFFFFFFFFF68
:20784000FFFFFFFFFFFFFFFFFFFFFFFFFFFFFFFFFFFFFFFFFFFFFFFFFFFFFFFFFFFFFFFF48
:20786000FFFFFFFFFFFFFFFFFFFFFFFFFFFFFFFFFFFFFFFFFFFFFFFFFFFFFFFFFFFFFFFF28
:20788000FFFFFFFFFFFFFFFFFFFFFFFFFFFFFFFFFFFFFFFFFFFFFFFFFFFFFFFFFFFFFFFF08
:2078A000FFFFFFFFFFFFFFFFFFFFFFFFFFFFFFFFFFFFFFFFFFFFFFFFFFFFFFFFFFFFFFFFE8
:2078C000FFFFFFFFFFFFFFFFFFFFFFFFFFFFFFFFFFFFFFFFFFFFFFFFFFFFFFFFFFFFFFFFC8
:2078E000FFFFFFFFFFFFFFFFFFFFFFFFFFFFFFFFFFFFFFFFFFFFFFFFFFFFFFFFFFFFFFFFA8
:20790000FFFFFFFFFFFFFFFFFFFFFFFFFFFFFFFFFFFFFFFFFFFFFFFFFFFFFFFFFFFFFFFF87
:20792000FFFFFFFFFFFFFFFFFFFFFFFFFFFFFFFFFFFFFFFFFFFFFFFFFFFFFFFFFFFFFFFF67
:20794000FFFFFFFFFFFFFFFFFFFFFFFFFFFFFFFFFFFFFFFFFFFFFFFFFFFFFFFFFFFFFFFF47
:20796000FFFFFFFFFFFFFFFFFFFFFFFFFFFFFFFFFFFFFFFFFFFFFFFFFFFFFFFFFFFFFFFF27
:20798000FFFFFFFFFFFFFFFFFFFFFFFFFFFFFFFFFFFFFFFFFFFFFFFFFFFFFFFFFFFFFFFF07
:2079A000FFFFFFFFFFFFFFFFFFFFFFFFFFFFFFFFFFFFFFFFFFFFFFFFFFFFFFFFFFFFFFFFE7
:2079C000FFFFFFFFFFFFFFFFFFFFFFFFFFFFFFFFFFFFFFFFFFFFFFFFFFFFFFFFFFFFFFFFC7
:2079E000FFFFFFFFFFFFFFFFFFFFFFFFFFFFFFFFFFFFFFFFFFFFFFFFFFFFFFFFFFFFFFFFA7
:207A0000FFFFFFFFFFFFFFFFFFFFFFFFFFFFFFFFFFFFFFFFFFFFFFFFFFFFFFFFFFFFFFFF86
:207A2000FFFFFFFFFFFFFFFFFFFFFFFFFFFFFFFFFFFFFFFFFFFFFFFFFFFFFFFFFFFFFFFF66
:207A4000FFFFFFFFFFFFFFFFFFFFFFFFFFFFFFFFFFFFFFFFFFFFFFFFFFFFFFFFFFFFFFFF46
:207A6000FFFFFFFFFFFFFFFFFFFFFFFFFFFFFFFFFFFFFFFFFFFFFFFFFFFFFFFFFFFFFFFF26
:207A8000FFFFFFFFFFFFFFFFFFFFFFFFFFFFFFFFFFFFFFFFFFFFFFFFFFFFFFFFFFFFFFFF06
:207AA000FFFFFFFFFFFFFFFFFFFFFFFFFFFFFFFFFFFFFFFFFFFFFFFFFFFFFFFFFFFFFFFFE6
:207AC000FFFFFFFFFFFFFFFFFFFFFFFFFFFFFFFFFFFFFFFFFFFFFFFFFFFFFFFFFFFFFFFFC6
:207AE000FFFFFFFFFFFFFFFFFFFFFFFFFFFFFFFFFFFFFFFFFFFFFFFFFFFFFFFFFFFFFFFFA6
:207B0000FFFFFFFFFFFFFFFFFFFFFFFFFFFFFFFFFFFFFFFFFFFFFFFFFFFFFFFFFFFFFFFF85
:207B2000FFFFFFFFFFFFFFFFFFFFFFFFFFFFFFFFFFFFFFFFFFFFFFFFFFFFFFFFFFFFFFFF65
:207B4000FFFFFFFFFFFFFFFFFFFFFFFFFFFFFFFFFFFFFFFFFFFFFFFFFFFFFFFFFFFFFFFF45
:207B6000FFFFFFFFFFFFFFFFFFFFFFFFFFFFFFFFFFFFFFFFFFFFFFFFFFFFFFFFFFFFFFFF25
:207B8000FFFFFFFFFFFFFFFFFFFFFFFFFFFFFFFFFFFFFFFFFFFFFFFFFFFFFFFFFFFFFFFF05
:207BA000FFFFFFFFFFFFFFFFFFFFFFFFFFFFFFFFFFFFFFFFFFFFFFFFFFFFFFFFFFFFFFFFE5
:207BC000FFFFFFFFFFFFFFFFFFFFFFFFFFFFFFFFFFFFFFFFFFFFFFFFFFFFFFFFFFFFFFFFC5
:207BE000FFFFFFFFFFFFFFFFFFFFFFFFFFFFFFFFFFFFFFFFFFFFFFFFFFFFFFFFFFFFFFFFA5
:207C0000FFFFFFFFFFFFFFFFFFFFFFFFFFFFFFFFFFFFFFFFFFFFFFFFFFFFFFFFFFFFFFFF84
:207C2000FFFFFFFFFFFFFFFFFFFFFFFFFFFFFFFFFFFFFFFFFFFFFFFFFFFFFFFFFFFFFFFF64
:207C4000FFFFFFFFFFFFFFFFFFFFFFFFFFFFFFFFFFFFFFFFFFFFFFFFFFFFFFFFFFFFFFFF44
:207C6000FFFFFFFFFFFFFFFFFFFFFFFFFFFFFFFFFFFFFFFFFFFFFFFFFFFFFFFFFFFFFFFF24
:207C8000FFFFFFFFFFFFFFFFFFFFFFFFFFFFFFFFFFFFFFFFFFFFFFFFFFFFFFFFFFFFFFFF04
:207CA000FFFFFFFFFFFFFFFFFFFFFFFFFFFFFFFFFFFFFFFFFFFFFFFFFFFFFFFFFFFFFFFFE4
:207CC000FFFFFFFFFFFFFFFFFFFFFFFFFFFFFFFFFFFFFFFFFFFFFFFFFFFFFFFFFFFFFFFFC4
:207CE000FFFFFFFFFFFFFFFFFFFFFFFFFFFFFFFFFFFFFFFFFFFFFFFFFFFFFFFFFFFFFFFFA4
:207D0000FFFFFFFFFFFFFFFFFFFFFFFFFFFFFFFFFFFFFFFFFFFFFFFFFFFFFFFFFFFFFFFF83
:207D2000FFFFFFFFFFFFFFFFFFFFFFFFFFFFFFFFFFFFFFFFFFFFFFFFFFFFFFFFFFFFFFFF63
:207D4000FFFFFFFFFFFFFFFFFFFFFFFFFFFFFFFFFFFFFFFFFFFFFFFFFFFFFFFFFFFFFFFF43
:207D6000FFFFFFFFFFFFFFFFFFFFFFFFFFFFFFFFFFFFFFFFFFFFFFFFFFFFFFFFFFFFFFFF23
:207D8000FFFFFFFFFFFFFFFFFFFFFFFFFFFFFFFFFFFFFFFFFFFFFFFFFFFFFFFFFFFFFFFF03
:207DA000FFFFFFFFFFFFFFFFFFFFFFFFFFFFFFFFFFFFFFFFFFFFFFFFFFFFFFFFFFFFFFFFE3
:207DC000FFFFFFFFFFFFFFFFFFFFFFFFFFFFFFFFFFFFFFFFFFFFFFFFFFFFFFFFFFFFFFFFC3
:207DE000FFFFFFFFFFFFFFFFFFFFFFFFFFFFFFFFFFFFFFFFFFFFFFFFFFFFFFFFFFFFFFFFA3
:207E0000FFFFFFFFFFFFFFFFFFFFFFFFFFFFFFFFFFFFFFFFFFFFFFFFFFFFFFFFFFFFFFFF82
:207E2000FFFFFFFFFFFFFFFFFFFFFFFFFFFFFFFFFFFFFFFFFFFFFFFFFFFFFFFFFFFFFFFF62
:207E4000FFFFFFFFFFFFFFFFFFFFFFFFFFFFFFFFFFFFFFFFFFFFFFFFFFFFFFFFFFFFFFFF42
:207E6000FFFFFFFFFFFFFFFFFFFFFFFFFFFFFFFFFFFFFFFFFFFFFFFFFFFFFFFFFFFFFFFF22
:207E8000FFFFFFFFFFFFFFFFFFFFFFFFFFFFFFFFFFFFFFFFFFFFFFFFFFFFFFFFFFFFFFFF02
:207EA000FFFFFFFFFFFFFFFFFFFFFFFFFFFFFFFFFFFFFFFFFFFFFFFFFFFFFFFFFFFFFFFFE2
:207EC000FFFFFFFFFFFFFFFFFFFFFFFFFFFFFFFFFFFFFFFFFFFFFFFFFFFFFFFFFFFFFFFFC2
:207EE000FFFFFFFFFFFFFFFFFFFFFFFFFFFFFFFFFFFFFFFFFFFFFFFFFFFFFFFFFFFFFFFFA2
:207F0000FFFFFFFFFFFFFFFFFFFFFFFFFFFFFFFFFFFFFFFFFFFFFFFFFFFFFFFFFFFFFFFF81
:207F2000FFFFFFFFFFFFFFFFFFFFFFFFFFFFFFFFFFFFFFFFFFFFFFFFFFFFFFFFFFFFFFFF61
:207F4000FFFFFFFFFFFFFFFFFFFFFFFFFFFFFFFFFFFFFFFFFFFFFFFFFFFFFFFFFFFFFFFF41
:207F6000FFFFFFFFFFFFFFFFFFFFFFFFFFFFFFFFFFFFFFFFFFFFFFFFFFFFFFFFFFFFFFFF21
:207F8000FFFFFFFFFFFFFFFFFFFFFFFFFFFFFFFFFFFFFFFFFFFFFFFFFFFFFFFFFFFFFFFF01
:207FA000FFFFFFFFFFFFFFFFFFFFFFFFFFFFFFFFFFFFFFFFFFFFFFFFFFFFFFFFFFFFFFFFE1
:207FC000FFFFFFFFFFFFFFFFFFFFFFFFFFFFFFFFFFFFFFFFFFFFFFFFFFFFFFFFFFFFFFFFC1
:207FE000FFFFFFFFFFFFFFFFFFFFFFFFFFFFFFFFFFFFFFFFFFFFFFFFFFFFFFFFFFFFFFFFA1
:20800000FFFFFFFFFFFFFFFFFFFFFFFFFFFFFFFFFFFFFFFFFFFFFFFFFFFFFFFFFFFFFFFF80
:20802000FFFFFFFFFFFFFFFFFFFFFFFFFFFFFFFFFFFFFFFFFFFFFFFFFFFFFFFFFFFFFFFF60
:20804000FFFFFFFFFFFFFFFFFFFFFFFFFFFFFFFFFFFFFFFFFFFFFFFFFFFFFFFFFFFFFFFF40
:20806000FFFFFFFFFFFFFFFFFFFFFFFFFFFFFFFFFFFFFFFFFFFFFFFFFFFFFFFFFFFFFFFF20
:20808000FFFFFFFFFFFFFFFFFFFFFFFFFFFFFFFFFFFFFFFFFFFFFFFFFFFFFFFFFFFFFFFF00
:2080A000FFFFFFFFFFFFFFFFFFFFFFFFFFFFFFFFFFFFFFFFFFFFFFFFFFFFFFFFFFFFFFFFE0
:2080C000FFFFFFFFFFFFFFFFFFFFFFFFFFFFFFFFFFFFFFFFFFFFFFFFFFFFFFFFFFFFFFFFC0
:2080E000FFFFFFFFFFFFFFFFFFFFFFFFFFFFFFFFFFFFFFFFFFFFFFFFFFFFFFFFFFFFFFFFA0
:20810000FFFFFFFFFFFFFFFFFFFFFFFFFFFFFFFFFFFFFFFFFFFFFFFFFFFFFFFFFFFFFFFF7F
:20812000FFFFFFFFFFFFFFFFFFFFFFFFFFFFFFFFFFFFFFFFFFFFFFFFFFFFFFFFFFFFFFFF5F
:20814000FFFFFFFFFFFFFFFFFFFFFFFFFFFFFFFFFFFFFFFFFFFFFFFFFFFFFFFFFFFFFFFF3F
:20816000FFFFFFFFFFFFFFFFFFFFFFFFFFFFFFFFFFFFFFFFFFFFFFFFFFFFFFFFFFFFFFFF1F
:20818000FFFFFFFFFFFFFFFFFFFFFFFFFFFFFFFFFFFFFFFFFFFFFFFFFFFFFFFFFFFFFFFFFF
:2081A000FFFFFFFFFFFFFFFFFFFFFFFFFFFFFFFFFFFFFFFFFFFFFFFFFFFFFFFFFFFFFFFFDF
:2081C000FFFFFFFFFFFFFFFFFFFFFFFFFFFFFFFFFFFFFFFFFFFFFFFFFFFFFFFFFFFFFFFFBF
:2081E000FFFFFFFFFFFFFFFFFFFFFFFFFFFFFFFFFFFFFFFFFFFFFFFFFFFFFFFFFFFFFFFF9F
:20820000FFFFFFFFFFFFFFFFFFFFFFFFFFFFFFFFFFFFFFFFFFFFFFFFFFFFFFFFFFFFFFFF7E
:20822000FFFFFFFFFFFFFFFFFFFFFFFFFFFFFFFFFFFFFFFFFFFFFFFFFFFFFFFFFFFFFFFF5E
:20824000FFFFFFFFFFFFFFFFFFFFFFFFFFFFFFFFFFFFFFFFFFFFFFFFFFFFFFFFFFFFFFFF3E
:20826000FFFFFFFFFFFFFFFFFFFFFFFFFFFFFFFFFFFFFFFFFFFFFFFFFFFFFFFFFFFFFFFF1E
:20828000FFFFFFFFFFFFFFFFFFFFFFFFFFFFFFFFFFFFFFFFFFFFFFFFFFFFFFFFFFFFFFFFFE
:2082A000FFFFFFFFFFFFFFFFFFFFFFFFFFFFFFFFFFFFFFFFFFFFFFFFFFFFFFFFFFFFFFFFDE
:2082C000FFFFFFFFFFFFFFFFFFFFFFFFFFFFFFFFFFFFFFFFFFFFFFFFFFFFFFFFFFFFFFFFBE
:2082E000FFFFFFFFFFFFFFFFFFFFFFFFFFFFFFFFFFFFFFFFFFFFFFFFFFFFFFFFFFFFFFFF9E
:20830000FFFFFFFFFFFFFFFFFFFFFFFFFFFFFFFFFFFFFFFFFFFFFFFFFFFFFFFFFFFFFFFF7D
:20832000FFFFFFFFFFFFFFFFFFFFFFFFFFFFFFFFFFFFFFFFFFFFFFFFFFFFFFFFFFFFFFFF5D
:20834000FFFFFFFFFFFFFFFFFFFFFFFFFFFFFFFFFFFFFFFFFFFFFFFFFFFFFFFFFFFFFFFF3D
:20836000FFFFFFFFFFFFFFFFFFFFFFFFFFFFFFFFFFFFFFFFFFFFFFFFFFFFFFFFFFFFFFFF1D
:20838000FFFFFFFFFFFFFFFFFFFFFFFFFFFFFFFFFFFFFFFFFFFFFFFFFFFFFFFFFFFFFFFFFD
:2083A000FFFFFFFFFFFFFFFFFFFFFFFFFFFFFFFFFFFFFFFFFFFFFFFFFFFFFFFFFFFFFFFFDD
:2083C000FFFFFFFFFFFFFFFFFFFFFFFFFFFFFFFFFFFFFFFFFFFFFFFFFFFFFFFFFFFFFFFFBD
:2083E000FFFFFFFFFFFFFFFFFFFFFFFFFFFFFFFFFFFFFFFFFFFFFFFFFFFFFFFFFFFFFFFF9D
:20840000FFFFFFFFFFFFFFFFFFFFFFFFFFFFFFFFFFFFFFFFFFFFFFFFFFFFFFFFFFFFFFFF7C
:20842000FFFFFFFFFFFFFFFFFFFFFFFFFFFFFFFFFFFFFFFFFFFFFFFFFFFFFFFFFFFFFFFF5C
:20844000FFFFFFFFFFFFFFFFFFFFFFFFFFFFFFFFFFFFFFFFFFFFFFFFFFFFFFFFFFFFFFFF3C
:20846000FFFFFFFFFFFFFFFFFFFFFFFFFFFFFFFFFFFFFFFFFFFFFFFFFFFFFFFFFFFFFFFF1C
:20848000FFFFFFFFFFFFFFFFFFFFFFFFFFFFFFFFFFFFFFFFFFFFFFFFFFFFFFFFFFFFFFFFFC
:2084A000FFFFFFFFFFFFFFFFFFFFFFFFFFFFFFFFFFFFFFFFFFFFFFFFFFFFFFFFFFFFFFFFDC
:2084C000FFFFFFFFFFFFFFFFFFFFFFFFFFFFFFFFFFFFFFFFFFFFFFFFFFFFFFFFFFFFFFFFBC
:2084E000FFFFFFFFFFFFFFFFFFFFFFFFFFFFFFFFFFFFFFFFFFFFFFFFFFFFFFFFFFFFFFFF9C
:20850000FFFFFFFFFFFFFFFFFFFFFFFFFFFFFFFFFFFFFFFFFFFFFFFFFFFFFFFFFFFFFFFF7B
:20852000FFFFFFFFFFFFFFFFFFFFFFFFFFFFFFFFFFFFFFFFFFFFFFFFFFFFFFFFFFFFFFFF5B
:20854000FFFFFFFFFFFFFFFFFFFFFFFFFFFFFFFFFFFFFFFFFFFFFFFFFFFFFFFFFFFFFFFF3B
:20856000FFFFFFFFFFFFFFFFFFFFFFFFFFFFFFFFFFFFFFFFFFFFFFFFFFFFFFFFFFFFFFFF1B
:20858000FFFFFFFFFFFFFFFFFFFFFFFFFFFFFFFFFFFFFFFFFFFFFFFFFFFFFFFFFFFFFFFFFB
:2085A000FFFFFFFFFFFFFFFFFFFFFFFFFFFFFFFFFFFFFFFFFFFFFFFFFFFFFFFFFFFFFFFFDB
:2085C000FFFFFFFFFFFFFFFFFFFFFFFFFFFFFFFFFFFFFFFFFFFFFFFFFFFFFFFFFFFFFFFFBB
:2085E000FFFFFFFFFFFFFFFFFFFFFFFFFFFFFFFFFFFFFFFFFFFFFFFFFFFFFFFFFFFFFFFF9B
:20860000FFFFFFFFFFFFFFFFFFFFFFFFFFFFFFFFFFFFFFFFFFFFFFFFFFFFFFFFFFFFFFFF7A
:20862000FFFFFFFFFFFFFFFFFFFFFFFFFFFFFFFFFFFFFFFFFFFFFFFFFFFFFFFFFFFFFFFF5A
:20864000FFFFFFFFFFFFFFFFFFFFFFFFFFFFFFFFFFFFFFFFFFFFFFFFFFFFFFFFFFFFFFFF3A
:20866000FFFFFFFFFFFFFFFFFFFFFFFFFFFFFFFFFFFFFFFFFFFFFFFFFFFFFFFFFFFFFFFF1A
:20868000FFFFFFFFFFFFFFFFFFFFFFFFFFFFFFFFFFFFFFFFFFFFFFFFFFFFFFFFFFFFFFFFFA
:2086A000FFFFFFFFFFFFFFFFFFFFFFFFFFFFFFFFFFFFFFFFFFFFFFFFFFFFFFFFFFFFFFFFDA
:2086C000FFFFFFFFFFFFFFFFFFFFFFFFFFFFFFFFFFFFFFFFFFFFFFFFFFFFFFFFFFFFFFFFBA
:2086E000FFFFFFFFFFFFFFFFFFFFFFFFFFFFFFFFFFFFFFFFFFFFFFFFFFFFFFFFFFFFFFFF9A
:20870000FFFFFFFFFFFFFFFFFFFFFFFFFFFFFFFFFFFFFFFFFFFFFFFFFFFFFFFFFFFFFFFF79
:20872000FFFFFFFFFFFFFFFFFFFFFFFFFFFFFFFFFFFFFFFFFFFFFFFFFFFFFFFFFFFFFFFF59
:20874000FFFFFFFFFFFFFFFFFFFFFFFFFFFFFFFFFFFFFFFFFFFFFFFFFFFFFFFFFFFFFFFF39
:20876000FFFFFFFFFFFFFFFFFFFFFFFFFFFFFFFFFFFFFFFFFFFFFFFFFFFFFFFFFFFFFFFF19
:20878000FFFFFFFFFFFFFFFFFFFFFFFFFFFFFFFFFFFFFFFFFFFFFFFFFFFFFFFFFFFFFFFFF9
:2087A000FFFFFFFFFFFFFFFFFFFFFFFFFFFFFFFFFFFFFFFFFFFFFFFFFFFFFFFFFFFFFFFFD9
:2087C000FFFFFFFFFFFFFFFFFFFFFFFFFFFFFFFFFFFFFFFFFFFFFFFFFFFFFFFFFFFFFFFFB9
:2087E000FFFFFFFFFFFFFFFFFFFFFFFFFFFFFFFFFFFFFFFFFFFFFFFFFFFFFFFFFFFFFFFF99
:20880000FFFFFFFFFFFFFFFFFFFFFFFFFFFFFFFFFFFFFFFFFFFFFFFFFFFFFFFFFFFFFFFF78
:20882000FFFFFFFFFFFFFFFFFFFFFFFFFFFFFFFFFFFFFFFFFFFFFFFFFFFFFFFFFFFFFFFF58
:20884000FFFFFFFFFFFFFFFFFFFFFFFFFFFFFFFFFFFFFFFFFFFFFFFFFFFFFFFFFFFFFFFF38
:20886000FFFFFFFFFFFFFFFFFFFFFFFFFFFFFFFFFFFFFFFFFFFFFFFFFFFFFFFFFFFFFFFF18
:20888000FFFFFFFFFFFFFFFFFFFFFFFFFFFFFFFFFFFFFFFFFFFFFFFFFFFFFFFFFFFFFFFFF8
:2088A000FFFFFFFFFFFFFFFFFFFFFFFFFFFFFFFFFFFFFFFFFFFFFFFFFFFFFFFFFFFFFFFFD8
:2088C000FFFFFFFFFFFFFFFFFFFFFFFFFFFFFFFFFFFFFFFFFFFFFFFFFFFFFFFFFFFFFFFFB8
:2088E000FFFFFFFFFFFFFFFFFFFFFFFFFFFFFFFFFFFFFFFFFFFFFFFFFFFFFFFFFFFFFFFF98
:20890000FFFFFFFFFFFFFFFFFFFFFFFFFFFFFFFFFFFFFFFFFFFFFFFFFFFFFFFFFFFFFFFF77
:20892000FFFFFFFFFFFFFFFFFFFFFFFFFFFFFFFFFFFFFFFFFFFFFFFFFFFFFFFFFFFFFFFF57
:20894000FFFFFFFFFFFFFFFFFFFFFFFFFFFFFFFFFFFFFFFFFFFFFFFFFFFFFFFFFFFFFFFF37
:20896000FFFFFFFFFFFFFFFFFFFFFFFFFFFFFFFFFFFFFFFFFFFFFFFFFFFFFFFFFFFFFFFF17
:20898000FFFFFFFFFFFFFFFFFFFFFFFFFFFFFFFFFFFFFFFFFFFFFFFFFFFFFFFFFFFFFFFFF7
:2089A000FFFFFFFFFFFFFFFFFFFFFFFFFFFFFFFFFFFFFFFFFFFFFFFFFFFFFFFFFFFFFFFFD7
:2089C000FFFFFFFFFFFFFFFFFFFFFFFFFFFFFFFFFFFFFFFFFFFFFFFFFFFFFFFFFFFFFFFFB7
:2089E000FFFFFFFFFFFFFFFFFFFFFFFFFFFFFFFFFFFFFFFFFFFFFFFFFFFFFFFFFFFFFFFF97
:208A0000FFFFFFFFFFFFFFFFFFFFFFFFFFFFFFFFFFFFFFFFFFFFFFFFFFFFFFFFFFFFFFFF76
:208A2000FFFFFFFFFFFFFFFFFFFFFFFFFFFFFFFFFFFFFFFFFFFFFFFFFFFFFFFFFFFFFFFF56
:208A4000FFFFFFFFFFFFFFFFFFFFFFFFFFFFFFFFFFFFFFFFFFFFFFFFFFFFFFFFFFFFFFFF36
:208A6000FFFFFFFFFFFFFFFFFFFFFFFFFFFFFFFFFFFFFFFFFFFFFFFFFFFFFFFFFFFFFFFF16
:208A8000FFFFFFFFFFFFFFFFFFFFFFFFFFFFFFFFFFFFFFFFFFFFFFFFFFFFFFFFFFFFFFFFF6
:208AA000FFFFFFFFFFFFFFFFFFFFFFFFFFFFFFFFFFFFFFFFFFFFFFFFFFFFFFFFFFFFFFFFD6
:208AC000FFFFFFFFFFFFFFFFFFFFFFFFFFFFFFFFFFFFFFFFFFFFFFFFFFFFFFFFFFFFFFFFB6
:208AE000FFFFFFFFFFFFFFFFFFFFFFFFFFFFFFFFFFFFFFFFFFFFFFFFFFFFFFFFFFFFFFFF96
:208B0000FFFFFFFFFFFFFFFFFFFFFFFFFFFFFFFFFFFFFFFFFFFFFFFFFFFFFFFFFFFFFFFF75
:208B2000FFFFFFFFFFFFFFFFFFFFFFFFFFFFFFFFFFFFFFFFFFFFFFFFFFFFFFFFFFFFFFFF55
:208B4000FFFFFFFFFFFFFFFFFFFFFFFFFFFFFFFFFFFFFFFFFFFFFFFFFFFFFFFFFFFFFFFF35
:208B6000FFFFFFFFFFFFFFFFFFFFFFFFFFFFFFFFFFFFFFFFFFFFFFFFFFFFFFFFFFFFFFFF15
:208B8000FFFFFFFFFFFFFFFFFFFFFFFFFFFFFFFFFFFFFFFFFFFFFFFFFFFFFFFFFFFFFFFFF5
:208BA000FFFFFFFFFFFFFFFFFFFFFFFFFFFFFFFFFFFFFFFFFFFFFFFFFFFFFFFFFFFFFFFFD5
:208BC000FFFFFFFFFFFFFFFFFFFFFFFFFFFFFFFFFFFFFFFFFFFFFFFFFFFFFFFFFFFFFFFFB5
:208BE000FFFFFFFFFFFFFFFFFFFFFFFFFFFFFFFFFFFFFFFFFFFFFFFFFFFFFFFFFFFFFFFF95
:208C0000FFFFFFFFFFFFFFFFFFFFFFFFFFFFFFFFFFFFFFFFFFFFFFFFFFFFFFFFFFFFFFFF74
:208C2000FFFFFFFFFFFFFFFFFFFFFFFFFFFFFFFFFFFFFFFFFFFFFFFFFFFFFFFFFFFFFFFF54
:208C4000FFFFFFFFFFFFFFFFFFFFFFFFFFFFFFFFFFFFFFFFFFFFFFFFFFFFFFFFFFFFFFFF34
:208C6000FFFFFFFFFFFFFFFFFFFFFFFFFFFFFFFFFFFFFFFFFFFFFFFFFFFFFFFFFFFFFFFF14
:208C8000FFFFFFFFFFFFFFFFFFFFFFFFFFFFFFFFFFFFFFFFFFFFFFFFFFFFFFFFFFFFFFFFF4
:208CA000FFFFFFFFFFFFFFFFFFFFFFFFFFFFFFFFFFFFFFFFFFFFFFFFFFFFFFFFFFFFFFFFD4
:208CC000FFFFFFFFFFFFFFFFFFFFFFFFFFFFFFFFFFFFFFFFFFFFFFFFFFFFFFFFFFFFFFFFB4
:208CE000FFFFFFFFFFFFFFFFFFFFFFFFFFFFFFFFFFFFFFFFFFFFFFFFFFFFFFFFFFFFFFFF94
:208D0000FFFFFFFFFFFFFFFFFFFFFFFFFFFFFFFFFFFFFFFFFFFFFFFFFFFFFFFFFFFFFFFF73
:208D2000FFFFFFFFFFFFFFFFFFFFFFFFFFFFFFFFFFFFFFFFFFFFFFFFFFFFFFFFFFFFFFFF53
:208D4000FFFFFFFFFFFFFFFFFFFFFFFFFFFFFFFFFFFFFFFFFFFFFFFFFFFFFFFFFFFFFFFF33
:208D6000FFFFFFFFFFFFFFFFFFFFFFFFFFFFFFFFFFFFFFFFFFFFFFFFFFFFFFFFFFFFFFFF13
:208D8000FFFFFFFFFFFFFFFFFFFFFFFFFFFFFFFFFFFFFFFFFFFFFFFFFFFFFFFFFFFFFFFFF3
:208DA000FFFFFFFFFFFFFFFFFFFFFFFFFFFFFFFFFFFFFFFFFFFFFFFFFFFFFFFFFFFFFFFFD3
:208DC000FFFFFFFFFFFFFFFFFFFFFFFFFFFFFFFFFFFFFFFFFFFFFFFFFFFFFFFFFFFFFFFFB3
:208DE000FFFFFFFFFFFFFFFFFFFFFFFFFFFFFFFFFFFFFFFFFFFFFFFFFFFFFFFFFFFFFFFF93
:208E0000FFFFFFFFFFFFFFFFFFFFFFFFFFFFFFFFFFFFFFFFFFFFFFFFFFFFFFFFFFFFFFFF72
:208E2000FFFFFFFFFFFFFFFFFFFFFFFFFFFFFFFFFFFFFFFFFFFFFFFFFFFFFFFFFFFFFFFF52
:208E4000FFFFFFFFFFFFFFFFFFFFFFFFFFFFFFFFFFFFFFFFFFFFFFFFFFFFFFFFFFFFFFFF32
:208E6000FFFFFFFFFFFFFFFFFFFFFFFFFFFFFFFFFFFFFFFFFFFFFFFFFFFFFFFFFFFFFFFF12
:208E8000FFFFFFFFFFFFFFFFFFFFFFFFFFFFFFFFFFFFFFFFFFFFFFFFFFFFFFFFFFFFFFFFF2
:208EA000FFFFFFFFFFFFFFFFFFFFFFFFFFFFFFFFFFFFFFFFFFFFFFFFFFFFFFFFFFFFFFFFD2
:208EC000FFFFFFFFFFFFFFFFFFFFFFFFFFFFFFFFFFFFFFFFFFFFFFFFFFFFFFFFFFFFFFFFB2
:208EE000FFFFFFFFFFFFFFFFFFFFFFFFFFFFFFFFFFFFFFFFFFFFFFFFFFFFFFFFFFFFFFFF92
:208F0000FFFFFFFFFFFFFFFFFFFFFFFFFFFFFFFFFFFFFFFFFFFFFFFFFFFFFFFFFFFFFFFF71
:208F2000FFFFFFFFFFFFFFFFFFFFFFFFFFFFFFFFFFFFFFFFFFFFFFFFFFFFFFFFFFFFFFFF51
:208F4000FFFFFFFFFFFFFFFFFFFFFFFFFFFFFFFFFFFFFFFFFFFFFFFFFFFFFFFFFFFFFFFF31
:208F6000FFFFFFFFFFFFFFFFFFFFFFFFFFFFFFFFFFFFFFFFFFFFFFFFFFFFFFFFFFFFFFFF11
:208F8000FFFFFFFFFFFFFFFFFFFFFFFFFFFFFFFFFFFFFFFFFFFFFFFFFFFFFFFFFFFFFFFFF1
:208FA000FFFFFFFFFFFFFFFFFFFFFFFFFFFFFFFFFFFFFFFFFFFFFFFFFFFFFFFFFFFFFFFFD1
:208FC000FFFFFFFFFFFFFFFFFFFFFFFFFFFFFFFFFFFFFFFFFFFFFFFFFFFFFFFFFFFFFFFFB1
:208FE000FFFFFFFFFFFFFFFFFFFFFFFFFFFFFFFFFFFFFFFFFFFFFFFFFFFFFFFFFFFFFFFF91
:20900000FFFFFFFFFFFFFFFFFFFFFFFFFFFFFFFFFFFFFFFFFFFFFFFFFFFFFFFFFFFFFFFF70
:20902000FFFFFFFFFFFFFFFFFFFFFFFFFFFFFFFFFFFFFFFFFFFFFFFFFFFFFFFFFFFFFFFF50
:20904000FFFFFFFFFFFFFFFFFFFFFFFFFFFFFFFFFFFFFFFFFFFFFFFFFFFFFFFFFFFFFFFF30
:20906000FFFFFFFFFFFFFFFFFFFFFFFFFFFFFFFFFFFFFFFFFFFFFFFFFFFFFFFFFFFFFFFF10
:20908000FFFFFFFFFFFFFFFFFFFFFFFFFFFFFFFFFFFFFFFFFFFFFFFFFFFFFFFFFFFFFFFFF0
:2090A000FFFFFFFFFFFFFFFFFFFFFFFFFFFFFFFFFFFFFFFFFFFFFFFFFFFFFFFFFFFFFFFFD0
:2090C000FFFFFFFFFFFFFFFFFFFFFFFFFFFFFFFFFFFFFFFFFFFFFFFFFFFFFFFFFFFFFFFFB0
:2090E000FFFFFFFFFFFFFFFFFFFFFFFFFFFFFFFFFFFFFFFFFFFFFFFFFFFFFFFFFFFFFFFF90
:20910000FFFFFFFFFFFFFFFFFFFFFFFFFFFFFFFFFFFFFFFFFFFFFFFFFFFFFFFFFFFFFFFF6F
:20912000FFFFFFFFFFFFFFFFFFFFFFFFFFFFFFFFFFFFFFFFFFFFFFFFFFFFFFFFFFFFFFFF4F
:20914000FFFFFFFFFFFFFFFFFFFFFFFFFFFFFFFFFFFFFFFFFFFFFFFFFFFFFFFFFFFFFFFF2F
:20916000FFFFFFFFFFFFFFFFFFFFFFFFFFFFFFFFFFFFFFFFFFFFFFFFFFFFFFFFFFFFFFFF0F
:20918000FFFFFFFFFFFFFFFFFFFFFFFFFFFFFFFFFFFFFFFFFFFFFFFFFFFFFFFFFFFFFFFFEF
:2091A000FFFFFFFFFFFFFFFFFFFFFFFFFFFFFFFFFFFFFFFFFFFFFFFFFFFFFFFFFFFFFFFFCF
:2091C000FFFFFFFFFFFFFFFFFFFFFFFFFFFFFFFFFFFFFFFFFFFFFFFFFFFFFFFFFFFFFFFFAF
:2091E000FFFFFFFFFFFFFFFFFFFFFFFFFFFFFFFFFFFFFFFFFFFFFFFFFFFFFFFFFFFFFFFF8F
:20920000FFFFFFFFFFFFFFFFFFFFFFFFFFFFFFFFFFFFFFFFFFFFFFFFFFFFFFFFFFFFFFFF6E
:20922000FFFFFFFFFFFFFFFFFFFFFFFFFFFFFFFFFFFFFFFFFFFFFFFFFFFFFFFFFFFFFFFF4E
:20924000FFFFFFFFFFFFFFFFFFFFFFFFFFFFFFFFFFFFFFFFFFFFFFFFFFFFFFFFFFFFFFFF2E
:20926000FFFFFFFFFFFFFFFFFFFFFFFFFFFFFFFFFFFFFFFFFFFFFFFFFFFFFFFFFFFFFFFF0E
:20928000FFFFFFFFFFFFFFFFFFFFFFFFFFFFFFFFFFFFFFFFFFFFFFFFFFFFFFFFFFFFFFFFEE
:2092A000FFFFFFFFFFFFFFFFFFFFFFFFFFFFFFFFFFFFFFFFFFFFFFFFFFFFFFFFFFFFFFFFCE
:2092C000FFFFFFFFFFFFFFFFFFFFFFFFFFFFFFFFFFFFFFFFFFFFFFFFFFFFFFFFFFFFFFFFAE
:2092E000FFFFFFFFFFFFFFFFFFFFFFFFFFFFFFFFFFFFFFFFFFFFFFFFFFFFFFFFFFFFFFFF8E
:20930000FFFFFFFFFFFFFFFFFFFFFFFFFFFFFFFFFFFFFFFFFFFFFFFFFFFFFFFFFFFFFFFF6D
:20932000FFFFFFFFFFFFFFFFFFFFFFFFFFFFFFFFFFFFFFFFFFFFFFFFFFFFFFFFFFFFFFFF4D
:20934000FFFFFFFFFFFFFFFFFFFFFFFFFFFFFFFFFFFFFFFFFFFFFFFFFFFFFFFFFFFFFFFF2D
:20936000FFFFFFFFFFFFFFFFFFFFFFFFFFFFFFFFFFFFFFFFFFFFFFFFFFFFFFFFFFFFFFFF0D
:20938000FFFFFFFFFFFFFFFFFFFFFFFFFFFFFFFFFFFFFFFFFFFFFFFFFFFFFFFFFFFFFFFFED
:2093A000FFFFFFFFFFFFFFFFFFFFFFFFFFFFFFFFFFFFFFFFFFFFFFFFFFFFFFFFFFFFFFFFCD
:2093C000FFFFFFFFFFFFFFFFFFFFFFFFFFFFFFFFFFFFFFFFFFFFFFFFFFFFFFFFFFFFFFFFAD
:2093E000FFFFFFFFFFFFFFFFFFFFFFFFFFFFFFFFFFFFFFFFFFFFFFFFFFFFFFFFFFFFFFFF8D
:20940000FFFFFFFFFFFFFFFFFFFFFFFFFFFFFFFFFFFFFFFFFFFFFFFFFFFFFFFFFFFFFFFF6C
:20942000FFFFFFFFFFFFFFFFFFFFFFFFFFFFFFFFFFFFFFFFFFFFFFFFFFFFFFFFFFFFFFFF4C
:20944000FFFFFFFFFFFFFFFFFFFFFFFFFFFFFFFFFFFFFFFFFFFFFFFFFFFFFFFFFFFFFFFF2C
:20946000FFFFFFFFFFFFFFFFFFFFFFFFFFFFFFFFFFFFFFFFFFFFFFFFFFFFFFFFFFFFFFFF0C
:20948000FFFFFFFFFFFFFFFFFFFFFFFFFFFFFFFFFFFFFFFFFFFFFFFFFFFFFFFFFFFFFFFFEC
:2094A000FFFFFFFFFFFFFFFFFFFFFFFFFFFFFFFFFFFFFFFFFFFFFFFFFFFFFFFFFFFFFFFFCC
:2094C000FFFFFFFFFFFFFFFFFFFFFFFFFFFFFFFFFFFFFFFFFFFFFFFFFFFFFFFFFFFFFFFFAC
:2094E000FFFFFFFFFFFFFFFFFFFFFFFFFFFFFFFFFFFFFFFFFFFFFFFFFFFFFFFFFFFFFFFF8C
:20950000FFFFFFFFFFFFFFFFFFFFFFFFFFFFFFFFFFFFFFFFFFFFFFFFFFFFFFFFFFFFFFFF6B
:20952000FFFFFFFFFFFFFFFFFFFFFFFFFFFFFFFFFFFFFFFFFFFFFFFFFFFFFFFFFFFFFFFF4B
:20954000FFFFFFFFFFFFFFFFFFFFFFFFFFFFFFFFFFFFFFFFFFFFFFFFFFFFFFFFFFFFFFFF2B
:20956000FFFFFFFFFFFFFFFFFFFFFFFFFFFFFFFFFFFFFFFFFFFFFFFFFFFFFFFFFFFFFFFF0B
:20958000FFFFFFFFFFFFFFFFFFFFFFFFFFFFFFFFFFFFFFFFFFFFFFFFFFFFFFFFFFFFFFFFEB
:2095A000FFFFFFFFFFFFFFFFFFFFFFFFFFFFFFFFFFFFFFFFFFFFFFFFFFFFFFFFFFFFFFFFCB
:2095C000FFFFFFFFFFFFFFFFFFFFFFFFFFFFFFFFFFFFFFFFFFFFFFFFFFFFFFFFFFFFFFFFAB
:2095E000FFFFFFFFFFFFFFFFFFFFFFFFFFFFFFFFFFFFFFFFFFFFFFFFFFFFFFFFFFFFFFFF8B
:20960000FFFFFFFFFFFFFFFFFFFFFFFFFFFFFFFFFFFFFFFFFFFFFFFFFFFFFFFFFFFFFFFF6A
:20962000FFFFFFFFFFFFFFFFFFFFFFFFFFFFFFFFFFFFFFFFFFFFFFFFFFFFFFFFFFFFFFFF4A
:20964000FFFFFFFFFFFFFFFFFFFFFFFFFFFFFFFFFFFFFFFFFFFFFFFFFFFFFFFFFFFFFFFF2A
:20966000FFFFFFFFFFFFFFFFFFFFFFFFFFFFFFFFFFFFFFFFFFFFFFFFFFFFFFFFFFFFFFFF0A
:20968000FFFFFFFFFFFFFFFFFFFFFFFFFFFFFFFFFFFFFFFFFFFFFFFFFFFFFFFFFFFFFFFFEA
:2096A000FFFFFFFFFFFFFFFFFFFFFFFFFFFFFFFFFFFFFFFFFFFFFFFFFFFFFFFFFFFFFFFFCA
:2096C000FFFFFFFFFFFFFFFFFFFFFFFFFFFFFFFFFFFFFFFFFFFFFFFFFFFFFFFFFFFFFFFFAA
:2096E000FFFFFFFFFFFFFFFFFFFFFFFFFFFFFFFFFFFFFFFFFFFFFFFFFFFFFFFFFFFFFFFF8A
:20970000FFFFFFFFFFFFFFFFFFFFFFFFFFFFFFFFFFFFFFFFFFFFFFFFFFFFFFFFFFFFFFFF69
:20972000FFFFFFFFFFFFFFFFFFFFFFFFFFFFFFFFFFFFFFFFFFFFFFFFFFFFFFFFFFFFFFFF49
:20974000FFFFFFFFFFFFFFFFFFFFFFFFFFFFFFFFFFFFFFFFFFFFFFFFFFFFFFFFFFFFFFFF29
:20976000FFFFFFFFFFFFFFFFFFFFFFFFFFFFFFFFFFFFFFFFFFFFFFFFFFFFFFFFFFFFFFFF09
:20978000FFFFFFFFFFFFFFFFFFFFFFFFFFFFFFFFFFFFFFFFFFFFFFFFFFFFFFFFFFFFFFFFE9
:2097A000FFFFFFFFFFFFFFFFFFFFFFFFFFFFFFFFFFFFFFFFFFFFFFFFFFFFFFFFFFFFFFFFC9
:2097C000FFFFFFFFFFFFFFFFFFFFFFFFFFFFFFFFFFFFFFFFFFFFFFFFFFFFFFFFFFFFFFFFA9
:2097E000FFFFFFFFFFFFFFFFFFFFFFFFFFFFFFFFFFFFFFFFFFFFFFFFFFFFFFFFFFFFFFFF89
:20980000FFFFFFFFFFFFFFFFFFFFFFFFFFFFFFFFFFFFFFFFFFFFFFFFFFFFFFFFFFFFFFFF68
:20982000FFFFFFFFFFFFFFFFFFFFFFFFFFFFFFFFFFFFFFFFFFFFFFFFFFFFFFFFFFFFFFFF48
:20984000FFFFFFFFFFFFFFFFFFFFFFFFFFFFFFFFFFFFFFFFFFFFFFFFFFFFFFFFFFFFFFFF28
:20986000FFFFFFFFFFFFFFFFFFFFFFFFFFFFFFFFFFFFFFFFFFFFFFFFFFFFFFFFFFFFFFFF08
:20988000FFFFFFFFFFFFFFFFFFFFFFFFFFFFFFFFFFFFFFFFFFFFFFFFFFFFFFFFFFFFFFFFE8
:2098A000FFFFFFFFFFFFFFFFFFFFFFFFFFFFFFFFFFFFFFFFFFFFFFFFFFFFFFFFFFFFFFFFC8
:2098C000FFFFFFFFFFFFFFFFFFFFFFFFFFFFFFFFFFFFFFFFFFFFFFFFFFFFFFFFFFFFFFFFA8
:2098E000FFFFFFFFFFFFFFFFFFFFFFFFFFFFFFFFFFFFFFFFFFFFFFFFFFFFFFFFFFFFFFFF88
:20990000FFFFFFFFFFFFFFFFFFFFFFFFFFFFFFFFFFFFFFFFFFFFFFFFFFFFFFFFFFFFFFFF67
:20992000FFFFFFFFFFFFFFFFFFFFFFFFFFFFFFFFFFFFFFFFFFFFFFFFFFFFFFFFFFFFFFFF47
:20994000FFFFFFFFFFFFFFFFFFFFFFFFFFFFFFFFFFFFFFFFFFFFFFFFFFFFFFFFFFFFFFFF27
:20996000FFFFFFFFFFFFFFFFFFFFFFFFFFFFFFFFFFFFFFFFFFFFFFFFFFFFFFFFFFFFFFFF07
:20998000FFFFFFFFFFFFFFFFFFFFFFFFFFFFFFFFFFFFFFFFFFFFFFFFFFFFFFFFFFFFFFFFE7
:2099A000FFFFFFFFFFFFFFFFFFFFFFFFFFFFFFFFFFFFFFFFFFFFFFFFFFFFFFFFFFFFFFFFC7
:2099C000FFFFFFFFFFFFFFFFFFFFFFFFFFFFFFFFFFFFFFFFFFFFFFFFFFFFFFFFFFFFFFFFA7
:2099E000FFFFFFFFFFFFFFFFFFFFFFFFFFFFFFFFFFFFFFFFFFFFFFFFFFFFFFFFFFFFFFFF87
:209A0000FFFFFFFFFFFFFFFFFFFFFFFFFFFFFFFFFFFFFFFFFFFFFFFFFFFFFFFFFFFFFFFF66
:209A2000FFFFFFFFFFFFFFFFFFFFFFFFFFFFFFFFFFFFFFFFFFFFFFFFFFFFFFFFFFFFFFFF46
:209A4000FFFFFFFFFFFFFFFFFFFFFFFFFFFFFFFFFFFFFFFFFFFFFFFFFFFFFFFFFFFFFFFF26
:209A6000FFFFFFFFFFFFFFFFFFFFFFFFFFFFFFFFFFFFFFFFFFFFFFFFFFFFFFFFFFFFFFFF06
:209A8000FFFFFFFFFFFFFFFFFFFFFFFFFFFFFFFFFFFFFFFFFFFFFFFFFFFFFFFFFFFFFFFFE6
:209AA000FFFFFFFFFFFFFFFFFFFFFFFFFFFFFFFFFFFFFFFFFFFFFFFFFFFFFFFFFFFFFFFFC6
:209AC000FFFFFFFFFFFFFFFFFFFFFFFFFFFFFFFFFFFFFFFFFFFFFFFFFFFFFFFFFFFFFFFFA6
:209AE000FFFFFFFFFFFFFFFFFFFFFFFFFFFFFFFFFFFFFFFFFFFFFFFFFFFFFFFFFFFFFFFF86
:209B0000FFFFFFFFFFFFFFFFFFFFFFFFFFFFFFFFFFFFFFFFFFFFFFFFFFFFFFFFFFFFFFFF65
:209B2000FFFFFFFFFFFFFFFFFFFFFFFFFFFFFFFFFFFFFFFFFFFFFFFFFFFFFFFFFFFFFFFF45
:209B4000FFFFFFFFFFFFFFFFFFFFFFFFFFFFFFFFFFFFFFFFFFFFFFFFFFFFFFFFFFFFFFFF25
:209B6000FFFFFFFFFFFFFFFFFFFFFFFFFFFFFFFFFFFFFFFFFFFFFFFFFFFFFFFFFFFFFFFF05
:209B8000FFFFFFFFFFFFFFFFFFFFFFFFFFFFFFFFFFFFFFFFFFFFFFFFFFFFFFFFFFFFFFFFE5
:209BA000FFFFFFFFFFFFFFFFFFFFFFFFFFFFFFFFFFFFFFFFFFFFFFFFFFFFFFFFFFFFFFFFC5
:209BC000FFFFFFFFFFFFFFFFFFFFFFFFFFFFFFFFFFFFFFFFFFFFFFFFFFFFFFFFFFFFFFFFA5
:209BE000FFFFFFFFFFFFFFFFFFFFFFFFFFFFFFFFFFFFFFFFFFFFFFFFFFFFFFFFFFFFFFFF85
:209C0000FFFFFFFFFFFFFFFFFFFFFFFFFFFFFFFFFFFFFFFFFFFFFFFFFFFFFFFFFFFFFFFF64
:209C2000FFFFFFFFFFFFFFFFFFFFFFFFFFFFFFFFFFFFFFFFFFFFFFFFFFFFFFFFFFFFFFFF44
:209C4000FFFFFFFFFFFFFFFFFFFFFFFFFFFFFFFFFFFFFFFFFFFFFFFFFFFFFFFFFFFFFFFF24
:209C6000FFFFFFFFFFFFFFFFFFFFFFFFFFFFFFFFFFFFFFFFFFFFFFFFFFFFFFFFFFFFFFFF04
:209C8000FFFFFFFFFFFFFFFFFFFFFFFFFFFFFFFFFFFFFFFFFFFFFFFFFFFFFFFFFFFFFFFFE4
:209CA000FFFFFFFFFFFFFFFFFFFFFFFFFFFFFFFFFFFFFFFFFFFFFFFFFFFFFFFFFFFFFFFFC4
:209CC000FFFFFFFFFFFFFFFFFFFFFFFFFFFFFFFFFFFFFFFFFFFFFFFFFFFFFFFFFFFFFFFFA4
:209CE000FFFFFFFFFFFFFFFFFFFFFFFFFFFFFFFFFFFFFFFFFFFFFFFFFFFFFFFFFFFFFFFF84
:209D0000FFFFFFFFFFFFFFFFFFFFFFFFFFFFFFFFFFFFFFFFFFFFFFFFFFFFFFFFFFFFFFFF63
:209D2000FFFFFFFFFFFFFFFFFFFFFFFFFFFFFFFFFFFFFFFFFFFFFFFFFFFFFFFFFFFFFFFF43
:209D4000FFFFFFFFFFFFFFFFFFFFFFFFFFFFFFFFFFFFFFFFFFFFFFFFFFFFFFFFFFFFFFFF23
:209D6000FFFFFFFFFFFFFFFFFFFFFFFFFFFFFFFFFFFFFFFFFFFFFFFFFFFFFFFFFFFFFFFF03
:209D8000FFFFFFFFFFFFFFFFFFFFFFFFFFFFFFFFFFFFFFFFFFFFFFFFFFFFFFFFFFFFFFFFE3
:209DA000FFFFFFFFFFFFFFFFFFFFFFFFFFFFFFFFFFFFFFFFFFFFFFFFFFFFFFFFFFFFFFFFC3
:209DC000FFFFFFFFFFFFFFFFFFFFFFFFFFFFFFFFFFFFFFFFFFFFFFFFFFFFFFFFFFFFFFFFA3
:209DE000FFFFFFFFFFFFFFFFFFFFFFFFFFFFFFFFFFFFFFFFFFFFFFFFFFFFFFFFFFFFFFFF83
:209E0000FFFFFFFFFFFFFFFFFFFFFFFFFFFFFFFFFFFFFFFFFFFFFFFFFFFFFFFFFFFFFFFF62
:209E2000FFFFFFFFFFFFFFFFFFFFFFFFFFFFFFFFFFFFFFFFFFFFFFFFFFFFFFFFFFFFFFFF42
:209E4000FFFFFFFFFFFFFFFFFFFFFFFFFFFFFFFFFFFFFFFFFFFFFFFFFFFFFFFFFFFFFFFF22
:209E6000FFFFFFFFFFFFFFFFFFFFFFFFFFFFFFFFFFFFFFFFFFFFFFFFFFFFFFFFFFFFFFFF02
:209E8000FFFFFFFFFFFFFFFFFFFFFFFFFFFFFFFFFFFFFFFFFFFFFFFFFFFFFFFFFFFFFFFFE2
:209EA000FFFFFFFFFFFFFFFFFFFFFFFFFFFFFFFFFFFFFFFFFFFFFFFFFFFFFFFFFFFFFFFFC2
:209EC000FFFFFFFFFFFFFFFFFFFFFFFFFFFFFFFFFFFFFFFFFFFFFFFFFFFFFFFFFFFFFFFFA2
:209EE000FFFFFFFFFFFFFFFFFFFFFFFFFFFFFFFFFFFFFFFFFFFFFFFFFFFFFFFFFFFFFFFF82
:209F0000FFFFFFFFFFFFFFFFFFFFFFFFFFFFFFFFFFFFFFFFFFFFFFFFFFFFFFFFFFFFFFFF61
:209F2000FFFFFFFFFFFFFFFFFFFFFFFFFFFFFFFFFFFFFFFFFFFFFFFFFFFFFFFFFFFFFFFF41
:209F4000FFFFFFFFFFFFFFFFFFFFFFFFFFFFFFFFFFFFFFFFFFFFFFFFFFFFFFFFFFFFFFFF21
:209F6000FFFFFFFFFFFFFFFFFFFFFFFFFFFFFFFFFFFFFFFFFFFFFFFFFFFFFFFFFFFFFFFF01
:209F8000FFFFFFFFFFFFFFFFFFFFFFFFFFFFFFFFFFFFFFFFFFFFFFFFFFFFFFFFFFFFFFFFE1
:209FA000FFFFFFFFFFFFFFFFFFFFFFFFFFFFFFFFFFFFFFFFFFFFFFFFFFFFFFFFFFFFFFFFC1
:209FC000FFFFFFFFFFFFFFFFFFFFFFFFFFFFFFFFFFFFFFFFFFFFFFFFFFFFFFFFFFFFFFFFA1
:209FE000FFFFFFFFFFFFFFFFFFFFFFFFFFFFFFFFFFFFFFFFFFFFFFFFFFFFFFFFFFFFFFFF81
:20A000003046022100EC2FE5E2E6205B1524764BDD3E230D034B585AF0C7B4A0C4CEF2EEA2
:20A02000469154F96A022100D2344CB16340A8BE65F6D3ED896F31D55E92170522D23925EC
:20A04000CC18692382EB6CFA48000000000000000000000000000000000000000000000075
:20A060000000000000000000000000000000000000000000000000000000000000000000E0
:20A080000000000000000000000000000000000000000000000000000000000000000000C0
:20A0A0000000000000000000000000000000000000000000000000000000000000000000A0
:20A0C000000000000000000000000000000000000000000000000000000000000000000080
:20A0E000000000000000000000000000000000000000000000000000000000000000000060
:20A1000000000000000000000000000000000000000000000000000000000000000000003F
:20A1200000000000000000000000000000000000000000000000000000000000000000001F
:20A140000000000000000000000000000000000000000000000000000000000000000000FF
:20A160000000000000000000000000000000000000000000000000000000000000000000DF
:20A180008F50D141823E3A7E0F7D33AC12DFDDC6AAF1F6B4D8ABB4E0BBA2C2A7A7E44F83D8
:20A1A000556A0F000101A737B0000000D7F92288C71BEE11B24BC32A0C01A15700A501044D
:20A1C000000000000000000000A001040000000000000000000000000000000000000000DA
:20A1E00000000000000000000000000000000000000000000000000000000000000000005F
:20A20000010000D04FDBA8636465762323232323044714230C8E79A856B231E36494D40421
:20A220003997DCF4D856EE5BD8FF0511DF0EA19F79301635E564C96854260D34CE5E50FE4A
:20A240009654C8A92FD92F655B86081DEE1205F36B0000000000000000000000000000009E
:20A260000000000000000000000000000000000000000000000000000000000000000000DE
:20A280000000000000000000000000000000000000000000000000000000000000000000BE
:20A2A00000000000000000000000000000000000000000000000000000000000000000009E
:20A2C00000000000000000000000000000000000000000000000000000000000000000007E
:20A2E00000000000000000000000000000000000000000000000000000000000000000005E
:20A3000000000000000000000000000000000000000000000000000000000000000000003D
:20A3200000000000000000000000000000000000000000000000000000000000000000001D
:20A340000000000000000000000000000000000000000000000000000000000000000000FD
:20A360000000000000000000000000000000000000000000000000000000000000000000DD
:20A380000000000000000000000000000000000000000000000000000000000000000000BD
:20A3A00000000000000000000000000000000000000000000000000000000000000000009D
:20A3C00000000000000000000000000000000000000000000000000000000000000000007D
:20A3E00000000000000000000000000000000000000000000000000000000000000000005D
:20A4000000000000000000000000000000000000000000000000000000000000000000003C
:20A4200000000000000000000000000000000000000000000000000000000000000000001C
:20A440000000000000000000000000000000000000000000000000000000000000000000FC
:20A460000000000000000000000000000000000000000000000000000000000000000000DC
:20A480000000000000000000000000000000000000000000000000000000000000000000BC
:20A4A00000000000000000000000000000000000000000000000000000000000000000009C
:20A4C00000000000000000000000000000000000000000000000000000000000000000007C
:20A4E00000000000000000000000000000000000000000000000000000000000000000005C
:20A5000080B5064806A102684FF01850904700F017F800F041F8012080BD00BFF4A4130039
:20A520003E3E3E204E5320506174636820656E74727900000000000000000000000000003E
:20A540000D480E490E4A800818B108C9013808C2FAE70C480C490D4A800818B108C9013896
:20A5600008C2FAE70A4800220A49800810B104C10138FBE7704700BF00000000B0A5010470
:20A580000038140000000000B0A50104007814000000000000781400704700000000000046
:20A5A00000000000000000000000000000000000FFFFFFFFFFFFFFFFFFFFFFFFFFFFFFFFAB
:20A5C000FFFFFFFFFFFFFFFFFFFFFFFFFFFFFFFFFFFFFFFFFFFFFFFFFFFFFFFFFFFFFFFF9B
:20A5E000FFFFFFFFFFFFFFFFFFFFFFFFFFFFFFFFFFFFFFFFFFFFFFFFFFFFFFFFFFFFFFFF7B
:20A60000FFFFFFFFFFFFFFFFFFFFFFFFFFFFFFFFFFFFFFFFFFFFFFFFFFFFFFFFFFFFFFFF5A
:20A62000FFFFFFFFFFFFFFFFFFFFFFFFFFFFFFFFFFFFFFFFFFFFFFFFFFFFFFFFFFFFFFFF3A
:20A64000FFFFFFFFFFFFFFFFFFFFFFFFFFFFFFFFFFFFFFFFFFFFFFFFFFFFFFFFFFFFFFFF1A
:20A66000FFFFFFFFFFFFFFFFFFFFFFFFFFFFFFFFFFFFFFFFFFFFFFFFFFFFFFFFFFFFFFFFFA
:20A68000FFFFFFFFFFFFFFFFFFFFFFFFFFFFFFFFFFFFFFFFFFFFFFFFFFFFFFFFFFFFFFFFDA
:20A6A000FFFFFFFFFFFFFFFFFFFFFFFFFFFFFFFFFFFFFFFFFFFFFFFFFFFFFFFFFFFFFFFFBA
:20A6C000FFFFFFFFFFFFFFFFFFFFFFFFFFFFFFFFFFFFFFFFFFFFFFFFFFFFFFFFFFFFFFFF9A
:20A6E000FFFFFFFFFFFFFFFFFFFFFFFFFFFFFFFFFFFFFFFFFFFFFFFFFFFFFFFFFFFFFFFF7A
:20A70000FFFFFFFFFFFFFFFFFFFFFFFFFFFFFFFFFFFFFFFFFFFFFFFFFFFFFFFFFFFFFFFF59
:20A72000FFFFFFFFFFFFFFFFFFFFFFFFFFFFFFFFFFFFFFFFFFFFFFFFFFFFFFFFFFFFFFFF39
:20A74000FFFFFFFFFFFFFFFFFFFFFFFFFFFFFFFFFFFFFFFFFFFFFFFFFFFFFFFFFFFFFFFF19
:20A76000FFFFFFFFFFFFFFFFFFFFFFFFFFFFFFFFFFFFFFFFFFFFFFFFFFFFFFFFFFFFFFFFF9
:20A78000FFFFFFFFFFFFFFFFFFFFFFFFFFFFFFFFFFFFFFFFFFFFFFFFFFFFFFFFFFFFFFFFD9
:20A7A000FFFFFFFFFFFFFFFFFFFFFFFFFFFFFFFFFFFFFFFFFFFFFFFFFFFFFFFFFFFFFFFFB9
:20A7C000FFFFFFFFFFFFFFFFFFFFFFFFFFFFFFFFFFFFFFFFFFFFFFFFFFFFFFFFFFFFFFFF99
:20A7E000FFFFFFFFFFFFFFFFFFFFFFFFFFFFFFFFFFFFFFFFFFFFFFFFFFFFFFFFFFFFFFFF79
:20A80000FFFFFFFFFFFFFFFFFFFFFFFFFFFFFFFFFFFFFFFFFFFFFFFFFFFFFFFFFFFFFFFF58
:20A82000FFFFFFFFFFFFFFFFFFFFFFFFFFFFFFFFFFFFFFFFFFFFFFFFFFFFFFFFFFFFFFFF38
:20A84000FFFFFFFFFFFFFFFFFFFFFFFFFFFFFFFFFFFFFFFFFFFFFFFFFFFFFFFFFFFFFFFF18
:20A86000FFFFFFFFFFFFFFFFFFFFFFFFFFFFFFFFFFFFFFFFFFFFFFFFFFFFFFFFFFFFFFFFF8
:20A88000FFFFFFFFFFFFFFFFFFFFFFFFFFFFFFFFFFFFFFFFFFFFFFFFFFFFFFFFFFFFFFFFD8
:20A8A000FFFFFFFFFFFFFFFFFFFFFFFFFFFFFFFFFFFFFFFFFFFFFFFFFFFFFFFFFFFFFFFFB8
:20A8C000FFFFFFFFFFFFFFFFFFFFFFFFFFFFFFFFFFFFFFFFFFFFFFFFFFFFFFFFFFFFFFFF98
:20A8E000FFFFFFFFFFFFFFFFFFFFFFFFFFFFFFFFFFFFFFFFFFFFFFFFFFFFFFFFFFFFFFFF78
:20A90000FFFFFFFFFFFFFFFFFFFFFFFFFFFFFFFFFFFFFFFFFFFFFFFFFFFFFFFFFFFFFFFF57
:20A92000FFFFFFFFFFFFFFFFFFFFFFFFFFFFFFFFFFFFFFFFFFFFFFFFFFFFFFFFFFFFFFFF37
:20A94000FFFFFFFFFFFFFFFFFFFFFFFFFFFFFFFFFFFFFFFFFFFFFFFFFFFFFFFFFFFFFFFF17
:20A96000FFFFFFFFFFFFFFFFFFFFFFFFFFFFFFFFFFFFFFFFFFFFFFFFFFFFFFFFFFFFFFFFF7
:20A98000FFFFFFFFFFFFFFFFFFFFFFFFFFFFFFFFFFFFFFFFFFFFFFFFFFFFFFFFFFFFFFFFD7
:20A9A000FFFFFFFFFFFFFFFFFFFFFFFFFFFFFFFFFFFFFFFFFFFFFFFFFFFFFFFFFFFFFFFFB7
:20A9C000FFFFFFFFFFFFFFFFFFFFFFFFFFFFFFFFFFFFFFFFFFFFFFFFFFFFFFFFFFFFFFFF97
:20A9E000FFFFFFFFFFFFFFFFFFFFFFFFFFFFFFFFFFFFFFFFFFFFFFFFFFFFFFFFFFFFFFFF77
:20AA0000FFFFFFFFFFFFFFFFFFFFFFFFFFFFFFFFFFFFFFFFFFFFFFFFFFFFFFFFFFFFFFFF56
:20AA2000FFFFFFFFFFFFFFFFFFFFFFFFFFFFFFFFFFFFFFFFFFFFFFFFFFFFFFFFFFFFFFFF36
:20AA4000FFFFFFFFFFFFFFFFFFFFFFFFFFFFFFFFFFFFFFFFFFFFFFFFFFFFFFFFFFFFFFFF16
:20AA6000FFFFFFFFFFFFFFFFFFFFFFFFFFFFFFFFFFFFFFFFFFFFFFFFFFFFFFFFFFFFFFFFF6
:20AA8000FFFFFFFFFFFFFFFFFFFFFFFFFFFFFFFFFFFFFFFFFFFFFFFFFFFFFFFFFFFFFFFFD6
:20AAA000FFFFFFFFFFFFFFFFFFFFFFFFFFFFFFFFFFFFFFFFFFFFFFFFFFFFFFFFFFFFFFFFB6
:20AAC000FFFFFFFFFFFFFFFFFFFFFFFFFFFFFFFFFFFFFFFFFFFFFFFFFFFFFFFFFFFFFFFF96
:20AAE000FFFFFFFFFFFFFFFFFFFFFFFFFFFFFFFFFFFFFFFFFFFFFFFFFFFFFFFFFFFFFFFF76
:20AB0000FFFFFFFFFFFFFFFFFFFFFFFFFFFFFFFFFFFFFFFFFFFFFFFFFFFFFFFFFFFFFFFF55
:20AB2000FFFFFFFFFFFFFFFFFFFFFFFFFFFFFFFFFFFFFFFFFFFFFFFFFFFFFFFFFFFFFFFF35
:20AB4000FFFFFFFFFFFFFFFFFFFFFFFFFFFFFFFFFFFFFFFFFFFFFFFFFFFFFFFFFFFFFFFF15
:20AB6000FFFFFFFFFFFFFFFFFFFFFFFFFFFFFFFFFFFFFFFFFFFFFFFFFFFFFFFFFFFFFFFFF5
:20AB8000FFFFFFFFFFFFFFFFFFFFFFFFFFFFFFFFFFFFFFFFFFFFFFFFFFFFFFFFFFFFFFFFD5
:20ABA000FFFFFFFFFFFFFFFFFFFFFFFFFFFFFFFFFFFFFFFFFFFFFFFFFFFFFFFFFFFFFFFFB5
:20ABC000FFFFFFFFFFFFFFFFFFFFFFFFFFFFFFFFFFFFFFFFFFFFFFFFFFFFFFFFFFFFFFFF95
:20ABE000FFFFFFFFFFFFFFFFFFFFFFFFFFFFFFFFFFFFFFFFFFFFFFFFFFFFFFFFFFFFFFFF75
:20AC0000FFFFFFFFFFFFFFFFFFFFFFFFFFFFFFFFFFFFFFFFFFFFFFFFFFFFFFFFFFFFFFFF54
:20AC2000FFFFFFFFFFFFFFFFFFFFFFFFFFFFFFFFFFFFFFFFFFFFFFFFFFFFFFFFFFFFFFFF34
:20AC4000FFFFFFFFFFFFFFFFFFFFFFFFFFFFFFFFFFFFFFFFFFFFFFFFFFFFFFFFFFFFFFFF14
:20AC6000FFFFFFFFFFFFFFFFFFFFFFFFFFFFFFFFFFFFFFFFFFFFFFFFFFFFFFFFFFFFFFFFF4
:20AC8000FFFFFFFFFFFFFFFFFFFFFFFFFFFFFFFFFFFFFFFFFFFFFFFFFFFFFFFFFFFFFFFFD4
:20ACA000FFFFFFFFFFFFFFFFFFFFFFFFFFFFFFFFFFFFFFFFFFFFFFFFFFFFFFFFFFFFFFFFB4
:20ACC000FFFFFFFFFFFFFFFFFFFFFFFFFFFFFFFFFFFFFFFFFFFFFFFFFFFFFFFFFFFFFFFF94
:20ACE000FFFFFFFFFFFFFFFFFFFFFFFFFFFFFFFFFFFFFFFFFFFFFFFFFFFFFFFFFFFFFFFF74
:20AD0000FFFFFFFFFFFFFFFFFFFFFFFFFFFFFFFFFFFFFFFFFFFFFFFFFFFFFFFFFFFFFFFF53
:20AD2000FFFFFFFFFFFFFFFFFFFFFFFFFFFFFFFFFFFFFFFFFFFFFFFFFFFFFFFFFFFFFFFF33
:20AD4000FFFFFFFFFFFFFFFFFFFFFFFFFFFFFFFFFFFFFFFFFFFFFFFFFFFFFFFFFFFFFFFF13
:20AD6000FFFFFFFFFFFFFFFFFFFFFFFFFFFFFFFFFFFFFFFFFFFFFFFFFFFFFFFFFFFFFFFFF3
:20AD8000FFFFFFFFFFFFFFFFFFFFFFFFFFFFFFFFFFFFFFFFFFFFFFFFFFFFFFFFFFFFFFFFD3
:20ADA000FFFFFFFFFFFFFFFFFFFFFFFFFFFFFFFFFFFFFFFFFFFFFFFFFFFFFFFFFFFFFFFFB3
:20ADC000FFFFFFFFFFFFFFFFFFFFFFFFFFFFFFFFFFFFFFFFFFFFFFFFFFFFFFFFFFFFFFFF93
:20ADE000FFFFFFFFFFFFFFFFFFFFFFFFFFFFFFFFFFFFFFFFFFFFFFFFFFFFFFFFFFFFFFFF73
:20AE0000FFFFFFFFFFFFFFFFFFFFFFFFFFFFFFFFFFFFFFFFFFFFFFFFFFFFFFFFFFFFFFFF52
:20AE2000FFFFFFFFFFFFFFFFFFFFFFFFFFFFFFFFFFFFFFFFFFFFFFFFFFFFFFFFFFFFFFFF32
:20AE4000FFFFFFFFFFFFFFFFFFFFFFFFFFFFFFFFFFFFFFFFFFFFFFFFFFFFFFFFFFFFFFFF12
:20AE6000FFFFFFFFFFFFFFFFFFFFFFFFFFFFFFFFFFFFFFFFFFFFFFFFFFFFFFFFFFFFFFFFF2
:20AE8000FFFFFFFFFFFFFFFFFFFFFFFFFFFFFFFFFFFFFFFFFFFFFFFFFFFFFFFFFFFFFFFFD2
:20AEA000FFFFFFFFFFFFFFFFFFFFFFFFFFFFFFFFFFFFFFFFFFFFFFFFFFFFFFFFFFFFFFFFB2
:20AEC000FFFFFFFFFFFFFFFFFFFFFFFFFFFFFFFFFFFFFFFFFFFFFFFFFFFFFFFFFFFFFFFF92
:20AEE000FFFFFFFFFFFFFFFFFFFFFFFFFFFFFFFFFFFFFFFFFFFFFFFFFFFFFFFFFFFFFFFF72
:20AF0000FFFFFFFFFFFFFFFFFFFFFFFFFFFFFFFFFFFFFFFFFFFFFFFFFFFFFFFFFFFFFFFF51
:20AF2000FFFFFFFFFFFFFFFFFFFFFFFFFFFFFFFFFFFFFFFFFFFFFFFFFFFFFFFFFFFFFFFF31
:20AF4000FFFFFFFFFFFFFFFFFFFFFFFFFFFFFFFFFFFFFFFFFFFFFFFFFFFFFFFFFFFFFFFF11
:20AF6000FFFFFFFFFFFFFFFFFFFFFFFFFFFFFFFFFFFFFFFFFFFFFFFFFFFFFFFFFFFFFFFFF1
:20AF8000FFFFFFFFFFFFFFFFFFFFFFFFFFFFFFFFFFFFFFFFFFFFFFFFFFFFFFFFFFFFFFFFD1
:20AFA000FFFFFFFFFFFFFFFFFFFFFFFFFFFFFFFFFFFFFFFFFFFFFFFFFFFFFFFFFFFFFFFFB1
:20AFC000FFFFFFFFFFFFFFFFFFFFFFFFFFFFFFFFFFFFFFFFFFFFFFFFFFFFFFFFFFFFFFFF91
:20AFE000FFFFFFFFFFFFFFFFFFFFFFFFFFFFFFFFFFFFFFFFFFFFFFFFFFFFFFFFFFFFFFFF71
:20B00000FFFFFFFFFFFFFFFFFFFFFFFFFFFFFFFFFFFFFFFFFFFFFFFFFFFFFFFFFFFFFFFF50
:20B02000FFFFFFFFFFFFFFFFFFFFFFFFFFFFFFFFFFFFFFFFFFFFFFFFFFFFFFFFFFFFFFFF30
:20B04000FFFFFFFFFFFFFFFFFFFFFFFFFFFFFFFFFFFFFFFFFFFFFFFFFFFFFFFFFFFFFFFF10
:20B06000FFFFFFFFFFFFFFFFFFFFFFFFFFFFFFFFFFFFFFFFFFFFFFFFFFFFFFFFFFFFFFFFF0
:20B08000FFFFFFFFFFFFFFFFFFFFFFFFFFFFFFFFFFFFFFFFFFFFFFFFFFFFFFFFFFFFFFFFD0
:20B0A000FFFFFFFFFFFFFFFFFFFFFFFFFFFFFFFFFFFFFFFFFFFFFFFFFFFFFFFFFFFFFFFFB0
:20B0C000FFFFFFFFFFFFFFFFFFFFFFFFFFFFFFFFFFFFFFFFFFFFFFFFFFFFFFFFFFFFFFFF90
:20B0E000FFFFFFFFFFFFFFFFFFFFFFFFFFFFFFFFFFFFFFFFFFFFFFFFFFFFFFFFFFFFFFFF70
:20B10000FFFFFFFFFFFFFFFFFFFFFFFFFFFFFFFFFFFFFFFFFFFFFFFFFFFFFFFFFFFFFFFF4F
:20B12000FFFFFFFFFFFFFFFFFFFFFFFFFFFFFFFFFFFFFFFFFFFFFFFFFFFFFFFFFFFFFFFF2F
:20B14000FFFFFFFFFFFFFFFFFFFFFFFFFFFFFFFFFFFFFFFFFFFFFFFFFFFFFFFFFFFFFFFF0F
:20B16000FFFFFFFFFFFFFFFFFFFFFFFFFFFFFFFFFFFFFFFFFFFFFFFFFFFFFFFFFFFFFFFFEF
:20B18000FFFFFFFFFFFFFFFFFFFFFFFFFFFFFFFFFFFFFFFFFFFFFFFFFFFFFFFFFFFFFFFFCF
:20B1A000FFFFFFFFFFFFFFFFFFFFFFFFFFFFFFFFFFFFFFFFFFFFFFFFFFFFFFFFFFFFFFFFAF
:20B1C000FFFFFFFFFFFFFFFFFFFFFFFFFFFFFFFFFFFFFFFFFFFFFFFFFFFFFFFFFFFFFFFF8F
:20B1E000FFFFFFFFFFFFFFFFFFFFFFFFFFFFFFFFFFFFFFFFFFFFFFFFFFFFFFFFFFFFFFFF6F
:20B20000FFFFFFFFFFFFFFFFFFFFFFFFFFFFFFFFFFFFFFFFFFFFFFFFFFFFFFFFFFFFFFFF4E
:20B22000FFFFFFFFFFFFFFFFFFFFFFFFFFFFFFFFFFFFFFFFFFFFFFFFFFFFFFFFFFFFFFFF2E
:20B24000FFFFFFFFFFFFFFFFFFFFFFFFFFFFFFFFFFFFFFFFFFFFFFFFFFFFFFFFFFFFFFFF0E
:20B26000FFFFFFFFFFFFFFFFFFFFFFFFFFFFFFFFFFFFFFFFFFFFFFFFFFFFFFFFFFFFFFFFEE
:20B28000FFFFFFFFFFFFFFFFFFFFFFFFFFFFFFFFFFFFFFFFFFFFFFFFFFFFFFFFFFFFFFFFCE
:20B2A000FFFFFFFFFFFFFFFFFFFFFFFFFFFFFFFFFFFFFFFFFFFFFFFFFFFFFFFFFFFFFFFFAE
:20B2C000FFFFFFFFFFFFFFFFFFFFFFFFFFFFFFFFFFFFFFFFFFFFFFFFFFFFFFFFFFFFFFFF8E
:20B2E000FFFFFFFFFFFFFFFFFFFFFFFFFFFFFFFFFFFFFFFFFFFFFFFFFFFFFFFFFFFFFFFF6E
:20B30000FFFFFFFFFFFFFFFFFFFFFFFFFFFFFFFFFFFFFFFFFFFFFFFFFFFFFFFFFFFFFFFF4D
:20B32000FFFFFFFFFFFFFFFFFFFFFFFFFFFFFFFFFFFFFFFFFFFFFFFFFFFFFFFFFFFFFFFF2D
:20B34000FFFFFFFFFFFFFFFFFFFFFFFFFFFFFFFFFFFFFFFFFFFFFFFFFFFFFFFFFFFFFFFF0D
:20B36000FFFFFFFFFFFFFFFFFFFFFFFFFFFFFFFFFFFFFFFFFFFFFFFFFFFFFFFFFFFFFFFFED
:20B38000FFFFFFFFFFFFFFFFFFFFFFFFFFFFFFFFFFFFFFFFFFFFFFFFFFFFFFFFFFFFFFFFCD
:20B3A000FFFFFFFFFFFFFFFFFFFFFFFFFFFFFFFFFFFFFFFFFFFFFFFFFFFFFFFFFFFFFFFFAD
:20B3C000FFFFFFFFFFFFFFFFFFFFFFFFFFFFFFFFFFFFFFFFFFFFFFFFFFFFFFFFFFFFFFFF8D
:20B3E000FFFFFFFFFFFFFFFFFFFFFFFFFFFFFFFFFFFFFFFFFFFFFFFFFFFFFFFFFFFFFFFF6D
:20B40000FFFFFFFFFFFFFFFFFFFFFFFFFFFFFFFFFFFFFFFFFFFFFFFFFFFFFFFFFFFFFFFF4C
:20B42000FFFFFFFFFFFFFFFFFFFFFFFFFFFFFFFFFFFFFFFFFFFFFFFFFFFFFFFFFFFFFFFF2C
:20B44000FFFFFFFFFFFFFFFFFFFFFFFFFFFFFFFFFFFFFFFFFFFFFFFFFFFFFFFFFFFFFFFF0C
:20B46000FFFFFFFFFFFFFFFFFFFFFFFFFFFFFFFFFFFFFFFFFFFFFFFFFFFFFFFFFFFFFFFFEC
:20B48000FFFFFFFFFFFFFFFFFFFFFFFFFFFFFFFFFFFFFFFFFFFFFFFFFFFFFFFFFFFFFFFFCC
:20B4A000FFFFFFFFFFFFFFFFFFFFFFFFFFFFFFFFFFFFFFFFFFFFFFFFFFFFFFFFFFFFFFFFAC
:20B4C000FFFFFFFFFFFFFFFFFFFFFFFFFFFFFFFFFFFFFFFFFFFFFFFFFFFFFFFFFFFFFFFF8C
:20B4E000FFFFFFFFFFFFFFFFFFFFFFFFFFFFFFFFFFFFFFFFFFFFFFFFFFFFFFFFFFFFFFFF6C
:20B50000FFFFFFFFFFFFFFFFFFFFFFFFFFFFFFFFFFFFFFFFFFFFFFFFFFFFFFFFFFFFFFFF4B
:20B52000FFFFFFFFFFFFFFFFFFFFFFFFFFFFFFFFFFFFFFFFFFFFFFFFFFFFFFFFFFFFFFFF2B
:20B54000FFFFFFFFFFFFFFFFFFFFFFFFFFFFFFFFFFFFFFFFFFFFFFFFFFFFFFFFFFFFFFFF0B
:20B56000FFFFFFFFFFFFFFFFFFFFFFFFFFFFFFFFFFFFFFFFFFFFFFFFFFFFFFFFFFFFFFFFEB
:20B58000FFFFFFFFFFFFFFFFFFFFFFFFFFFFFFFFFFFFFFFFFFFFFFFFFFFFFFFFFFFFFFFFCB
:20B5A000FFFFFFFFFFFFFFFFFFFFFFFFFFFFFFFFFFFFFFFFFFFFFFFFFFFFFFFFFFFFFFFFAB
:20B5C000FFFFFFFFFFFFFFFFFFFFFFFFFFFFFFFFFFFFFFFFFFFFFFFFFFFFFFFFFFFFFFFF8B
:20B5E000FFFFFFFFFFFFFFFFFFFFFFFFFFFFFFFFFFFFFFFFFFFFFFFFFFFFFFFFFFFFFFFF6B
:20B60000FFFFFFFFFFFFFFFFFFFFFFFFFFFFFFFFFFFFFFFFFFFFFFFFFFFFFFFFFFFFFFFF4A
:20B62000FFFFFFFFFFFFFFFFFFFFFFFFFFFFFFFFFFFFFFFFFFFFFFFFFFFFFFFFFFFFFFFF2A
:20B64000FFFFFFFFFFFFFFFFFFFFFFFFFFFFFFFFFFFFFFFFFFFFFFFFFFFFFFFFFFFFFFFF0A
:20B66000FFFFFFFFFFFFFFFFFFFFFFFFFFFFFFFFFFFFFFFFFFFFFFFFFFFFFFFFFFFFFFFFEA
:20B68000FFFFFFFFFFFFFFFFFFFFFFFFFFFFFFFFFFFFFFFFFFFFFFFFFFFFFFFFFFFFFFFFCA
:20B6A000FFFFFFFFFFFFFFFFFFFFFFFFFFFFFFFFFFFFFFFFFFFFFFFFFFFFFFFFFFFFFFFFAA
:20B6C000FFFFFFFFFFFFFFFFFFFFFFFFFFFFFFFFFFFFFFFFFFFFFFFFFFFFFFFFFFFFFFFF8A
:20B6E000FFFFFFFFFFFFFFFFFFFFFFFFFFFFFFFFFFFFFFFFFFFFFFFFFFFFFFFFFFFFFFFF6A
:20B70000FFFFFFFFFFFFFFFFFFFFFFFFFFFFFFFFFFFFFFFFFFFFFFFFFFFFFFFFFFFFFFFF49
:20B72000FFFFFFFFFFFFFFFFFFFFFFFFFFFFFFFFFFFFFFFFFFFFFFFFFFFFFFFFFFFFFFFF29
:20B74000FFFFFFFFFFFFFFFFFFFFFFFFFFFFFFFFFFFFFFFFFFFFFFFFFFFFFFFFFFFFFFFF09
:20B76000FFFFFFFFFFFFFFFFFFFFFFFFFFFFFFFFFFFFFFFFFFFFFFFFFFFFFFFFFFFFFFFFE9
:20B78000FFFFFFFFFFFFFFFFFFFFFFFFFFFFFFFFFFFFFFFFFFFFFFFFFFFFFFFFFFFFFFFFC9
:20B7A000FFFFFFFFFFFFFFFFFFFFFFFFFFFFFFFFFFFFFFFFFFFFFFFFFFFFFFFFFFFFFFFFA9
:20B7C000FFFFFFFFFFFFFFFFFFFFFFFFFFFFFFFFFFFFFFFFFFFFFFFFFFFFFFFFFFFFFFFF89
:20B7E000FFFFFFFFFFFFFFFFFFFFFFFFFFFFFFFFFFFFFFFFFFFFFFFFFFFFFFFFFFFFFFFF69
:20B80000FFFFFFFFFFFFFFFFFFFFFFFFFFFFFFFFFFFFFFFFFFFFFFFFFFFFFFFFFFFFFFFF48
:20B82000FFFFFFFFFFFFFFFFFFFFFFFFFFFFFFFFFFFFFFFFFFFFFFFFFFFFFFFFFFFFFFFF28
:20B84000FFFFFFFFFFFFFFFFFFFFFFFFFFFFFFFFFFFFFFFFFFFFFFFFFFFFFFFFFFFFFFFF08
:20B86000FFFFFFFFFFFFFFFFFFFFFFFFFFFFFFFFFFFFFFFFFFFFFFFFFFFFFFFFFFFFFFFFE8
:20B88000FFFFFFFFFFFFFFFFFFFFFFFFFFFFFFFFFFFFFFFFFFFFFFFFFFFFFFFFFFFFFFFFC8
:20B8A000FFFFFFFFFFFFFFFFFFFFFFFFFFFFFFFFFFFFFFFFFFFFFFFFFFFFFFFFFFFFFFFFA8
:20B8C000FFFFFFFFFFFFFFFFFFFFFFFFFFFFFFFFFFFFFFFFFFFFFFFFFFFFFFFFFFFFFFFF88
:20B8E000FFFFFFFFFFFFFFFFFFFFFFFFFFFFFFFFFFFFFFFFFFFFFFFFFFFFFFFFFFFFFFFF68
:20B90000FFFFFFFFFFFFFFFFFFFFFFFFFFFFFFFFFFFFFFFFFFFFFFFFFFFFFFFFFFFFFFFF47
:20B92000FFFFFFFFFFFFFFFFFFFFFFFFFFFFFFFFFFFFFFFFFFFFFFFFFFFFFFFFFFFFFFFF27
:20B94000FFFFFFFFFFFFFFFFFFFFFFFFFFFFFFFFFFFFFFFFFFFFFFFFFFFFFFFFFFFFFFFF07
:20B96000FFFFFFFFFFFFFFFFFFFFFFFFFFFFFFFFFFFFFFFFFFFFFFFFFFFFFFFFFFFFFFFFE7
:20B98000FFFFFFFFFFFFFFFFFFFFFFFFFFFFFFFFFFFFFFFFFFFFFFFFFFFFFFFFFFFFFFFFC7
:20B9A000FFFFFFFFFFFFFFFFFFFFFFFFFFFFFFFFFFFFFFFFFFFFFFFFFFFFFFFFFFFFFFFFA7
:20B9C000FFFFFFFFFFFFFFFFFFFFFFFFFFFFFFFFFFFFFFFFFFFFFFFFFFFFFFFFFFFFFFFF87
:20B9E000FFFFFFFFFFFFFFFFFFFFFFFFFFFFFFFFFFFFFFFFFFFFFFFFFFFFFFFFFFFFFFFF67
:20BA0000FFFFFFFFFFFFFFFFFFFFFFFFFFFFFFFFFFFFFFFFFFFFFFFFFFFFFFFFFFFFFFFF46
:20BA2000FFFFFFFFFFFFFFFFFFFFFFFFFFFFFFFFFFFFFFFFFFFFFFFFFFFFFFFFFFFFFFFF26
:20BA4000FFFFFFFFFFFFFFFFFFFFFFFFFFFFFFFFFFFFFFFFFFFFFFFFFFFFFFFFFFFFFFFF06
:20BA6000FFFFFFFFFFFFFFFFFFFFFFFFFFFFFFFFFFFFFFFFFFFFFFFFFFFFFFFFFFFFFFFFE6
:20BA8000FFFFFFFFFFFFFFFFFFFFFFFFFFFFFFFFFFFFFFFFFFFFFFFFFFFFFFFFFFFFFFFFC6
:20BAA000FFFFFFFFFFFFFFFFFFFFFFFFFFFFFFFFFFFFFFFFFFFFFFFFFFFFFFFFFFFFFFFFA6
:20BAC000FFFFFFFFFFFFFFFFFFFFFFFFFFFFFFFFFFFFFFFFFFFFFFFFFFFFFFFFFFFFFFFF86
:20BAE000FFFFFFFFFFFFFFFFFFFFFFFFFFFFFFFFFFFFFFFFFFFFFFFFFFFFFFFFFFFFFFFF66
:20BB0000FFFFFFFFFFFFFFFFFFFFFFFFFFFFFFFFFFFFFFFFFFFFFFFFFFFFFFFFFFFFFFFF45
:20BB2000FFFFFFFFFFFFFFFFFFFFFFFFFFFFFFFFFFFFFFFFFFFFFFFFFFFFFFFFFFFFFFFF25
:20BB4000FFFFFFFFFFFFFFFFFFFFFFFFFFFFFFFFFFFFFFFFFFFFFFFFFFFFFFFFFFFFFFFF05
:20BB6000FFFFFFFFFFFFFFFFFFFFFFFFFFFFFFFFFFFFFFFFFFFFFFFFFFFFFFFFFFFFFFFFE5
:20BB8000FFFFFFFFFFFFFFFFFFFFFFFFFFFFFFFFFFFFFFFFFFFFFFFFFFFFFFFFFFFFFFFFC5
:20BBA000FFFFFFFFFFFFFFFFFFFFFFFFFFFFFFFFFFFFFFFFFFFFFFFFFFFFFFFFFFFFFFFFA5
:20BBC000FFFFFFFFFFFFFFFFFFFFFFFFFFFFFFFFFFFFFFFFFFFFFFFFFFFFFFFFFFFFFFFF85
:20BBE000FFFFFFFFFFFFFFFFFFFFFFFFFFFFFFFFFFFFFFFFFFFFFFFFFFFFFFFFFFFFFFFF65
:20BC0000FFFFFFFFFFFFFFFFFFFFFFFFFFFFFFFFFFFFFFFFFFFFFFFFFFFFFFFFFFFFFFFF44
:20BC2000FFFFFFFFFFFFFFFFFFFFFFFFFFFFFFFFFFFFFFFFFFFFFFFFFFFFFFFFFFFFFFFF24
:20BC4000FFFFFFFFFFFFFFFFFFFFFFFFFFFFFFFFFFFFFFFFFFFFFFFFFFFFFFFFFFFFFFFF04
:20BC6000FFFFFFFFFFFFFFFFFFFFFFFFFFFFFFFFFFFFFFFFFFFFFFFFFFFFFFFFFFFFFFFFE4
:20BC8000FFFFFFFFFFFFFFFFFFFFFFFFFFFFFFFFFFFFFFFFFFFFFFFFFFFFFFFFFFFFFFFFC4
:20BCA000FFFFFFFFFFFFFFFFFFFFFFFFFFFFFFFFFFFFFFFFFFFFFFFFFFFFFFFFFFFFFFFFA4
:20BCC000FFFFFFFFFFFFFFFFFFFFFFFFFFFFFFFFFFFFFFFFFFFFFFFFFFFFFFFFFFFFFFFF84
:20BCE000FFFFFFFFFFFFFFFFFFFFFFFFFFFFFFFFFFFFFFFFFFFFFFFFFFFFFFFFFFFFFFFF64
:20BD0000FFFFFFFFFFFFFFFFFFFFFFFFFFFFFFFFFFFFFFFFFFFFFFFFFFFFFFFFFFFFFFFF43
:20BD2000FFFFFFFFFFFFFFFFFFFFFFFFFFFFFFFFFFFFFFFFFFFFFFFFFFFFFFFFFFFFFFFF23
:20BD4000FFFFFFFFFFFFFFFFFFFFFFFFFFFFFFFFFFFFFFFFFFFFFFFFFFFFFFFFFFFFFFFF03
:20BD6000FFFFFFFFFFFFFFFFFFFFFFFFFFFFFFFFFFFFFFFFFFFFFFFFFFFFFFFFFFFFFFFFE3
:20BD8000FFFFFFFFFFFFFFFFFFFFFFFFFFFFFFFFFFFFFFFFFFFFFFFFFFFFFFFFFFFFFFFFC3
:20BDA000FFFFFFFFFFFFFFFFFFFFFFFFFFFFFFFFFFFFFFFFFFFFFFFFFFFFFFFFFFFFFFFFA3
:20BDC000FFFFFFFFFFFFFFFFFFFFFFFFFFFFFFFFFFFFFFFFFFFFFFFFFFFFFFFFFFFFFFFF83
:20BDE000FFFFFFFFFFFFFFFFFFFFFFFFFFFFFFFFFFFFFFFFFFFFFFFFFFFFFFFFFFFFFFFF63
:20BE0000FFFFFFFFFFFFFFFFFFFFFFFFFFFFFFFFFFFFFFFFFFFFFFFFFFFFFFFFFFFFFFFF42
:20BE2000FFFFFFFFFFFFFFFFFFFFFFFFFFFFFFFFFFFFFFFFFFFFFFFFFFFFFFFFFFFFFFFF22
:20BE4000FFFFFFFFFFFFFFFFFFFFFFFFFFFFFFFFFFFFFFFFFFFFFFFFFFFFFFFFFFFFFFFF02
:20BE6000FFFFFFFFFFFFFFFFFFFFFFFFFFFFFFFFFFFFFFFFFFFFFFFFFFFFFFFFFFFFFFFFE2
:20BE8000FFFFFFFFFFFFFFFFFFFFFFFFFFFFFFFFFFFFFFFFFFFFFFFFFFFFFFFFFFFFFFFFC2
:20BEA000FFFFFFFFFFFFFFFFFFFFFFFFFFFFFFFFFFFFFFFFFFFFFFFFFFFFFFFFFFFFFFFFA2
:20BEC000FFFFFFFFFFFFFFFFFFFFFFFFFFFFFFFFFFFFFFFFFFFFFFFFFFFFFFFFFFFFFFFF82
:20BEE000FFFFFFFFFFFFFFFFFFFFFFFFFFFFFFFFFFFFFFFFFFFFFFFFFFFFFFFFFFFFFFFF62
:20BF0000FFFFFFFFFFFFFFFFFFFFFFFFFFFFFFFFFFFFFFFFFFFFFFFFFFFFFFFFFFFFFFFF41
:20BF2000FFFFFFFFFFFFFFFFFFFFFFFFFFFFFFFFFFFFFFFFFFFFFFFFFFFFFFFFFFFFFFFF21
:20BF4000FFFFFFFFFFFFFFFFFFFFFFFFFFFFFFFFFFFFFFFFFFFFFFFFFFFFFFFFFFFFFFFF01
:20BF6000FFFFFFFFFFFFFFFFFFFFFFFFFFFFFFFFFFFFFFFFFFFFFFFFFFFFFFFFFFFFFFFFE1
:20BF8000FFFFFFFFFFFFFFFFFFFFFFFFFFFFFFFFFFFFFFFFFFFFFFFFFFFFFFFFFFFFFFFFC1
:20BFA000FFFFFFFFFFFFFFFFFFFFFFFFFFFFFFFFFFFFFFFFFFFFFFFFFFFFFFFFFFFFFFFFA1
:20BFC000FFFFFFFFFFFFFFFFFFFFFFFFFFFFFFFFFFFFFFFFFFFFFFFFFFFFFFFFFFFFFFFF81
:20BFE000FFFFFFFFFFFFFFFFFFFFFFFFFFFFFFFFFFFFFFFFFFFFFFFFFFFFFFFFFFFFFFFF61
:20C00000FFFFFFFFFFFFFFFFFFFFFFFFFFFFFFFFFFFFFFFFFFFFFFFFFFFFFFFFFFFFFFFF40
:20C02000FFFFFFFFFFFFFFFFFFFFFFFFFFFFFFFFFFFFFFFFFFFFFFFFFFFFFFFFFFFFFFFF20
:20C04000FFFFFFFFFFFFFFFFFFFFFFFFFFFFFFFFFFFFFFFFFFFFFFFFFFFFFFFFFFFFFFFF00
:20C06000FFFFFFFFFFFFFFFFFFFFFFFFFFFFFFFFFFFFFFFFFFFFFFFFFFFFFFFFFFFFFFFFE0
:20C08000FFFFFFFFFFFFFFFFFFFFFFFFFFFFFFFFFFFFFFFFFFFFFFFFFFFFFFFFFFFFFFFFC0
:20C0A000FFFFFFFFFFFFFFFFFFFFFFFFFFFFFFFFFFFFFFFFFFFFFFFFFFFFFFFFFFFFFFFFA0
:20C0C000FFFFFFFFFFFFFFFFFFFFFFFFFFFFFFFFFFFFFFFFFFFFFFFFFFFFFFFFFFFFFFFF80
:20C0E000FFFFFFFFFFFFFFFFFFFFFFFFFFFFFFFFFFFFFFFFFFFFFFFFFFFFFFFFFFFFFFFF60
:20C10000FFFFFFFFFFFFFFFFFFFFFFFFFFFFFFFFFFFFFFFFFFFFFFFFFFFFFFFFFFFFFFFF3F
:20C12000FFFFFFFFFFFFFFFFFFFFFFFFFFFFFFFFFFFFFFFFFFFFFFFFFFFFFFFFFFFFFFFF1F
:20C14000FFFFFFFFFFFFFFFFFFFFFFFFFFFFFFFFFFFFFFFFFFFFFFFFFFFFFFFFFFFFFFFFFF
:20C16000FFFFFFFFFFFFFFFFFFFFFFFFFFFFFFFFFFFFFFFFFFFFFFFFFFFFFFFFFFFFFFFFDF
:20C18000FFFFFFFFFFFFFFFFFFFFFFFFFFFFFFFFFFFFFFFFFFFFFFFFFFFFFFFFFFFFFFFFBF
:20C1A000FFFFFFFFFFFFFFFFFFFFFFFFFFFFFFFFFFFFFFFFFFFFFFFFFFFFFFFFFFFFFFFF9F
:20C1C000FFFFFFFFFFFFFFFFFFFFFFFFFFFFFFFFFFFFFFFFFFFFFFFFFFFFFFFFFFFFFFFF7F
:20C1E000FFFFFFFFFFFFFFFFFFFFFFFFFFFFFFFFFFFFFFFFFFFFFFFFFFFFFFFFFFFFFFFF5F
:20C20000FFFFFFFFFFFFFFFFFFFFFFFFFFFFFFFFFFFFFFFFFFFFFFFFFFFFFFFFFFFFFFFF3E
:20C22000FFFFFFFFFFFFFFFFFFFFFFFFFFFFFFFFFFFFFFFFFFFFFFFFFFFFFFFFFFFFFFFF1E
:20C24000FFFFFFFFFFFFFFFFFFFFFFFFFFFFFFFFFFFFFFFFFFFFFFFFFFFFFFFFFFFFFFFFFE
:20C26000FFFFFFFFFFFFFFFFFFFFFFFFFFFFFFFFFFFFFFFFFFFFFFFFFFFFFFFFFFFFFFFFDE
:20C28000FFFFFFFFFFFFFFFFFFFFFFFFFFFFFFFFFFFFFFFFFFFFFFFFFFFFFFFFFFFFFFFFBE
:20C2A000FFFFFFFFFFFFFFFFFFFFFFFFFFFFFFFFFFFFFFFFFFFFFFFFFFFFFFFFFFFFFFFF9E
:20C2C000FFFFFFFFFFFFFFFFFFFFFFFFFFFFFFFFFFFFFFFFFFFFFFFFFFFFFFFFFFFFFFFF7E
:20C2E000FFFFFFFFFFFFFFFFFFFFFFFFFFFFFFFFFFFFFFFFFFFFFFFFFFFFFFFFFFFFFFFF5E
:20C30000FFFFFFFFFFFFFFFFFFFFFFFFFFFFFFFFFFFFFFFFFFFFFFFFFFFFFFFFFFFFFFFF3D
:20C32000FFFFFFFFFFFFFFFFFFFFFFFFFFFFFFFFFFFFFFFFFFFFFFFFFFFFFFFFFFFFFFFF1D
:20C34000FFFFFFFFFFFFFFFFFFFFFFFFFFFFFFFFFFFFFFFFFFFFFFFFFFFFFFFFFFFFFFFFFD
:20C36000FFFFFFFFFFFFFFFFFFFFFFFFFFFFFFFFFFFFFFFFFFFFFFFFFFFFFFFFFFFFFFFFDD
:20C38000FFFFFFFFFFFFFFFFFFFFFFFFFFFFFFFFFFFFFFFFFFFFFFFFFFFFFFFFFFFFFFFFBD
:20C3A000FFFFFFFFFFFFFFFFFFFFFFFFFFFFFFFFFFFFFFFFFFFFFFFFFFFFFFFFFFFFFFFF9D
:20C3C000FFFFFFFFFFFFFFFFFFFFFFFFFFFFFFFFFFFFFFFFFFFFFFFFFFFFFFFFFFFFFFFF7D
:20C3E000FFFFFFFFFFFFFFFFFFFFFFFFFFFFFFFFFFFFFFFFFFFFFFFFFFFFFFFFFFFFFFFF5D
:20C40000FFFFFFFFFFFFFFFFFFFFFFFFFFFFFFFFFFFFFFFFFFFFFFFFFFFFFFFFFFFFFFFF3C
:20C42000FFFFFFFFFFFFFFFFFFFFFFFFFFFFFFFFFFFFFFFFFFFFFFFFFFFFFFFFFFFFFFFF1C
:20C44000FFFFFFFFFFFFFFFFFFFFFFFFFFFFFFFFFFFFFFFFFFFFFFFFFFFFFFFFFFFFFFFFFC
:20C46000FFFFFFFFFFFFFFFFFFFFFFFFFFFFFFFFFFFFFFFFFFFFFFFFFFFFFFFFFFFFFFFFDC
:20C48000FFFFFFFFFFFFFFFFFFFFFFFFFFFFFFFFFFFFFFFFFFFFFFFFFFFFFFFFFFFFFFFFBC
:20C4A000FFFFFFFFFFFFFFFFFFFFFFFFFFFFFFFFFFFFFFFFFFFFFFFFFFFFFFFFFFFFFFFF9C
:20C4C000FFFFFFFFFFFFFFFFFFFFFFFFFFFFFFFFFFFFFFFFFFFFFFFFFFFFFFFFFFFFFFFF7C
:20C4E000FFFFFFFFFFFFFFFFFFFFFFFFFFFFFFFFFFFFFFFFFFFFFFFFFFFFFFFFFFFFFFFF5C
:20C50000FFFFFFFFFFFFFFFFFFFFFFFFFFFFFFFFFFFFFFFFFFFFFFFFFFFFFFFFFFFFFFFF3B
:20C52000FFFFFFFFFFFFFFFFFFFFFFFFFFFFFFFFFFFFFFFFFFFFFFFFFFFFFFFFFFFFFFFF1B
:20C54000FFFFFFFFFFFFFFFFFFFFFFFFFFFFFFFFFFFFFFFFFFFFFFFFFFFFFFFFFFFFFFFFFB
:20C56000FFFFFFFFFFFFFFFFFFFFFFFFFFFFFFFFFFFFFFFFFFFFFFFFFFFFFFFFFFFFFFFFDB
:20C58000FFFFFFFFFFFFFFFFFFFFFFFFFFFFFFFFFFFFFFFFFFFFFFFFFFFFFFFFFFFFFFFFBB
:20C5A000FFFFFFFFFFFFFFFFFFFFFFFFFFFFFFFFFFFFFFFFFFFFFFFFFFFFFFFFFFFFFFFF9B
:20C5C000FFFFFFFFFFFFFFFFFFFFFFFFFFFFFFFFFFFFFFFFFFFFFFFFFFFFFFFFFFFFFFFF7B
:20C5E000FFFFFFFFFFFFFFFFFFFFFFFFFFFFFFFFFFFFFFFFFFFFFFFFFFFFFFFFFFFFFFFF5B
:20C60000FFFFFFFFFFFFFFFFFFFFFFFFFFFFFFFFFFFFFFFFFFFFFFFFFFFFFFFFFFFFFFFF3A
:20C62000FFFFFFFFFFFFFFFFFFFFFFFFFFFFFFFFFFFFFFFFFFFFFFFFFFFFFFFFFFFFFFFF1A
:20C64000FFFFFFFFFFFFFFFFFFFFFFFFFFFFFFFFFFFFFFFFFFFFFFFFFFFFFFFFFFFFFFFFFA
:20C66000FFFFFFFFFFFFFFFFFFFFFFFFFFFFFFFFFFFFFFFFFFFFFFFFFFFFFFFFFFFFFFFFDA
:20C68000FFFFFFFFFFFFFFFFFFFFFFFFFFFFFFFFFFFFFFFFFFFFFFFFFFFFFFFFFFFFFFFFBA
:20C6A000FFFFFFFFFFFFFFFFFFFFFFFFFFFFFFFFFFFFFFFFFFFFFFFFFFFFFFFFFFFFFFFF9A
:20C6C000FFFFFFFFFFFFFFFFFFFFFFFFFFFFFFFFFFFFFFFFFFFFFFFFFFFFFFFFFFFFFFFF7A
:20C6E000FFFFFFFFFFFFFFFFFFFFFFFFFFFFFFFFFFFFFFFFFFFFFFFFFFFFFFFFFFFFFFFF5A
:20C70000FFFFFFFFFFFFFFFFFFFFFFFFFFFFFFFFFFFFFFFFFFFFFFFFFFFFFFFFFFFFFFFF39
:20C72000FFFFFFFFFFFFFFFFFFFFFFFFFFFFFFFFFFFFFFFFFFFFFFFFFFFFFFFFFFFFFFFF19
:20C74000FFFFFFFFFFFFFFFFFFFFFFFFFFFFFFFFFFFFFFFFFFFFFFFFFFFFFFFFFFFFFFFFF9
:20C76000FFFFFFFFFFFFFFFFFFFFFFFFFFFFFFFFFFFFFFFFFFFFFFFFFFFFFFFFFFFFFFFFD9
:20C78000FFFFFFFFFFFFFFFFFFFFFFFFFFFFFFFFFFFFFFFFFFFFFFFFFFFFFFFFFFFFFFFFB9
:20C7A000FFFFFFFFFFFFFFFFFFFFFFFFFFFFFFFFFFFFFFFFFFFFFFFFFFFFFFFFFFFFFFFF99
:20C7C000FFFFFFFFFFFFFFFFFFFFFFFFFFFFFFFFFFFFFFFFFFFFFFFFFFFFFFFFFFFFFFFF79
:20C7E000FFFFFFFFFFFFFFFFFFFFFFFFFFFFFFFFFFFFFFFFFFFFFFFFFFFFFFFFFFFFFFFF59
:20C80000FFFFFFFFFFFFFFFFFFFFFFFFFFFFFFFFFFFFFFFFFFFFFFFFFFFFFFFFFFFFFFFF38
:20C82000FFFFFFFFFFFFFFFFFFFFFFFFFFFFFFFFFFFFFFFFFFFFFFFFFFFFFFFFFFFFFFFF18
:20C84000FFFFFFFFFFFFFFFFFFFFFFFFFFFFFFFFFFFFFFFFFFFFFFFFFFFFFFFFFFFFFFFFF8
:20C86000FFFFFFFFFFFFFFFFFFFFFFFFFFFFFFFFFFFFFFFFFFFFFFFFFFFFFFFFFFFFFFFFD8
:20C88000FFFFFFFFFFFFFFFFFFFFFFFFFFFFFFFFFFFFFFFFFFFFFFFFFFFFFFFFFFFFFFFFB8
:20C8A000FFFFFFFFFFFFFFFFFFFFFFFFFFFFFFFFFFFFFFFFFFFFFFFFFFFFFFFFFFFFFFFF98
:20C8C000FFFFFFFFFFFFFFFFFFFFFFFFFFFFFFFFFFFFFFFFFFFFFFFFFFFFFFFFFFFFFFFF78
:20C8E000FFFFFFFFFFFFFFFFFFFFFFFFFFFFFFFFFFFFFFFFFFFFFFFFFFFFFFFFFFFFFFFF58
:20C90000FFFFFFFFFFFFFFFFFFFFFFFFFFFFFFFFFFFFFFFFFFFFFFFFFFFFFFFFFFFFFFFF37
:20C92000FFFFFFFFFFFFFFFFFFFFFFFFFFFFFFFFFFFFFFFFFFFFFFFFFFFFFFFFFFFFFFFF17
:20C94000FFFFFFFFFFFFFFFFFFFFFFFFFFFFFFFFFFFFFFFFFFFFFFFFFFFFFFFFFFFFFFFFF7
:20C96000FFFFFFFFFFFFFFFFFFFFFFFFFFFFFFFFFFFFFFFFFFFFFFFFFFFFFFFFFFFFFFFFD7
:20C98000FFFFFFFFFFFFFFFFFFFFFFFFFFFFFFFFFFFFFFFFFFFFFFFFFFFFFFFFFFFFFFFFB7
:20C9A000FFFFFFFFFFFFFFFFFFFFFFFFFFFFFFFFFFFFFFFFFFFFFFFFFFFFFFFFFFFFFFFF97
:20C9C000FFFFFFFFFFFFFFFFFFFFFFFFFFFFFFFFFFFFFFFFFFFFFFFFFFFFFFFFFFFFFFFF77
:20C9E000FFFFFFFFFFFFFFFFFFFFFFFFFFFFFFFFFFFFFFFFFFFFFFFFFFFFFFFFFFFFFFFF57
:20CA0000FFFFFFFFFFFFFFFFFFFFFFFFFFFFFFFFFFFFFFFFFFFFFFFFFFFFFFFFFFFFFFFF36
:20CA2000FFFFFFFFFFFFFFFFFFFFFFFFFFFFFFFFFFFFFFFFFFFFFFFFFFFFFFFFFFFFFFFF16
:20CA4000FFFFFFFFFFFFFFFFFFFFFFFFFFFFFFFFFFFFFFFFFFFFFFFFFFFFFFFFFFFFFFFFF6
:20CA6000FFFFFFFFFFFFFFFFFFFFFFFFFFFFFFFFFFFFFFFFFFFFFFFFFFFFFFFFFFFFFFFFD6
:20CA8000FFFFFFFFFFFFFFFFFFFFFFFFFFFFFFFFFFFFFFFFFFFFFFFFFFFFFFFFFFFFFFFFB6
:20CAA000FFFFFFFFFFFFFFFFFFFFFFFFFFFFFFFFFFFFFFFFFFFFFFFFFFFFFFFFFFFFFFFF96
:20CAC000FFFFFFFFFFFFFFFFFFFFFFFFFFFFFFFFFFFFFFFFFFFFFFFFFFFFFFFFFFFFFFFF76
:20CAE000FFFFFFFFFFFFFFFFFFFFFFFFFFFFFFFFFFFFFFFFFFFFFFFFFFFFFFFFFFFFFFFF56
:20CB0000FFFFFFFFFFFFFFFFFFFFFFFFFFFFFFFFFFFFFFFFFFFFFFFFFFFFFFFFFFFFFFFF35
:20CB2000FFFFFFFFFFFFFFFFFFFFFFFFFFFFFFFFFFFFFFFFFFFFFFFFFFFFFFFFFFFFFFFF15
:20CB4000FFFFFFFFFFFFFFFFFFFFFFFFFFFFFFFFFFFFFFFFFFFFFFFFFFFFFFFFFFFFFFFFF5
:20CB6000FFFFFFFFFFFFFFFFFFFFFFFFFFFFFFFFFFFFFFFFFFFFFFFFFFFFFFFFFFFFFFFFD5
:20CB8000FFFFFFFFFFFFFFFFFFFFFFFFFFFFFFFFFFFFFFFFFFFFFFFFFFFFFFFFFFFFFFFFB5
:20CBA000FFFFFFFFFFFFFFFFFFFFFFFFFFFFFFFFFFFFFFFFFFFFFFFFFFFFFFFFFFFFFFFF95
:20CBC000FFFFFFFFFFFFFFFFFFFFFFFFFFFFFFFFFFFFFFFFFFFFFFFFFFFFFFFFFFFFFFFF75
:20CBE000FFFFFFFFFFFFFFFFFFFFFFFFFFFFFFFFFFFFFFFFFFFFFFFFFFFFFFFFFFFFFFFF55
:20CC0000FFFFFFFFFFFFFFFFFFFFFFFFFFFFFFFFFFFFFFFFFFFFFFFFFFFFFFFFFFFFFFFF34
:20CC2000FFFFFFFFFFFFFFFFFFFFFFFFFFFFFFFFFFFFFFFFFFFFFFFFFFFFFFFFFFFFFFFF14
:20CC4000FFFFFFFFFFFFFFFFFFFFFFFFFFFFFFFFFFFFFFFFFFFFFFFFFFFFFFFFFFFFFFFFF4
:20CC6000FFFFFFFFFFFFFFFFFFFFFFFFFFFFFFFFFFFFFFFFFFFFFFFFFFFFFFFFFFFFFFFFD4
:20CC8000FFFFFFFFFFFFFFFFFFFFFFFFFFFFFFFFFFFFFFFFFFFFFFFFFFFFFFFFFFFFFFFFB4
:20CCA000FFFFFFFFFFFFFFFFFFFFFFFFFFFFFFFFFFFFFFFFFFFFFFFFFFFFFFFFFFFFFFFF94
:20CCC000FFFFFFFFFFFFFFFFFFFFFFFFFFFFFFFFFFFFFFFFFFFFFFFFFFFFFFFFFFFFFFFF74
:20CCE000FFFFFFFFFFFFFFFFFFFFFFFFFFFFFFFFFFFFFFFFFFFFFFFFFFFFFFFFFFFFFFFF54
:20CD0000FFFFFFFFFFFFFFFFFFFFFFFFFFFFFFFFFFFFFFFFFFFFFFFFFFFFFFFFFFFFFFFF33
:20CD2000FFFFFFFFFFFFFFFFFFFFFFFFFFFFFFFFFFFFFFFFFFFFFFFFFFFFFFFFFFFFFFFF13
:20CD4000FFFFFFFFFFFFFFFFFFFFFFFFFFFFFFFFFFFFFFFFFFFFFFFFFFFFFFFFFFFFFFFFF3
:20CD6000FFFFFFFFFFFFFFFFFFFFFFFFFFFFFFFFFFFFFFFFFFFFFFFFFFFFFFFFFFFFFFFFD3
:20CD8000FFFFFFFFFFFFFFFFFFFFFFFFFFFFFFFFFFFFFFFFFFFFFFFFFFFFFFFFFFFFFFFFB3
:20CDA000FFFFFFFFFFFFFFFFFFFFFFFFFFFFFFFFFFFFFFFFFFFFFFFFFFFFFFFFFFFFFFFF93
:20CDC000FFFFFFFFFFFFFFFFFFFFFFFFFFFFFFFFFFFFFFFFFFFFFFFFFFFFFFFFFFFFFFFF73
:20CDE000FFFFFFFFFFFFFFFFFFFFFFFFFFFFFFFFFFFFFFFFFFFFFFFFFFFFFFFFFFFFFFFF53
:20CE0000FFFFFFFFFFFFFFFFFFFFFFFFFFFFFFFFFFFFFFFFFFFFFFFFFFFFFFFFFFFFFFFF32
:20CE2000FFFFFFFFFFFFFFFFFFFFFFFFFFFFFFFFFFFFFFFFFFFFFFFFFFFFFFFFFFFFFFFF12
:20CE4000FFFFFFFFFFFFFFFFFFFFFFFFFFFFFFFFFFFFFFFFFFFFFFFFFFFFFFFFFFFFFFFFF2
:20CE6000FFFFFFFFFFFFFFFFFFFFFFFFFFFFFFFFFFFFFFFFFFFFFFFFFFFFFFFFFFFFFFFFD2
:20CE8000FFFFFFFFFFFFFFFFFFFFFFFFFFFFFFFFFFFFFFFFFFFFFFFFFFFFFFFFFFFFFFFFB2
:20CEA000FFFFFFFFFFFFFFFFFFFFFFFFFFFFFFFFFFFFFFFFFFFFFFFFFFFFFFFFFFFFFFFF92
:20CEC000FFFFFFFFFFFFFFFFFFFFFFFFFFFFFFFFFFFFFFFFFFFFFFFFFFFFFFFFFFFFFFFF72
:20CEE000FFFFFFFFFFFFFFFFFFFFFFFFFFFFFFFFFFFFFFFFFFFFFFFFFFFFFFFFFFFFFFFF52
:20CF0000FFFFFFFFFFFFFFFFFFFFFFFFFFFFFFFFFFFFFFFFFFFFFFFFFFFFFFFFFFFFFFFF31
:20CF2000FFFFFFFFFFFFFFFFFFFFFFFFFFFFFFFFFFFFFFFFFFFFFFFFFFFFFFFFFFFFFFFF11
:20CF4000FFFFFFFFFFFFFFFFFFFFFFFFFFFFFFFFFFFFFFFFFFFFFFFFFFFFFFFFFFFFFFFFF1
:20CF6000FFFFFFFFFFFFFFFFFFFFFFFFFFFFFFFFFFFFFFFFFFFFFFFFFFFFFFFFFFFFFFFFD1
:20CF8000FFFFFFFFFFFFFFFFFFFFFFFFFFFFFFFFFFFFFFFFFFFFFFFFFFFFFFFFFFFFFFFFB1
:20CFA000FFFFFFFFFFFFFFFFFFFFFFFFFFFFFFFFFFFFFFFFFFFFFFFFFFFFFFFFFFFFFFFF91
:20CFC000FFFFFFFFFFFFFFFFFFFFFFFFFFFFFFFFFFFFFFFFFFFFFFFFFFFFFFFFFFFFFFFF71
:20CFE000FFFFFFFFFFFFFFFFFFFFFFFFFFFFFFFFFFFFFFFFFFFFFFFFFFFFFFFFFFFFFFFF51
:20D00000FFFFFFFFFFFFFFFFFFFFFFFFFFFFFFFFFFFFFFFFFFFFFFFFFFFFFFFFFFFFFFFF30
:20D02000FFFFFFFFFFFFFFFFFFFFFFFFFFFFFFFFFFFFFFFFFFFFFFFFFFFFFFFFFFFFFFFF10
:20D04000FFFFFFFFFFFFFFFFFFFFFFFFFFFFFFFFFFFFFFFFFFFFFFFFFFFFFFFFFFFFFFFFF0
:20D06000FFFFFFFFFFFFFFFFFFFFFFFFFFFFFFFFFFFFFFFFFFFFFFFFFFFFFFFFFFFFFFFFD0
:20D08000FFFFFFFFFFFFFFFFFFFFFFFFFFFFFFFFFFFFFFFFFFFFFFFFFFFFFFFFFFFFFFFFB0
:20D0A000FFFFFFFFFFFFFFFFFFFFFFFFFFFFFFFFFFFFFFFFFFFFFFFFFFFFFFFFFFFFFFFF90
:20D0C000FFFFFFFFFFFFFFFFFFFFFFFFFFFFFFFFFFFFFFFFFFFFFFFFFFFFFFFFFFFFFFFF70
:20D0E000FFFFFFFFFFFFFFFFFFFFFFFFFFFFFFFFFFFFFFFFFFFFFFFFFFFFFFFFFFFFFFFF50
:20D10000FFFFFFFFFFFFFFFFFFFFFFFFFFFFFFFFFFFFFFFFFFFFFFFFFFFFFFFFFFFFFFFF2F
:20D12000FFFFFFFFFFFFFFFFFFFFFFFFFFFFFFFFFFFFFFFFFFFFFFFFFFFFFFFFFFFFFFFF0F
:20D14000FFFFFFFFFFFFFFFFFFFFFFFFFFFFFFFFFFFFFFFFFFFFFFFFFFFFFFFFFFFFFFFFEF
:20D16000FFFFFFFFFFFFFFFFFFFFFFFFFFFFFFFFFFFFFFFFFFFFFFFFFFFFFFFFFFFFFFFFCF
:20D18000FFFFFFFFFFFFFFFFFFFFFFFFFFFFFFFFFFFFFFFFFFFFFFFFFFFFFFFFFFFFFFFFAF
:20D1A000FFFFFFFFFFFFFFFFFFFFFFFFFFFFFFFFFFFFFFFFFFFFFFFFFFFFFFFFFFFFFFFF8F
:20D1C000FFFFFFFFFFFFFFFFFFFFFFFFFFFFFFFFFFFFFFFFFFFFFFFFFFFFFFFFFFFFFFFF6F
:20D1E000FFFFFFFFFFFFFFFFFFFFFFFFFFFFFFFFFFFFFFFFFFFFFFFFFFFFFFFFFFFFFFFF4F
:20D20000FFFFFFFFFFFFFFFFFFFFFFFFFFFFFFFFFFFFFFFFFFFFFFFFFFFFFFFFFFFFFFFF2E
:20D22000FFFFFFFFFFFFFFFFFFFFFFFFFFFFFFFFFFFFFFFFFFFFFFFFFFFFFFFFFFFFFFFF0E
:20D24000FFFFFFFFFFFFFFFFFFFFFFFFFFFFFFFFFFFFFFFFFFFFFFFFFFFFFFFFFFFFFFFFEE
:20D26000FFFFFFFFFFFFFFFFFFFFFFFFFFFFFFFFFFFFFFFFFFFFFFFFFFFFFFFFFFFFFFFFCE
:20D28000FFFFFFFFFFFFFFFFFFFFFFFFFFFFFFFFFFFFFFFFFFFFFFFFFFFFFFFFFFFFFFFFAE
:20D2A000FFFFFFFFFFFFFFFFFFFFFFFFFFFFFFFFFFFFFFFFFFFFFFFFFFFFFFFFFFFFFFFF8E
:20D2C000FFFFFFFFFFFFFFFFFFFFFFFFFFFFFFFFFFFFFFFFFFFFFFFFFFFFFFFFFFFFFFFF6E
:20D2E000FFFFFFFFFFFFFFFFFFFFFFFFFFFFFFFFFFFFFFFFFFFFFFFFFFFFFFFFFFFFFFFF4E
:20D30000FFFFFFFFFFFFFFFFFFFFFFFFFFFFFFFFFFFFFFFFFFFFFFFFFFFFFFFFFFFFFFFF2D
:20D32000FFFFFFFFFFFFFFFFFFFFFFFFFFFFFFFFFFFFFFFFFFFFFFFFFFFFFFFFFFFFFFFF0D
:20D34000FFFFFFFFFFFFFFFFFFFFFFFFFFFFFFFFFFFFFFFFFFFFFFFFFFFFFFFFFFFFFFFFED
:20D36000FFFFFFFFFFFFFFFFFFFFFFFFFFFFFFFFFFFFFFFFFFFFFFFFFFFFFFFFFFFFFFFFCD
:20D38000FFFFFFFFFFFFFFFFFFFFFFFFFFFFFFFFFFFFFFFFFFFFFFFFFFFFFFFFFFFFFFFFAD
:20D3A000FFFFFFFFFFFFFFFFFFFFFFFFFFFFFFFFFFFFFFFFFFFFFFFFFFFFFFFFFFFFFFFF8D
:20D3C000FFFFFFFFFFFFFFFFFFFFFFFFFFFFFFFFFFFFFFFFFFFFFFFFFFFFFFFFFFFFFFFF6D
:20D3E000FFFFFFFFFFFFFFFFFFFFFFFFFFFFFFFFFFFFFFFFFFFFFFFFFFFFFFFFFFFFFFFF4D
:20D40000FFFFFFFFFFFFFFFFFFFFFFFFFFFFFFFFFFFFFFFFFFFFFFFFFFFFFFFFFFFFFFFF2C
:20D42000FFFFFFFFFFFFFFFFFFFFFFFFFFFFFFFFFFFFFFFFFFFFFFFFFFFFFFFFFFFFFFFF0C
:20D44000FFFFFFFFFFFFFFFFFFFFFFFFFFFFFFFFFFFFFFFFFFFFFFFFFFFFFFFFFFFFFFFFEC
:20D46000FFFFFFFFFFFFFFFFFFFFFFFFFFFFFFFFFFFFFFFFFFFFFFFFFFFFFFFFFFFFFFFFCC
:20D48000FFFFFFFFFFFFFFFFFFFFFFFFFFFFFFFFFFFFFFFFFFFFFFFFFFFFFFFFFFFFFFFFAC
:20D4A000FFFFFFFFFFFFFFFFFFFFFFFFFFFFFFFFFFFFFFFFFFFFFFFFFFFFFFFFFFFFFFFF8C
:20D4C000FFFFFFFFFFFFFFFFFFFFFFFFFFFFFFFFFFFFFFFFFFFFFFFFFFFFFFFFFFFFFFFF6C
:20D4E000FFFFFFFFFFFFFFFFFFFFFFFFFFFFFFFFFFFFFFFFFFFFFFFFFFFFFFFFFFFFFFFF4C
:20D50000FFFFFFFFFFFFFFFFFFFFFFFFFFFFFFFFFFFFFFFFFFFFFFFFFFFFFFFFFFFFFFFF2B
:20D52000FFFFFFFFFFFFFFFFFFFFFFFFFFFFFFFFFFFFFFFFFFFFFFFFFFFFFFFFFFFFFFFF0B
:20D54000FFFFFFFFFFFFFFFFFFFFFFFFFFFFFFFFFFFFFFFFFFFFFFFFFFFFFFFFFFFFFFFFEB
:20D56000FFFFFFFFFFFFFFFFFFFFFFFFFFFFFFFFFFFFFFFFFFFFFFFFFFFFFFFFFFFFFFFFCB
:20D58000FFFFFFFFFFFFFFFFFFFFFFFFFFFFFFFFFFFFFFFFFFFFFFFFFFFFFFFFFFFFFFFFAB
:20D5A000FFFFFFFFFFFFFFFFFFFFFFFFFFFFFFFFFFFFFFFFFFFFFFFFFFFFFFFFFFFFFFFF8B
:20D5C000FFFFFFFFFFFFFFFFFFFFFFFFFFFFFFFFFFFFFFFFFFFFFFFFFFFFFFFFFFFFFFFF6B
:20D5E000FFFFFFFFFFFFFFFFFFFFFFFFFFFFFFFFFFFFFFFFFFFFFFFFFFFFFFFFFFFFFFFF4B
:20D60000FFFFFFFFFFFFFFFFFFFFFFFFFFFFFFFFFFFFFFFFFFFFFFFFFFFFFFFFFFFFFFFF2A
:20D62000FFFFFFFFFFFFFFFFFFFFFFFFFFFFFFFFFFFFFFFFFFFFFFFFFFFFFFFFFFFFFFFF0A
:20D64000FFFFFFFFFFFFFFFFFFFFFFFFFFFFFFFFFFFFFFFFFFFFFFFFFFFFFFFFFFFFFFFFEA
:20D66000FFFFFFFFFFFFFFFFFFFFFFFFFFFFFFFFFFFFFFFFFFFFFFFFFFFFFFFFFFFFFFFFCA
:20D68000FFFFFFFFFFFFFFFFFFFFFFFFFFFFFFFFFFFFFFFFFFFFFFFFFFFFFFFFFFFFFFFFAA
:20D6A000FFFFFFFFFFFFFFFFFFFFFFFFFFFFFFFFFFFFFFFFFFFFFFFFFFFFFFFFFFFFFFFF8A
:20D6C000FFFFFFFFFFFFFFFFFFFFFFFFFFFFFFFFFFFFFFFFFFFFFFFFFFFFFFFFFFFFFFFF6A
:20D6E000FFFFFFFFFFFFFFFFFFFFFFFFFFFFFFFFFFFFFFFFFFFFFFFFFFFFFFFFFFFFFFFF4A
:20D70000FFFFFFFFFFFFFFFFFFFFFFFFFFFFFFFFFFFFFFFFFFFFFFFFFFFFFFFFFFFFFFFF29
:20D72000FFFFFFFFFFFFFFFFFFFFFFFFFFFFFFFFFFFFFFFFFFFFFFFFFFFFFFFFFFFFFFFF09
:20D74000FFFFFFFFFFFFFFFFFFFFFFFFFFFFFFFFFFFFFFFFFFFFFFFFFFFFFFFFFFFFFFFFE9
:20D76000FFFFFFFFFFFFFFFFFFFFFFFFFFFFFFFFFFFFFFFFFFFFFFFFFFFFFFFFFFFFFFFFC9
:20D78000FFFFFFFFFFFFFFFFFFFFFFFFFFFFFFFFFFFFFFFFFFFFFFFFFFFFFFFFFFFFFFFFA9
:20D7A000FFFFFFFFFFFFFFFFFFFFFFFFFFFFFFFFFFFFFFFFFFFFFFFFFFFFFFFFFFFFFFFF89
:20D7C000FFFFFFFFFFFFFFFFFFFFFFFFFFFFFFFFFFFFFFFFFFFFFFFFFFFFFFFFFFFFFFFF69
:20D7E000FFFFFFFFFFFFFFFFFFFFFFFFFFFFFFFFFFFFFFFFFFFFFFFFFFFFFFFFFFFFFFFF49
:20D80000FFFFFFFFFFFFFFFFFFFFFFFFFFFFFFFFFFFFFFFFFFFFFFFFFFFFFFFFFFFFFFFF28
:20D82000FFFFFFFFFFFFFFFFFFFFFFFFFFFFFFFFFFFFFFFFFFFFFFFFFFFFFFFFFFFFFFFF08
:20D84000FFFFFFFFFFFFFFFFFFFFFFFFFFFFFFFFFFFFFFFFFFFFFFFFFFFFFFFFFFFFFFFFE8
:20D86000FFFFFFFFFFFFFFFFFFFFFFFFFFFFFFFFFFFFFFFFFFFFFFFFFFFFFFFFFFFFFFFFC8
:20D88000FFFFFFFFFFFFFFFFFFFFFFFFFFFFFFFFFFFFFFFFFFFFFFFFFFFFFFFFFFFFFFFFA8
:20D8A000FFFFFFFFFFFFFFFFFFFFFFFFFFFFFFFFFFFFFFFFFFFFFFFFFFFFFFFFFFFFFFFF88
:20D8C000FFFFFFFFFFFFFFFFFFFFFFFFFFFFFFFFFFFFFFFFFFFFFFFFFFFFFFFFFFFFFFFF68
:20D8E000FFFFFFFFFFFFFFFFFFFFFFFFFFFFFFFFFFFFFFFFFFFFFFFFFFFFFFFFFFFFFFFF48
:20D90000FFFFFFFFFFFFFFFFFFFFFFFFFFFFFFFFFFFFFFFFFFFFFFFFFFFFFFFFFFFFFFFF27
:20D92000FFFFFFFFFFFFFFFFFFFFFFFFFFFFFFFFFFFFFFFFFFFFFFFFFFFFFFFFFFFFFFFF07
:20D94000FFFFFFFFFFFFFFFFFFFFFFFFFFFFFFFFFFFFFFFFFFFFFFFFFFFFFFFFFFFFFFFFE7
:20D96000FFFFFFFFFFFFFFFFFFFFFFFFFFFFFFFFFFFFFFFFFFFFFFFFFFFFFFFFFFFFFFFFC7
:20D98000FFFFFFFFFFFFFFFFFFFFFFFFFFFFFFFFFFFFFFFFFFFFFFFFFFFFFFFFFFFFFFFFA7
:20D9A000FFFFFFFFFFFFFFFFFFFFFFFFFFFFFFFFFFFFFFFFFFFFFFFFFFFFFFFFFFFFFFFF87
:20D9C000FFFFFFFFFFFFFFFFFFFFFFFFFFFFFFFFFFFFFFFFFFFFFFFFFFFFFFFFFFFFFFFF67
:20D9E000FFFFFFFFFFFFFFFFFFFFFFFFFFFFFFFFFFFFFFFFFFFFFFFFFFFFFFFFFFFFFFFF47
:20DA0000FFFFFFFFFFFFFFFFFFFFFFFFFFFFFFFFFFFFFFFFFFFFFFFFFFFFFFFFFFFFFFFF26
:20DA2000FFFFFFFFFFFFFFFFFFFFFFFFFFFFFFFFFFFFFFFFFFFFFFFFFFFFFFFFFFFFFFFF06
:20DA4000FFFFFFFFFFFFFFFFFFFFFFFFFFFFFFFFFFFFFFFFFFFFFFFFFFFFFFFFFFFFFFFFE6
:20DA6000FFFFFFFFFFFFFFFFFFFFFFFFFFFFFFFFFFFFFFFFFFFFFFFFFFFFFFFFFFFFFFFFC6
:20DA8000FFFFFFFFFFFFFFFFFFFFFFFFFFFFFFFFFFFFFFFFFFFFFFFFFFFFFFFFFFFFFFFFA6
:20DAA000FFFFFFFFFFFFFFFFFFFFFFFFFFFFFFFFFFFFFFFFFFFFFFFFFFFFFFFFFFFFFFFF86
:20DAC000FFFFFFFFFFFFFFFFFFFFFFFFFFFFFFFFFFFFFFFFFFFFFFFFFFFFFFFFFFFFFFFF66
:20DAE000FFFFFFFFFFFFFFFFFFFFFFFFFFFFFFFFFFFFFFFFFFFFFFFFFFFFFFFFFFFFFFFF46
:20DB0000FFFFFFFFFFFFFFFFFFFFFFFFFFFFFFFFFFFFFFFFFFFFFFFFFFFFFFFFFFFFFFFF25
:20DB2000FFFFFFFFFFFFFFFFFFFFFFFFFFFFFFFFFFFFFFFFFFFFFFFFFFFFFFFFFFFFFFFF05
:20DB4000FFFFFFFFFFFFFFFFFFFFFFFFFFFFFFFFFFFFFFFFFFFFFFFFFFFFFFFFFFFFFFFFE5
:20DB6000FFFFFFFFFFFFFFFFFFFFFFFFFFFFFFFFFFFFFFFFFFFFFFFFFFFFFFFFFFFFFFFFC5
:20DB8000FFFFFFFFFFFFFFFFFFFFFFFFFFFFFFFFFFFFFFFFFFFFFFFFFFFFFFFFFFFFFFFFA5
:20DBA000FFFFFFFFFFFFFFFFFFFFFFFFFFFFFFFFFFFFFFFFFFFFFFFFFFFFFFFFFFFFFFFF85
:20DBC000FFFFFFFFFFFFFFFFFFFFFFFFFFFFFFFFFFFFFFFFFFFFFFFFFFFFFFFFFFFFFFFF65
:20DBE000FFFFFFFFFFFFFFFFFFFFFFFFFFFFFFFFFFFFFFFFFFFFFFFFFFFFFFFFFFFFFFFF45
:20DC0000FFFFFFFFFFFFFFFFFFFFFFFFFFFFFFFFFFFFFFFFFFFFFFFFFFFFFFFFFFFFFFFF24
:20DC2000FFFFFFFFFFFFFFFFFFFFFFFFFFFFFFFFFFFFFFFFFFFFFFFFFFFFFFFFFFFFFFFF04
:20DC4000FFFFFFFFFFFFFFFFFFFFFFFFFFFFFFFFFFFFFFFFFFFFFFFFFFFFFFFFFFFFFFFFE4
:20DC6000FFFFFFFFFFFFFFFFFFFFFFFFFFFFFFFFFFFFFFFFFFFFFFFFFFFFFFFFFFFFFFFFC4
:20DC8000FFFFFFFFFFFFFFFFFFFFFFFFFFFFFFFFFFFFFFFFFFFFFFFFFFFFFFFFFFFFFFFFA4
:20DCA000FFFFFFFFFFFFFFFFFFFFFFFFFFFFFFFFFFFFFFFFFFFFFFFFFFFFFFFFFFFFFFFF84
:20DCC000FFFFFFFFFFFFFFFFFFFFFFFFFFFFFFFFFFFFFFFFFFFFFFFFFFFFFFFFFFFFFFFF64
:20DCE000FFFFFFFFFFFFFFFFFFFFFFFFFFFFFFFFFFFFFFFFFFFFFFFFFFFFFFFFFFFFFFFF44
:20DD0000FFFFFFFFFFFFFFFFFFFFFFFFFFFFFFFFFFFFFFFFFFFFFFFFFFFFFFFFFFFFFFFF23
:20DD2000FFFFFFFFFFFFFFFFFFFFFFFFFFFFFFFFFFFFFFFFFFFFFFFFFFFFFFFFFFFFFFFF03
:20DD4000FFFFFFFFFFFFFFFFFFFFFFFFFFFFFFFFFFFFFFFFFFFFFFFFFFFFFFFFFFFFFFFFE3
:20DD6000FFFFFFFFFFFFFFFFFFFFFFFFFFFFFFFFFFFFFFFFFFFFFFFFFFFFFFFFFFFFFFFFC3
:20DD8000FFFFFFFFFFFFFFFFFFFFFFFFFFFFFFFFFFFFFFFFFFFFFFFFFFFFFFFFFFFFFFFFA3
:20DDA000FFFFFFFFFFFFFFFFFFFFFFFFFFFFFFFFFFFFFFFFFFFFFFFFFFFFFFFFFFFFFFFF83
:20DDC000FFFFFFFFFFFFFFFFFFFFFFFFFFFFFFFFFFFFFFFFFFFFFFFFFFFFFFFFFFFFFFFF63
:20DDE000FFFFFFFFFFFFFFFFFFFFFFFFFFFFFFFFFFFFFFFFFFFFFFFFFFFFFFFFFFFFFFFF43
:20DE0000FFFFFFFFFFFFFFFFFFFFFFFFFFFFFFFFFFFFFFFFFFFFFFFFFFFFFFFFFFFFFFFF22
:20DE2000FFFFFFFFFFFFFFFFFFFFFFFFFFFFFFFFFFFFFFFFFFFFFFFFFFFFFFFFFFFFFFFF02
:20DE4000FFFFFFFFFFFFFFFFFFFFFFFFFFFFFFFFFFFFFFFFFFFFFFFFFFFFFFFFFFFFFFFFE2
:20DE6000FFFFFFFFFFFFFFFFFFFFFFFFFFFFFFFFFFFFFFFFFFFFFFFFFFFFFFFFFFFFFFFFC2
:20DE8000FFFFFFFFFFFFFFFFFFFFFFFFFFFFFFFFFFFFFFFFFFFFFFFFFFFFFFFFFFFFFFFFA2
:20DEA000FFFFFFFFFFFFFFFFFFFFFFFFFFFFFFFFFFFFFFFFFFFFFFFFFFFFFFFFFFFFFFFF82
:20DEC000FFFFFFFFFFFFFFFFFFFFFFFFFFFFFFFFFFFFFFFFFFFFFFFFFFFFFFFFFFFFFFFF62
:20DEE000FFFFFFFFFFFFFFFFFFFFFFFFFFFFFFFFFFFFFFFFFFFFFFFFFFFFFFFFFFFFFFFF42
:20DF0000FFFFFFFFFFFFFFFFFFFFFFFFFFFFFFFFFFFFFFFFFFFFFFFFFFFFFFFFFFFFFFFF21
:20DF2000FFFFFFFFFFFFFFFFFFFFFFFFFFFFFFFFFFFFFFFFFFFFFFFFFFFFFFFFFFFFFFFF01
:20DF4000FFFFFFFFFFFFFFFFFFFFFFFFFFFFFFFFFFFFFFFFFFFFFFFFFFFFFFFFFFFFFFFFE1
:20DF6000FFFFFFFFFFFFFFFFFFFFFFFFFFFFFFFFFFFFFFFFFFFFFFFFFFFFFFFFFFFFFFFFC1
:20DF8000FFFFFFFFFFFFFFFFFFFFFFFFFFFFFFFFFFFFFFFFFFFFFFFFFFFFFFFFFFFFFFFFA1
:20DFA000FFFFFFFFFFFFFFFFFFFFFFFFFFFFFFFFFFFFFFFFFFFFFFFFFFFFFFFFFFFFFFFF81
:20DFC000FFFFFFFFFFFFFFFFFFFFFFFFFFFFFFFFFFFFFFFFFFFFFFFFFFFFFFFFFFFFFFFF61
:20DFE000FFFFFFFFFFFFFFFFFFFFFFFFFFFFFFFFFFFFFFFFFFFFFFFFFFFFFFFFFFFFFFFF41
:20E00000FFFFFFFFFFFFFFFFFFFFFFFFFFFFFFFFFFFFFFFFFFFFFFFFFFFFFFFFFFFFFFFF20
:20E02000FFFFFFFFFFFFFFFFFFFFFFFFFFFFFFFFFFFFFFFFFFFFFFFFFFFFFFFFFFFFFFFF00
:20E04000FFFFFFFFFFFFFFFFFFFFFFFFFFFFFFFFFFFFFFFFFFFFFFFFFFFFFFFFFFFFFFFFE0
:20E06000FFFFFFFFFFFFFFFFFFFFFFFFFFFFFFFFFFFFFFFFFFFFFFFFFFFFFFFFFFFFFFFFC0
:20E08000FFFFFFFFFFFFFFFFFFFFFFFFFFFFFFFFFFFFFFFFFFFFFFFFFFFFFFFFFFFFFFFFA0
:20E0A000FFFFFFFFFFFFFFFFFFFFFFFFFFFFFFFFFFFFFFFFFFFFFFFFFFFFFFFFFFFFFFFF80
:20E0C000FFFFFFFFFFFFFFFFFFFFFFFFFFFFFFFFFFFFFFFFFFFFFFFFFFFFFFFFFFFFFFFF60
:20E0E000FFFFFFFFFFFFFFFFFFFFFFFFFFFFFFFFFFFFFFFFFFFFFFFFFFFFFFFFFFFFFFFF40
:20E10000FFFFFFFFFFFFFFFFFFFFFFFFFFFFFFFFFFFFFFFFFFFFFFFFFFFFFFFFFFFFFFFF1F
:20E12000FFFFFFFFFFFFFFFFFFFFFFFFFFFFFFFFFFFFFFFFFFFFFFFFFFFFFFFFFFFFFFFFFF
:20E14000FFFFFFFFFFFFFFFFFFFFFFFFFFFFFFFFFFFFFFFFFFFFFFFFFFFFFFFFFFFFFFFFDF
:20E16000FFFFFFFFFFFFFFFFFFFFFFFFFFFFFFFFFFFFFFFFFFFFFFFFFFFFFFFFFFFFFFFFBF
:20E18000FFFFFFFFFFFFFFFFFFFFFFFFFFFFFFFFFFFFFFFFFFFFFFFFFFFFFFFFFFFFFFFF9F
:20E1A000FFFFFFFFFFFFFFFFFFFFFFFFFFFFFFFFFFFFFFFFFFFFFFFFFFFFFFFFFFFFFFFF7F
:20E1C000FFFFFFFFFFFFFFFFFFFFFFFFFFFFFFFFFFFFFFFFFFFFFFFFFFFFFFFFFFFFFFFF5F
:20E1E000FFFFFFFFFFFFFFFFFFFFFFFFFFFFFFFFFFFFFFFFFFFFFFFFFFFFFFFFFFFFFFFF3F
:20E20000FFFFFFFFFFFFFFFFFFFFFFFFFFFFFFFFFFFFFFFFFFFFFFFFFFFFFFFFFFFFFFFF1E
:20E22000FFFFFFFFFFFFFFFFFFFFFFFFFFFFFFFFFFFFFFFFFFFFFFFFFFFFFFFFFFFFFFFFFE
:20E24000FFFFFFFFFFFFFFFFFFFFFFFFFFFFFFFFFFFFFFFFFFFFFFFFFFFFFFFFFFFFFFFFDE
:20E26000FFFFFFFFFFFFFFFFFFFFFFFFFFFFFFFFFFFFFFFFFFFFFFFFFFFFFFFFFFFFFFFFBE
:20E28000FFFFFFFFFFFFFFFFFFFFFFFFFFFFFFFFFFFFFFFFFFFFFFFFFFFFFFFFFFFFFFFF9E
:20E2A000FFFFFFFFFFFFFFFFFFFFFFFFFFFFFFFFFFFFFFFFFFFFFFFFFFFFFFFFFFFFFFFF7E
:20E2C000FFFFFFFFFFFFFFFFFFFFFFFFFFFFFFFFFFFFFFFFFFFFFFFFFFFFFFFFFFFFFFFF5E
:20E2E000FFFFFFFFFFFFFFFFFFFFFFFFFFFFFFFFFFFFFFFFFFFFFFFFFFFFFFFFFFFFFFFF3E
:20E30000FFFFFFFFFFFFFFFFFFFFFFFFFFFFFFFFFFFFFFFFFFFFFFFFFFFFFFFFFFFFFFFF1D
:20E32000FFFFFFFFFFFFFFFFFFFFFFFFFFFFFFFFFFFFFFFFFFFFFFFFFFFFFFFFFFFFFFFFFD
:20E34000FFFFFFFFFFFFFFFFFFFFFFFFFFFFFFFFFFFFFFFFFFFFFFFFFFFFFFFFFFFFFFFFDD
:20E36000FFFFFFFFFFFFFFFFFFFFFFFFFFFFFFFFFFFFFFFFFFFFFFFFFFFFFFFFFFFFFFFFBD
:20E38000FFFFFFFFFFFFFFFFFFFFFFFFFFFFFFFFFFFFFFFFFFFFFFFFFFFFFFFFFFFFFFFF9D
:20E3A000FFFFFFFFFFFFFFFFFFFFFFFFFFFFFFFFFFFFFFFFFFFFFFFFFFFFFFFFFFFFFFFF7D
:20E3C000FFFFFFFFFFFFFFFFFFFFFFFFFFFFFFFFFFFFFFFFFFFFFFFFFFFFFFFFFFFFFFFF5D
:20E3E000FFFFFFFFFFFFFFFFFFFFFFFFFFFFFFFFFFFFFFFFFFFFFFFFFFFFFFFFFFFFFFFF3D
:20E40000FFFFFFFFFFFFFFFFFFFFFFFFFFFFFFFFFFFFFFFFFFFFFFFFFFFFFFFFFFFFFFFF1C
:20E42000FFFFFFFFFFFFFFFFFFFFFFFFFFFFFFFFFFFFFFFFFFFFFFFFFFFFFFFFFFFFFFFFFC
:20E44000FFFFFFFFFFFFFFFFFFFFFFFFFFFFFFFFFFFFFFFFFFFFFFFFFFFFFFFFFFFFFFFFDC
:20E46000FFFFFFFFFFFFFFFFFFFFFFFFFFFFFFFFFFFFFFFFFFFFFFFFFFFFFFFFFFFFFFFFBC
:20E48000FFFFFFFFFFFFFFFFFFFFFFFFFFFFFFFFFFFFFFFFFFFFFFFFFFFFFFFFFFFFFFFF9C
:20E4A000FFFFFFFFFFFFFFFFFFFFFFFFFFFFFFFFFFFFFFFFFFFFFFFFFFFFFFFFFFFFFFFF7C
:20E4C000FFFFFFFFFFFFFFFFFFFFFFFFFFFFFFFFFFFFFFFFFFFFFFFFFFFFFFFFFFFFFFFF5C
:20E4E000FFFFFFFFFFFFFFFFFFFFFFFFFFFFFFFFFFFFFFFFFFFFFFFFFFFFFFFFFFFFFFFF3C
:20E50000FFFFFFFFFFFFFFFFFFFFFFFFFFFFFFFFFFFFFFFFFFFFFFFFFFFFFFFFFFFFFFFF1B
:20E52000FFFFFFFFFFFFFFFFFFFFFFFFFFFFFFFFFFFFFFFFFFFFFFFFFFFFFFFFFFFFFFFFFB
:20E54000FFFFFFFFFFFFFFFFFFFFFFFFFFFFFFFFFFFFFFFFFFFFFFFFFFFFFFFFFFFFFFFFDB
:20E56000FFFFFFFFFFFFFFFFFFFFFFFFFFFFFFFFFFFFFFFFFFFFFFFFFFFFFFFFFFFFFFFFBB
:20E58000FFFFFFFFFFFFFFFFFFFFFFFFFFFFFFFFFFFFFFFFFFFFFFFFFFFFFFFFFFFFFFFF9B
:20E5A000FFFFFFFFFFFFFFFFFFFFFFFFFFFFFFFFFFFFFFFFFFFFFFFFFFFFFFFFFFFFFFFF7B
:20E5C000FFFFFFFFFFFFFFFFFFFFFFFFFFFFFFFFFFFFFFFFFFFFFFFFFFFFFFFFFFFFFFFF5B
:20E5E000FFFFFFFFFFFFFFFFFFFFFFFFFFFFFFFFFFFFFFFFFFFFFFFFFFFFFFFFFFFFFFFF3B
:20E60000FFFFFFFFFFFFFFFFFFFFFFFFFFFFFFFFFFFFFFFFFFFFFFFFFFFFFFFFFFFFFFFF1A
:20E62000FFFFFFFFFFFFFFFFFFFFFFFFFFFFFFFFFFFFFFFFFFFFFFFFFFFFFFFFFFFFFFFFFA
:20E64000FFFFFFFFFFFFFFFFFFFFFFFFFFFFFFFFFFFFFFFFFFFFFFFFFFFFFFFFFFFFFFFFDA
:20E66000FFFFFFFFFFFFFFFFFFFFFFFFFFFFFFFFFFFFFFFFFFFFFFFFFFFFFFFFFFFFFFFFBA
:20E68000FFFFFFFFFFFFFFFFFFFFFFFFFFFFFFFFFFFFFFFFFFFFFFFFFFFFFFFFFFFFFFFF9A
:20E6A000FFFFFFFFFFFFFFFFFFFFFFFFFFFFFFFFFFFFFFFFFFFFFFFFFFFFFFFFFFFFFFFF7A
:20E6C000FFFFFFFFFFFFFFFFFFFFFFFFFFFFFFFFFFFFFFFFFFFFFFFFFFFFFFFFFFFFFFFF5A
:20E6E000FFFFFFFFFFFFFFFFFFFFFFFFFFFFFFFFFFFFFFFFFFFFFFFFFFFFFFFFFFFFFFFF3A
:20E70000FFFFFFFFFFFFFFFFFFFFFFFFFFFFFFFFFFFFFFFFFFFFFFFFFFFFFFFFFFFFFFFF19
:20E72000FFFFFFFFFFFFFFFFFFFFFFFFFFFFFFFFFFFFFFFFFFFFFFFFFFFFFFFFFFFFFFFFF9
:20E74000FFFFFFFFFFFFFFFFFFFFFFFFFFFFFFFFFFFFFFFFFFFFFFFFFFFFFFFFFFFFFFFFD9
:20E76000FFFFFFFFFFFFFFFFFFFFFFFFFFFFFFFFFFFFFFFFFFFFFFFFFFFFFFFFFFFFFFFFB9
:20E78000FFFFFFFFFFFFFFFFFFFFFFFFFFFFFFFFFFFFFFFFFFFFFFFFFFFFFFFFFFFFFFFF99
:20E7A000FFFFFFFFFFFFFFFFFFFFFFFFFFFFFFFFFFFFFFFFFFFFFFFFFFFFFFFFFFFFFFFF79
:20E7C000FFFFFFFFFFFFFFFFFFFFFFFFFFFFFFFFFFFFFFFFFFFFFFFFFFFFFFFFFFFFFFFF59
:20E7E000FFFFFFFFFFFFFFFFFFFFFFFFFFFFFFFFFFFFFFFFFFFFFFFFFFFFFFFFFFFFFFFF39
:20E80000FFFFFFFFFFFFFFFFFFFFFFFFFFFFFFFFFFFFFFFFFFFFFFFFFFFFFFFFFFFFFFFF18
:20E82000FFFFFFFFFFFFFFFFFFFFFFFFFFFFFFFFFFFFFFFFFFFFFFFFFFFFFFFFFFFFFFFFF8
:20E84000FFFFFFFFFFFFFFFFFFFFFFFFFFFFFFFFFFFFFFFFFFFFFFFFFFFFFFFFFFFFFFFFD8
:20E86000FFFFFFFFFFFFFFFFFFFFFFFFFFFFFFFFFFFFFFFFFFFFFFFFFFFFFFFFFFFFFFFFB8
:20E88000FFFFFFFFFFFFFFFFFFFFFFFFFFFFFFFFFFFFFFFFFFFFFFFFFFFFFFFFFFFFFFFF98
:20E8A000FFFFFFFFFFFFFFFFFFFFFFFFFFFFFFFFFFFFFFFFFFFFFFFFFFFFFFFFFFFFFFFF78
:20E8C000FFFFFFFFFFFFFFFFFFFFFFFFFFFFFFFFFFFFFFFFFFFFFFFFFFFFFFFFFFFFFFFF58
:20E8E000FFFFFFFFFFFFFFFFFFFFFFFFFFFFFFFFFFFFFFFFFFFFFFFFFFFFFFFFFFFFFFFF38
:20E90000FFFFFFFFFFFFFFFFFFFFFFFFFFFFFFFFFFFFFFFFFFFFFFFFFFFFFFFFFFFFFFFF17
:20E92000FFFFFFFFFFFFFFFFFFFFFFFFFFFFFFFFFFFFFFFFFFFFFFFFFFFFFFFFFFFFFFFFF7
:20E94000FFFFFFFFFFFFFFFFFFFFFFFFFFFFFFFFFFFFFFFFFFFFFFFFFFFFFFFFFFFFFFFFD7
:20E96000FFFFFFFFFFFFFFFFFFFFFFFFFFFFFFFFFFFFFFFFFFFFFFFFFFFFFFFFFFFFFFFFB7
:20E98000FFFFFFFFFFFFFFFFFFFFFFFFFFFFFFFFFFFFFFFFFFFFFFFFFFFFFFFFFFFFFFFF97
:20E9A000FFFFFFFFFFFFFFFFFFFFFFFFFFFFFFFFFFFFFFFFFFFFFFFFFFFFFFFFFFFFFFFF77
:20E9C000FFFFFFFFFFFFFFFFFFFFFFFFFFFFFFFFFFFFFFFFFFFFFFFFFFFFFFFFFFFFFFFF57
:20E9E000FFFFFFFFFFFFFFFFFFFFFFFFFFFFFFFFFFFFFFFFFFFFFFFFFFFFFFFFFFFFFFFF37
:20EA0000FFFFFFFFFFFFFFFFFFFFFFFFFFFFFFFFFFFFFFFFFFFFFFFFFFFFFFFFFFFFFFFF16
:20EA2000FFFFFFFFFFFFFFFFFFFFFFFFFFFFFFFFFFFFFFFFFFFFFFFFFFFFFFFFFFFFFFFFF6
:20EA4000FFFFFFFFFFFFFFFFFFFFFFFFFFFFFFFFFFFFFFFFFFFFFFFFFFFFFFFFFFFFFFFFD6
:20EA6000FFFFFFFFFFFFFFFFFFFFFFFFFFFFFFFFFFFFFFFFFFFFFFFFFFFFFFFFFFFFFFFFB6
:20EA8000FFFFFFFFFFFFFFFFFFFFFFFFFFFFFFFFFFFFFFFFFFFFFFFFFFFFFFFFFFFFFFFF96
:20EAA000FFFFFFFFFFFFFFFFFFFFFFFFFFFFFFFFFFFFFFFFFFFFFFFFFFFFFFFFFFFFFFFF76
:20EAC000FFFFFFFFFFFFFFFFFFFFFFFFFFFFFFFFFFFFFFFFFFFFFFFFFFFFFFFFFFFFFFFF56
:20EAE000FFFFFFFFFFFFFFFFFFFFFFFFFFFFFFFFFFFFFFFFFFFFFFFFFFFFFFFFFFFFFFFF36
:20EB0000FFFFFFFFFFFFFFFFFFFFFFFFFFFFFFFFFFFFFFFFFFFFFFFFFFFFFFFFFFFFFFFF15
:20EB2000FFFFFFFFFFFFFFFFFFFFFFFFFFFFFFFFFFFFFFFFFFFFFFFFFFFFFFFFFFFFFFFFF5
:20EB4000FFFFFFFFFFFFFFFFFFFFFFFFFFFFFFFFFFFFFFFFFFFFFFFFFFFFFFFFFFFFFFFFD5
:20EB6000FFFFFFFFFFFFFFFFFFFFFFFFFFFFFFFFFFFFFFFFFFFFFFFFFFFFFFFFFFFFFFFFB5
:20EB8000FFFFFFFFFFFFFFFFFFFFFFFFFFFFFFFFFFFFFFFFFFFFFFFFFFFFFFFFFFFFFFFF95
:20EBA000FFFFFFFFFFFFFFFFFFFFFFFFFFFFFFFFFFFFFFFFFFFFFFFFFFFFFFFFFFFFFFFF75
:20EBC000FFFFFFFFFFFFFFFFFFFFFFFFFFFFFFFFFFFFFFFFFFFFFFFFFFFFFFFFFFFFFFFF55
:20EBE000FFFFFFFFFFFFFFFFFFFFFFFFFFFFFFFFFFFFFFFFFFFFFFFFFFFFFFFFFFFFFFFF35
:20EC0000FFFFFFFFFFFFFFFFFFFFFFFFFFFFFFFFFFFFFFFFFFFFFFFFFFFFFFFFFFFFFFFF14
:20EC2000FFFFFFFFFFFFFFFFFFFFFFFFFFFFFFFFFFFFFFFFFFFFFFFFFFFFFFFFFFFFFFFFF4
:20EC4000FFFFFFFFFFFFFFFFFFFFFFFFFFFFFFFFFFFFFFFFFFFFFFFFFFFFFFFFFFFFFFFFD4
:20EC6000FFFFFFFFFFFFFFFFFFFFFFFFFFFFFFFFFFFFFFFFFFFFFFFFFFFFFFFFFFFFFFFFB4
:20EC8000FFFFFFFFFFFFFFFFFFFFFFFFFFFFFFFFFFFFFFFFFFFFFFFFFFFFFFFFFFFFFFFF94
:20ECA000FFFFFFFFFFFFFFFFFFFFFFFFFFFFFFFFFFFFFFFFFFFFFFFFFFFFFFFFFFFFFFFF74
:20ECC000FFFFFFFFFFFFFFFFFFFFFFFFFFFFFFFFFFFFFFFFFFFFFFFFFFFFFFFFFFFFFFFF54
:20ECE000FFFFFFFFFFFFFFFFFFFFFFFFFFFFFFFFFFFFFFFFFFFFFFFFFFFFFFFFFFFFFFFF34
:20ED0000FFFFFFFFFFFFFFFFFFFFFFFFFFFFFFFFFFFFFFFFFFFFFFFFFFFFFFFFFFFFFFFF13
:20ED2000FFFFFFFFFFFFFFFFFFFFFFFFFFFFFFFFFFFFFFFFFFFFFFFFFFFFFFFFFFFFFFFFF3
:20ED4000FFFFFFFFFFFFFFFFFFFFFFFFFFFFFFFFFFFFFFFFFFFFFFFFFFFFFFFFFFFFFFFFD3
:20ED6000FFFFFFFFFFFFFFFFFFFFFFFFFFFFFFFFFFFFFFFFFFFFFFFFFFFFFFFFFFFFFFFFB3
:20ED8000FFFFFFFFFFFFFFFFFFFFFFFFFFFFFFFFFFFFFFFFFFFFFFFFFFFFFFFFFFFFFFFF93
:20EDA000FFFFFFFFFFFFFFFFFFFFFFFFFFFFFFFFFFFFFFFFFFFFFFFFFFFFFFFFFFFFFFFF73
:20EDC000FFFFFFFFFFFFFFFFFFFFFFFFFFFFFFFFFFFFFFFFFFFFFFFFFFFFFFFFFFFFFFFF53
:20EDE000FFFFFFFFFFFFFFFFFFFFFFFFFFFFFFFFFFFFFFFFFFFFFFFFFFFFFFFFFFFFFFFF33
:20EE0000FFFFFFFFFFFFFFFFFFFFFFFFFFFFFFFFFFFFFFFFFFFFFFFFFFFFFFFFFFFFFFFF12
:20EE2000FFFFFFFFFFFFFFFFFFFFFFFFFFFFFFFFFFFFFFFFFFFFFFFFFFFFFFFFFFFFFFFFF2
:20EE4000FFFFFFFFFFFFFFFFFFFFFFFFFFFFFFFFFFFFFFFFFFFFFFFFFFFFFFFFFFFFFFFFD2
:20EE6000FFFFFFFFFFFFFFFFFFFFFFFFFFFFFFFFFFFFFFFFFFFFFFFFFFFFFFFFFFFFFFFFB2
:20EE8000FFFFFFFFFFFFFFFFFFFFFFFFFFFFFFFFFFFFFFFFFFFFFFFFFFFFFFFFFFFFFFFF92
:20EEA000FFFFFFFFFFFFFFFFFFFFFFFFFFFFFFFFFFFFFFFFFFFFFFFFFFFFFFFFFFFFFFFF72
:20EEC000FFFFFFFFFFFFFFFFFFFFFFFFFFFFFFFFFFFFFFFFFFFFFFFFFFFFFFFFFFFFFFFF52
:20EEE000FFFFFFFFFFFFFFFFFFFFFFFFFFFFFFFFFFFFFFFFFFFFFFFFFFFFFFFFFFFFFFFF32
:20EF0000FFFFFFFFFFFFFFFFFFFFFFFFFFFFFFFFFFFFFFFFFFFFFFFFFFFFFFFFFFFFFFFF11
:20EF2000FFFFFFFFFFFFFFFFFFFFFFFFFFFFFFFFFFFFFFFFFFFFFFFFFFFFFFFFFFFFFFFFF1
:20EF4000FFFFFFFFFFFFFFFFFFFFFFFFFFFFFFFFFFFFFFFFFFFFFFFFFFFFFFFFFFFFFFFFD1
:20EF6000FFFFFFFFFFFFFFFFFFFFFFFFFFFFFFFFFFFFFFFFFFFFFFFFFFFFFFFFFFFFFFFFB1
:20EF8000FFFFFFFFFFFFFFFFFFFFFFFFFFFFFFFFFFFFFFFFFFFFFFFFFFFFFFFFFFFFFFFF91
:20EFA000FFFFFFFFFFFFFFFFFFFFFFFFFFFFFFFFFFFFFFFFFFFFFFFFFFFFFFFFFFFFFFFF71
:20EFC000FFFFFFFFFFFFFFFFFFFFFFFFFFFFFFFFFFFFFFFFFFFFFFFFFFFFFFFFFFFFFFFF51
:20EFE000FFFFFFFFFFFFFFFFFFFFFFFFFFFFFFFFFFFFFFFFFFFFFFFFFFFFFFFFFFFFFFFF31
:20F00000FFFFFFFFFFFFFFFFFFFFFFFFFFFFFFFFFFFFFFFFFFFFFFFFFFFFFFFFFFFFFFFF10
:20F02000FFFFFFFFFFFFFFFFFFFFFFFFFFFFFFFFFFFFFFFFFFFFFFFFFFFFFFFFFFFFFFFFF0
:20F04000FFFFFFFFFFFFFFFFFFFFFFFFFFFFFFFFFFFFFFFFFFFFFFFFFFFFFFFFFFFFFFFFD0
:20F06000FFFFFFFFFFFFFFFFFFFFFFFFFFFFFFFFFFFFFFFFFFFFFFFFFFFFFFFFFFFFFFFFB0
:20F08000FFFFFFFFFFFFFFFFFFFFFFFFFFFFFFFFFFFFFFFFFFFFFFFFFFFFFFFFFFFFFFFF90
:20F0A000FFFFFFFFFFFFFFFFFFFFFFFFFFFFFFFFFFFFFFFFFFFFFFFFFFFFFFFFFFFFFFFF70
:20F0C000FFFFFFFFFFFFFFFFFFFFFFFFFFFFFFFFFFFFFFFFFFFFFFFFFFFFFFFFFFFFFFFF50
:20F0E000FFFFFFFFFFFFFFFFFFFFFFFFFFFFFFFFFFFFFFFFFFFFFFFFFFFFFFFFFFFFFFFF30
:20F10000FFFFFFFFFFFFFFFFFFFFFFFFFFFFFFFFFFFFFFFFFFFFFFFFFFFFFFFFFFFFFFFF0F
:20F12000FFFFFFFFFFFFFFFFFFFFFFFFFFFFFFFFFFFFFFFFFFFFFFFFFFFFFFFFFFFFFFFFEF
:20F14000FFFFFFFFFFFFFFFFFFFFFFFFFFFFFFFFFFFFFFFFFFFFFFFFFFFFFFFFFFFFFFFFCF
:20F16000FFFFFFFFFFFFFFFFFFFFFFFFFFFFFFFFFFFFFFFFFFFFFFFFFFFFFFFFFFFFFFFFAF
:20F18000FFFFFFFFFFFFFFFFFFFFFFFFFFFFFFFFFFFFFFFFFFFFFFFFFFFFFFFFFFFFFFFF8F
:20F1A000FFFFFFFFFFFFFFFFFFFFFFFFFFFFFFFFFFFFFFFFFFFFFFFFFFFFFFFFFFFFFFFF6F
:20F1C000FFFFFFFFFFFFFFFFFFFFFFFFFFFFFFFFFFFFFFFFFFFFFFFFFFFFFFFFFFFFFFFF4F
:20F1E000FFFFFFFFFFFFFFFFFFFFFFFFFFFFFFFFFFFFFFFFFFFFFFFFFFFFFFFFFFFFFFFF2F
:20F20000FFFFFFFFFFFFFFFFFFFFFFFFFFFFFFFFFFFFFFFFFFFFFFFFFFFFFFFFFFFFFFFF0E
:20F22000FFFFFFFFFFFFFFFFFFFFFFFFFFFFFFFFFFFFFFFFFFFFFFFFFFFFFFFFFFFFFFFFEE
:20F24000FFFFFFFFFFFFFFFFFFFFFFFFFFFFFFFFFFFFFFFFFFFFFFFFFFFFFFFFFFFFFFFFCE
:20F26000FFFFFFFFFFFFFFFFFFFFFFFFFFFFFFFFFFFFFFFFFFFFFFFFFFFFFFFFFFFFFFFFAE
:20F28000FFFFFFFFFFFFFFFFFFFFFFFFFFFFFFFFFFFFFFFFFFFFFFFFFFFFFFFFFFFFFFFF8E
:20F2A000FFFFFFFFFFFFFFFFFFFFFFFFFFFFFFFFFFFFFFFFFFFFFFFFFFFFFFFFFFFFFFFF6E
:20F2C000FFFFFFFFFFFFFFFFFFFFFFFFFFFFFFFFFFFFFFFFFFFFFFFFFFFFFFFFFFFFFFFF4E
:20F2E000FFFFFFFFFFFFFFFFFFFFFFFFFFFFFFFFFFFFFFFFFFFFFFFFFFFFFFFFFFFFFFFF2E
:20F30000FFFFFFFFFFFFFFFFFFFFFFFFFFFFFFFFFFFFFFFFFFFFFFFFFFFFFFFFFFFFFFFF0D
:20F32000FFFFFFFFFFFFFFFFFFFFFFFFFFFFFFFFFFFFFFFFFFFFFFFFFFFFFFFFFFFFFFFFED
:20F34000FFFFFFFFFFFFFFFFFFFFFFFFFFFFFFFFFFFFFFFFFFFFFFFFFFFFFFFFFFFFFFFFCD
:20F36000FFFFFFFFFFFFFFFFFFFFFFFFFFFFFFFFFFFFFFFFFFFFFFFFFFFFFFFFFFFFFFFFAD
:20F38000FFFFFFFFFFFFFFFFFFFFFFFFFFFFFFFFFFFFFFFFFFFFFFFFFFFFFFFFFFFFFFFF8D
:20F3A000FFFFFFFFFFFFFFFFFFFFFFFFFFFFFFFFFFFFFFFFFFFFFFFFFFFFFFFFFFFFFFFF6D
:20F3C000FFFFFFFFFFFFFFFFFFFFFFFFFFFFFFFFFFFFFFFFFFFFFFFFFFFFFFFFFFFFFFFF4D
:20F3E000FFFFFFFFFFFFFFFFFFFFFFFFFFFFFFFFFFFFFFFFFFFFFFFFFFFFFFFFFFFFFFFF2D
:20F40000FFFFFFFFFFFFFFFFFFFFFFFFFFFFFFFFFFFFFFFFFFFFFFFFFFFFFFFFFFFFFFFF0C
:20F42000FFFFFFFFFFFFFFFFFFFFFFFFFFFFFFFFFFFFFFFFFFFFFFFFFFFFFFFFFFFFFFFFEC
:20F44000FFFFFFFFFFFFFFFFFFFFFFFFFFFFFFFFFFFFFFFFFFFFFFFFFFFFFFFFFFFFFFFFCC
:20F46000FFFFFFFFFFFFFFFFFFFFFFFFFFFFFFFFFFFFFFFFFFFFFFFFFFFFFFFFFFFFFFFFAC
:20F48000FFFFFFFFFFFFFFFFFFFFFFFFFFFFFFFFFFFFFFFFFFFFFFFFFFFFFFFFFFFFFFFF8C
:20F4A000FFFFFFFFFFFFFFFFFFFFFFFFFFFFFFFFFFFFFFFFFFFFFFFFFFFFFFFFFFFFFFFF6C
:20F4C000FFFFFFFFFFFFFFFFFFFFFFFFFFFFFFFFFFFFFFFFFFFFFFFFFFFFFFFFFFFFFFFF4C
:20F4E000FFFFFFFFFFFFFFFFFFFFFFFFFFFFFFFFFFFFFFFFFFFFFFFFFFFFFFFFFFFFFFFF2C
:20F50000FFFFFFFFFFFFFFFFFFFFFFFFFFFFFFFFFFFFFFFFFFFFFFFFFFFFFFFFFFFFFFFF0B
:20F52000FFFFFFFFFFFFFFFFFFFFFFFFFFFFFFFFFFFFFFFFFFFFFFFFFFFFFFFFFFFFFFFFEB
:20F54000FFFFFFFFFFFFFFFFFFFFFFFFFFFFFFFFFFFFFFFFFFFFFFFFFFFFFFFFFFFFFFFFCB
:20F56000FFFFFFFFFFFFFFFFFFFFFFFFFFFFFFFFFFFFFFFFFFFFFFFFFFFFFFFFFFFFFFFFAB
:20F58000FFFFFFFFFFFFFFFFFFFFFFFFFFFFFFFFFFFFFFFFFFFFFFFFFFFFFFFFFFFFFFFF8B
:20F5A000FFFFFFFFFFFFFFFFFFFFFFFFFFFFFFFFFFFFFFFFFFFFFFFFFFFFFFFFFFFFFFFF6B
:20F5C000FFFFFFFFFFFFFFFFFFFFFFFFFFFFFFFFFFFFFFFFFFFFFFFFFFFFFFFFFFFFFFFF4B
:20F5E000FFFFFFFFFFFFFFFFFFFFFFFFFFFFFFFFFFFFFFFFFFFFFFFFFFFFFFFFFFFFFFFF2B
:20F60000FFFFFFFFFFFFFFFFFFFFFFFFFFFFFFFFFFFFFFFFFFFFFFFFFFFFFFFFFFFFFFFF0A
:20F62000FFFFFFFFFFFFFFFFFFFFFFFFFFFFFFFFFFFFFFFFFFFFFFFFFFFFFFFFFFFFFFFFEA
:20F64000FFFFFFFFFFFFFFFFFFFFFFFFFFFFFFFFFFFFFFFFFFFFFFFFFFFFFFFFFFFFFFFFCA
:20F66000FFFFFFFFFFFFFFFFFFFFFFFFFFFFFFFFFFFFFFFFFFFFFFFFFFFFFFFFFFFFFFFFAA
:20F68000FFFFFFFFFFFFFFFFFFFFFFFFFFFFFFFFFFFFFFFFFFFFFFFFFFFFFFFFFFFFFFFF8A
:20F6A000FFFFFFFFFFFFFFFFFFFFFFFFFFFFFFFFFFFFFFFFFFFFFFFFFFFFFFFFFFFFFFFF6A
:20F6C000FFFFFFFFFFFFFFFFFFFFFFFFFFFFFFFFFFFFFFFFFFFFFFFFFFFFFFFFFFFFFFFF4A
:20F6E000FFFFFFFFFFFFFFFFFFFFFFFFFFFFFFFFFFFFFFFFFFFFFFFFFFFFFFFFFFFFFFFF2A
:20F70000FFFFFFFFFFFFFFFFFFFFFFFFFFFFFFFFFFFFFFFFFFFFFFFFFFFFFFFFFFFFFFFF09
:20F72000FFFFFFFFFFFFFFFFFFFFFFFFFFFFFFFFFFFFFFFFFFFFFFFFFFFFFFFFFFFFFFFFE9
:20F74000FFFFFFFFFFFFFFFFFFFFFFFFFFFFFFFFFFFFFFFFFFFFFFFFFFFFFFFFFFFFFFFFC9
:20F76000FFFFFFFFFFFFFFFFFFFFFFFFFFFFFFFFFFFFFFFFFFFFFFFFFFFFFFFFFFFFFFFFA9
:20F78000FFFFFFFFFFFFFFFFFFFFFFFFFFFFFFFFFFFFFFFFFFFFFFFFFFFFFFFFFFFFFFFF89
:20F7A000FFFFFFFFFFFFFFFFFFFFFFFFFFFFFFFFFFFFFFFFFFFFFFFFFFFFFFFFFFFFFFFF69
:20F7C000FFFFFFFFFFFFFFFFFFFFFFFFFFFFFFFFFFFFFFFFFFFFFFFFFFFFFFFFFFFFFFFF49
:20F7E000FFFFFFFFFFFFFFFFFFFFFFFFFFFFFFFFFFFFFFFFFFFFFFFFFFFFFFFFFFFFFFFF29
:20F80000FFFFFFFFFFFFFFFFFFFFFFFFFFFFFFFFFFFFFFFFFFFFFFFFFFFFFFFFFFFFFFFF08
:20F82000FFFFFFFFFFFFFFFFFFFFFFFFFFFFFFFFFFFFFFFFFFFFFFFFFFFFFFFFFFFFFFFFE8
:20F84000FFFFFFFFFFFFFFFFFFFFFFFFFFFFFFFFFFFFFFFFFFFFFFFFFFFFFFFFFFFFFFFFC8
:20F86000FFFFFFFFFFFFFFFFFFFFFFFFFFFFFFFFFFFFFFFFFFFFFFFFFFFFFFFFFFFFFFFFA8
:20F88000FFFFFFFFFFFFFFFFFFFFFFFFFFFFFFFFFFFFFFFFFFFFFFFFFFFFFFFFFFFFFFFF88
:20F8A000FFFFFFFFFFFFFFFFFFFFFFFFFFFFFFFFFFFFFFFFFFFFFFFFFFFFFFFFFFFFFFFF68
:20F8C000FFFFFFFFFFFFFFFFFFFFFFFFFFFFFFFFFFFFFFFFFFFFFFFFFFFFFFFFFFFFFFFF48
:20F8E000FFFFFFFFFFFFFFFFFFFFFFFFFFFFFFFFFFFFFFFFFFFFFFFFFFFFFFFFFFFFFFFF28
:20F90000FFFFFFFFFFFFFFFFFFFFFFFFFFFFFFFFFFFFFFFFFFFFFFFFFFFFFFFFFFFFFFFF07
:20F92000FFFFFFFFFFFFFFFFFFFFFFFFFFFFFFFFFFFFFFFFFFFFFFFFFFFFFFFFFFFFFFFFE7
:20F94000FFFFFFFFFFFFFFFFFFFFFFFFFFFFFFFFFFFFFFFFFFFFFFFFFFFFFFFFFFFFFFFFC7
:20F96000FFFFFFFFFFFFFFFFFFFFFFFFFFFFFFFFFFFFFFFFFFFFFFFFFFFFFFFFFFFFFFFFA7
:20F98000FFFFFFFFFFFFFFFFFFFFFFFFFFFFFFFFFFFFFFFFFFFFFFFFFFFFFFFFFFFFFFFF87
:20F9A000FFFFFFFFFFFFFFFFFFFFFFFFFFFFFFFFFFFFFFFFFFFFFFFFFFFFFFFFFFFFFFFF67
:20F9C000FFFFFFFFFFFFFFFFFFFFFFFFFFFFFFFFFFFFFFFFFFFFFFFFFFFFFFFFFFFFFFFF47
:20F9E000FFFFFFFFFFFFFFFFFFFFFFFFFFFFFFFFFFFFFFFFFFFFFFFFFFFFFFFFFFFFFFFF27
:20FA0000FFFFFFFFFFFFFFFFFFFFFFFFFFFFFFFFFFFFFFFFFFFFFFFFFFFFFFFFFFFFFFFF06
:20FA2000FFFFFFFFFFFFFFFFFFFFFFFFFFFFFFFFFFFFFFFFFFFFFFFFFFFFFFFFFFFFFFFFE6
:20FA4000FFFFFFFFFFFFFFFFFFFFFFFFFFFFFFFFFFFFFFFFFFFFFFFFFFFFFFFFFFFFFFFFC6
:20FA6000FFFFFFFFFFFFFFFFFFFFFFFFFFFFFFFFFFFFFFFFFFFFFFFFFFFFFFFFFFFFFFFFA6
:20FA8000FFFFFFFFFFFFFFFFFFFFFFFFFFFFFFFFFFFFFFFFFFFFFFFFFFFFFFFFFFFFFFFF86
:20FAA000FFFFFFFFFFFFFFFFFFFFFFFFFFFFFFFFFFFFFFFFFFFFFFFFFFFFFFFFFFFFFFFF66
:20FAC000FFFFFFFFFFFFFFFFFFFFFFFFFFFFFFFFFFFFFFFFFFFFFFFFFFFFFFFFFFFFFFFF46
:20FAE000FFFFFFFFFFFFFFFFFFFFFFFFFFFFFFFFFFFFFFFFFFFFFFFFFFFFFFFFFFFFFFFF26
:20FB0000FFFFFFFFFFFFFFFFFFFFFFFFFFFFFFFFFFFFFFFFFFFFFFFFFFFFFFFFFFFFFFFF05
:20FB2000FFFFFFFFFFFFFFFFFFFFFFFFFFFFFFFFFFFFFFFFFFFFFFFFFFFFFFFFFFFFFFFFE5
:20FB4000FFFFFFFFFFFFFFFFFFFFFFFFFFFFFFFFFFFFFFFFFFFFFFFFFFFFFFFFFFFFFFFFC5
:20FB6000FFFFFFFFFFFFFFFFFFFFFFFFFFFFFFFFFFFFFFFFFFFFFFFFFFFFFFFFFFFFFFFFA5
:20FB8000FFFFFFFFFFFFFFFFFFFFFFFFFFFFFFFFFFFFFFFFFFFFFFFFFFFFFFFFFFFFFFFF85
:20FBA000FFFFFFFFFFFFFFFFFFFFFFFFFFFFFFFFFFFFFFFFFFFFFFFFFFFFFFFFFFFFFFFF65
:20FBC000FFFFFFFFFFFFFFFFFFFFFFFFFFFFFFFFFFFFFFFFFFFFFFFFFFFFFFFFFFFFFFFF45
:20FBE000FFFFFFFFFFFFFFFFFFFFFFFFFFFFFFFFFFFFFFFFFFFFFFFFFFFFFFFFFFFFFFFF25
:20FC0000FFFFFFFFFFFFFFFFFFFFFFFFFFFFFFFFFFFFFFFFFFFFFFFFFFFFFFFFFFFFFFFF04
:20FC2000FFFFFFFFFFFFFFFFFFFFFFFFFFFFFFFFFFFFFFFFFFFFFFFFFFFFFFFFFFFFFFFFE4
:20FC4000FFFFFFFFFFFFFFFFFFFFFFFFFFFFFFFFFFFFFFFFFFFFFFFFFFFFFFFFFFFFFFFFC4
:20FC6000FFFFFFFFFFFFFFFFFFFFFFFFFFFFFFFFFFFFFFFFFFFFFFFFFFFFFFFFFFFFFFFFA4
:20FC8000FFFFFFFFFFFFFFFFFFFFFFFFFFFFFFFFFFFFFFFFFFFFFFFFFFFFFFFFFFFFFFFF84
:20FCA000FFFFFFFFFFFFFFFFFFFFFFFFFFFFFFFFFFFFFFFFFFFFFFFFFFFFFFFFFFFFFFFF64
:20FCC000FFFFFFFFFFFFFFFFFFFFFFFFFFFFFFFFFFFFFFFFFFFFFFFFFFFFFFFFFFFFFFFF44
:20FCE000FFFFFFFFFFFFFFFFFFFFFFFFFFFFFFFFFFFFFFFFFFFFFFFFFFFFFFFFFFFFFFFF24
:20FD0000FFFFFFFFFFFFFFFFFFFFFFFFFFFFFFFFFFFFFFFFFFFFFFFFFFFFFFFFFFFFFFFF03
:20FD2000FFFFFFFFFFFFFFFFFFFFFFFFFFFFFFFFFFFFFFFFFFFFFFFFFFFFFFFFFFFFFFFFE3
:20FD4000FFFFFFFFFFFFFFFFFFFFFFFFFFFFFFFFFFFFFFFFFFFFFFFFFFFFFFFFFFFFFFFFC3
:20FD6000FFFFFFFFFFFFFFFFFFFFFFFFFFFFFFFFFFFFFFFFFFFFFFFFFFFFFFFFFFFFFFFFA3
:20FD8000FFFFFFFFFFFFFFFFFFFFFFFFFFFFFFFFFFFFFFFFFFFFFFFFFFFFFFFFFFFFFFFF83
:20FDA000FFFFFFFFFFFFFFFFFFFFFFFFFFFFFFFFFFFFFFFFFFFFFFFFFFFFFFFFFFFFFFFF63
:20FDC000FFFFFFFFFFFFFFFFFFFFFFFFFFFFFFFFFFFFFFFFFFFFFFFFFFFFFFFFFFFFFFFF43
:20FDE000FFFFFFFFFFFFFFFFFFFFFFFFFFFFFFFFFFFFFFFFFFFFFFFFFFFFFFFFFFFFFFFF23
:20FE0000FFFFFFFFFFFFFFFFFFFFFFFFFFFFFFFFFFFFFFFFFFFFFFFFFFFFFFFFFFFFFFFF02
:20FE2000FFFFFFFFFFFFFFFFFFFFFFFFFFFFFFFFFFFFFFFFFFFFFFFFFFFFFFFFFFFFFFFFE2
:20FE4000FFFFFFFFFFFFFFFFFFFFFFFFFFFFFFFFFFFFFFFFFFFFFFFFFFFFFFFFFFFFFFFFC2
:20FE6000FFFFFFFFFFFFFFFFFFFFFFFFFFFFFFFFFFFFFFFFFFFFFFFFFFFFFFFFFFFFFFFFA2
:20FE8000FFFFFFFFFFFFFFFFFFFFFFFFFFFFFFFFFFFFFFFFFFFFFFFFFFFFFFFFFFFFFFFF82
:20FEA000FFFFFFFFFFFFFFFFFFFFFFFFFFFFFFFFFFFFFFFFFFFFFFFFFFFFFFFFFFFFFFFF62
:20FEC000FFFFFFFFFFFFFFFFFFFFFFFFFFFFFFFFFFFFFFFFFFFFFFFFFFFFFFFFFFFFFFFF42
:20FEE000FFFFFFFFFFFFFFFFFFFFFFFFFFFFFFFFFFFFFFFFFFFFFFFFFFFFFFFFFFFFFFFF22
:20FF0000FFFFFFFFFFFFFFFFFFFFFFFFFFFFFFFFFFFFFFFFFFFFFFFFFFFFFFFFFFFFFFFF01
:20FF2000FFFFFFFFFFFFFFFFFFFFFFFFFFFFFFFFFFFFFFFFFFFFFFFFFFFFFFFFFFFFFFFFE1
:20FF4000FFFFFFFFFFFFFFFFFFFFFFFFFFFFFFFFFFFFFFFFFFFFFFFFFFFFFFFFFFFFFFFFC1
:20FF6000FFFFFFFFFFFFFFFFFFFFFFFFFFFFFFFFFFFFFFFFFFFFFFFFFFFFFFFFFFFFFFFFA1
:20FF8000FFFFFFFFFFFFFFFFFFFFFFFFFFFFFFFFFFFFFFFFFFFFFFFFFFFFFFFFFFFFFFFF81
:20FFA000FFFFFFFFFFFFFFFFFFFFFFFFFFFFFFFFFFFFFFFFFFFFFFFFFFFFFFFFFFFFFFFF61
:20FFC000FFFFFFFFFFFFFFFFFFFFFFFFFFFFFFFFFFFFFFFFFFFFFFFFFFFFFFFFFFFFFFFF41
:20FFE000FFFFFFFFFFFFFFFFFFFFFFFFFFFFFFFFFFFFFFFFFFFFFFFFFFFFFFFFFFFFFFFF21
:020000040402F4
:20000000FFFFFFFFFFFFFFFFFFFFFFFFFFFFFFFFFFFFFFFFFFFFFFFFFFFFFFFFFFFFFFFF00
:20002000FFFFFFFFFFFFFFFFFFFFFFFFFFFFFFFFFFFFFFFFFFFFFFFFFFFFFFFFFFFFFFFFE0
:20004000FFFFFFFFFFFFFFFFFFFFFFFFFFFFFFFFFFFFFFFFFFFFFFFFFFFFFFFFFFFFFFFFC0
:20006000FFFFFFFFFFFFFFFFFFFFFFFFFFFFFFFFFFFFFFFFFFFFFFFFFFFFFFFFFFFFFFFFA0
:20008000FFFFFFFFFFFFFFFFFFFFFFFFFFFFFFFFFFFFFFFFFFFFFFFFFFFFFFFFFFFFFFFF80
:2000A000FFFFFFFFFFFFFFFFFFFFFFFFFFFFFFFFFFFFFFFFFFFFFFFFFFFFFFFFFFFFFFFF60
:2000C000FFFFFFFFFFFFFFFFFFFFFFFFFFFFFFFFFFFFFFFFFFFFFFFFFFFFFFFFFFFFFFFF40
:2000E000FFFFFFFFFFFFFFFFFFFFFFFFFFFFFFFFFFFFFFFFFFFFFFFFFFFFFFFFFFFFFFFF20
:20010000FFFFFFFFFFFFFFFFFFFFFFFFFFFFFFFFFFFFFFFFFFFFFFFFFFFFFFFFFFFFFFFFFF
:20012000FFFFFFFFFFFFFFFFFFFFFFFFFFFFFFFFFFFFFFFFFFFFFFFFFFFFFFFFFFFFFFFFDF
:20014000FFFFFFFFFFFFFFFFFFFFFFFFFFFFFFFFFFFFFFFFFFFFFFFFFFFFFFFFFFFFFFFFBF
:20016000FFFFFFFFFFFFFFFFFFFFFFFFFFFFFFFFFFFFFFFFFFFFFFFFFFFFFFFFFFFFFFFF9F
:20018000FFFFFFFFFFFFFFFFFFFFFFFFFFFFFFFFFFFFFFFFFFFFFFFFFFFFFFFFFFFFFFFF7F
:2001A000FFFFFFFFFFFFFFFFFFFFFFFFFFFFFFFFFFFFFFFFFFFFFFFFFFFFFFFFFFFFFFFF5F
:2001C000FFFFFFFFFFFFFFFFFFFFFFFFFFFFFFFFFFFFFFFFFFFFFFFFFFFFFFFFFFFFFFFF3F
:2001E000FFFFFFFFFFFFFFFFFFFFFFFFFFFFFFFFFFFFFFFFFFFFFFFFFFFFFFFFFFFFFFFF1F
:20020000FFFFFFFFFFFFFFFFFFFFFFFFFFFFFFFFFFFFFFFFFFFFFFFFFFFFFFFFFFFFFFFFFE
:20022000FFFFFFFFFFFFFFFFFFFFFFFFFFFFFFFFFFFFFFFFFFFFFFFFFFFFFFFFFFFFFFFFDE
:20024000FFFFFFFFFFFFFFFFFFFFFFFFFFFFFFFFFFFFFFFFFFFFFFFFFFFFFFFFFFFFFFFFBE
:20026000FFFFFFFFFFFFFFFFFFFFFFFFFFFFFFFFFFFFFFFFFFFFFFFFFFFFFFFFFFFFFFFF9E
:20028000FFFFFFFFFFFFFFFFFFFFFFFFFFFFFFFFFFFFFFFFFFFFFFFFFFFFFFFFFFFFFFFF7E
:2002A000FFFFFFFFFFFFFFFFFFFFFFFFFFFFFFFFFFFFFFFFFFFFFFFFFFFFFFFFFFFFFFFF5E
:2002C000FFFFFFFFFFFFFFFFFFFFFFFFFFFFFFFFFFFFFFFFFFFFFFFFFFFFFFFFFFFFFFFF3E
:2002E000FFFFFFFFFFFFFFFFFFFFFFFFFFFFFFFFFFFFFFFFFFFFFFFFFFFFFFFFFFFFFFFF1E
:20030000FFFFFFFFFFFFFFFFFFFFFFFFFFFFFFFFFFFFFFFFFFFFFFFFFFFFFFFFFFFFFFFFFD
:20032000FFFFFFFFFFFFFFFFFFFFFFFFFFFFFFFFFFFFFFFFFFFFFFFFFFFFFFFFFFFFFFFFDD
:20034000FFFFFFFFFFFFFFFFFFFFFFFFFFFFFFFFFFFFFFFFFFFFFFFFFFFFFFFFFFFFFFFFBD
:20036000FFFFFFFFFFFFFFFFFFFFFFFFFFFFFFFFFFFFFFFFFFFFFFFFFFFFFFFFFFFFFFFF9D
:20038000FFFFFFFFFFFFFFFFFFFFFFFFFFFFFFFFFFFFFFFFFFFFFFFFFFFFFFFFFFFFFFFF7D
:2003A000FFFFFFFFFFFFFFFFFFFFFFFFFFFFFFFFFFFFFFFFFFFFFFFFFFFFFFFFFFFFFFFF5D
:2003C000FFFFFFFFFFFFFFFFFFFFFFFFFFFFFFFFFFFFFFFFFFFFFFFFFFFFFFFFFFFFFFFF3D
:2003E000FFFFFFFFFFFFFFFFFFFFFFFFFFFFFFFFFFFFFFFFFFFFFFFFFFFFFFFFFFFFFFFF1D
:20040000FFFFFFFFFFFFFFFFFFFFFFFFFFFFFFFFFFFFFFFFFFFFFFFFFFFFFFFFFFFFFFFFFC
:20042000FFFFFFFFFFFFFFFFFFFFFFFFFFFFFFFFFFFFFFFFFFFFFFFFFFFFFFFFFFFFFFFFDC
:20044000FFFFFFFFFFFFFFFFFFFFFFFFFFFFFFFFFFFFFFFFFFFFFFFFFFFFFFFFFFFFFFFFBC
:20046000FFFFFFFFFFFFFFFFFFFFFFFFFFFFFFFFFFFFFFFFFFFFFFFFFFFFFFFFFFFFFFFF9C
:20048000FFFFFFFFFFFFFFFFFFFFFFFFFFFFFFFFFFFFFFFFFFFFFFFFFFFFFFFFFFFFFFFF7C
:2004A000FFFFFFFFFFFFFFFFFFFFFFFFFFFFFFFFFFFFFFFFFFFFFFFFFFFFFFFFFFFFFFFF5C
:2004C000FFFFFFFFFFFFFFFFFFFFFFFFFFFFFFFFFFFFFFFFFFFFFFFFFFFFFFFFFFFFFFFF3C
:2004E000FFFFFFFFFFFFFFFFFFFFFFFFFFFFFFFFFFFFFFFFFFFFFFFFFFFFFFFFFFFFFFFF1C
:20050000FFFFFFFFFFFFFFFFFFFFFFFFFFFFFFFFFFFFFFFFFFFFFFFFFFFFFFFFFFFFFFFFFB
:20052000FFFFFFFFFFFFFFFFFFFFFFFFFFFFFFFFFFFFFFFFFFFFFFFFFFFFFFFFFFFFFFFFDB
:20054000FFFFFFFFFFFFFFFFFFFFFFFFFFFFFFFFFFFFFFFFFFFFFFFFFFFFFFFFFFFFFFFFBB
:20056000FFFFFFFFFFFFFFFFFFFFFFFFFFFFFFFFFFFFFFFFFFFFFFFFFFFFFFFFFFFFFFFF9B
:20058000FFFFFFFFFFFFFFFFFFFFFFFFFFFFFFFFFFFFFFFFFFFFFFFFFFFFFFFFFFFFFFFF7B
:2005A000FFFFFFFFFFFFFFFFFFFFFFFFFFFFFFFFFFFFFFFFFFFFFFFFFFFFFFFFFFFFFFFF5B
:2005C000FFFFFFFFFFFFFFFFFFFFFFFFFFFFFFFFFFFFFFFFFFFFFFFFFFFFFFFFFFFFFFFF3B
:2005E000FFFFFFFFFFFFFFFFFFFFFFFFFFFFFFFFFFFFFFFFFFFFFFFFFFFFFFFFFFFFFFFF1B
:20060000FFFFFFFFFFFFFFFFFFFFFFFFFFFFFFFFFFFFFFFFFFFFFFFFFFFFFFFFFFFFFFFFFA
:20062000FFFFFFFFFFFFFFFFFFFFFFFFFFFFFFFFFFFFFFFFFFFFFFFFFFFFFFFFFFFFFFFFDA
:20064000FFFFFFFFFFFFFFFFFFFFFFFFFFFFFFFFFFFFFFFFFFFFFFFFFFFFFFFFFFFFFFFFBA
:20066000FFFFFFFFFFFFFFFFFFFFFFFFFFFFFFFFFFFFFFFFFFFFFFFFFFFFFFFFFFFFFFFF9A
:20068000FFFFFFFFFFFFFFFFFFFFFFFFFFFFFFFFFFFFFFFFFFFFFFFFFFFFFFFFFFFFFFFF7A
:2006A000FFFFFFFFFFFFFFFFFFFFFFFFFFFFFFFFFFFFFFFFFFFFFFFFFFFFFFFFFFFFFFFF5A
:2006C000FFFFFFFFFFFFFFFFFFFFFFFFFFFFFFFFFFFFFFFFFFFFFFFFFFFFFFFFFFFFFFFF3A
:2006E000FFFFFFFFFFFFFFFFFFFFFFFFFFFFFFFFFFFFFFFFFFFFFFFFFFFFFFFFFFFFFFFF1A
:20070000FFFFFFFFFFFFFFFFFFFFFFFFFFFFFFFFFFFFFFFFFFFFFFFFFFFFFFFFFFFFFFFFF9
:20072000FFFFFFFFFFFFFFFFFFFFFFFFFFFFFFFFFFFFFFFFFFFFFFFFFFFFFFFFFFFFFFFFD9
:20074000FFFFFFFFFFFFFFFFFFFFFFFFFFFFFFFFFFFFFFFFFFFFFFFFFFFFFFFFFFFFFFFFB9
:20076000FFFFFFFFFFFFFFFFFFFFFFFFFFFFFFFFFFFFFFFFFFFFFFFFFFFFFFFFFFFFFFFF99
:20078000FFFFFFFFFFFFFFFFFFFFFFFFFFFFFFFFFFFFFFFFFFFFFFFFFFFFFFFFFFFFFFFF79
:2007A000FFFFFFFFFFFFFFFFFFFFFFFFFFFFFFFFFFFFFFFFFFFFFFFFFFFFFFFFFFFFFFFF59
:2007C000FFFFFFFFFFFFFFFFFFFFFFFFFFFFFFFFFFFFFFFFFFFFFFFFFFFFFFFFFFFFFFFF39
:2007E000FFFFFFFFFFFFFFFFFFFFFFFFFFFFFFFFFFFFFFFFFFFFFFFFFFFFFFFFFFFFFFFF19
:20080000FFFFFFFFFFFFFFFFFFFFFFFFFFFFFFFFFFFFFFFFFFFFFFFFFFFFFFFFFFFFFFFFF8
:20082000FFFFFFFFFFFFFFFFFFFFFFFFFFFFFFFFFFFFFFFFFFFFFFFFFFFFFFFFFFFFFFFFD8
:20084000FFFFFFFFFFFFFFFFFFFFFFFFFFFFFFFFFFFFFFFFFFFFFFFFFFFFFFFFFFFFFFFFB8
:20086000FFFFFFFFFFFFFFFFFFFFFFFFFFFFFFFFFFFFFFFFFFFFFFFFFFFFFFFFFFFFFFFF98
:20088000FFFFFFFFFFFFFFFFFFFFFFFFFFFFFFFFFFFFFFFFFFFFFFFFFFFFFFFFFFFFFFFF78
:2008A000FFFFFFFFFFFFFFFFFFFFFFFFFFFFFFFFFFFFFFFFFFFFFFFFFFFFFFFFFFFFFFFF58
:2008C000FFFFFFFFFFFFFFFFFFFFFFFFFFFFFFFFFFFFFFFFFFFFFFFFFFFFFFFFFFFFFFFF38
:2008E000FFFFFFFFFFFFFFFFFFFFFFFFFFFFFFFFFFFFFFFFFFFFFFFFFFFFFFFFFFFFFFFF18
:20090000FFFFFFFFFFFFFFFFFFFFFFFFFFFFFFFFFFFFFFFFFFFFFFFFFFFFFFFFFFFFFFFFF7
:20092000FFFFFFFFFFFFFFFFFFFFFFFFFFFFFFFFFFFFFFFFFFFFFFFFFFFFFFFFFFFFFFFFD7
:20094000FFFFFFFFFFFFFFFFFFFFFFFFFFFFFFFFFFFFFFFFFFFFFFFFFFFFFFFFFFFFFFFFB7
:20096000FFFFFFFFFFFFFFFFFFFFFFFFFFFFFFFFFFFFFFFFFFFFFFFFFFFFFFFFFFFFFFFF97
:20098000FFFFFFFFFFFFFFFFFFFFFFFFFFFFFFFFFFFFFFFFFFFFFFFFFFFFFFFFFFFFFFFF77
:2009A000FFFFFFFFFFFFFFFFFFFFFFFFFFFFFFFFFFFFFFFFFFFFFFFFFFFFFFFFFFFFFFFF57
:2009C000FFFFFFFFFFFFFFFFFFFFFFFFFFFFFFFFFFFFFFFFFFFFFFFFFFFFFFFFFFFFFFFF37
:2009E000FFFFFFFFFFFFFFFFFFFFFFFFFFFFFFFFFFFFFFFFFFFFFFFFFFFFFFFFFFFFFFFF17
:200A0000FFFFFFFFFFFFFFFFFFFFFFFFFFFFFFFFFFFFFFFFFFFFFFFFFFFFFFFFFFFFFFFFF6
:200A2000FFFFFFFFFFFFFFFFFFFFFFFFFFFFFFFFFFFFFFFFFFFFFFFFFFFFFFFFFFFFFFFFD6
:200A4000FFFFFFFFFFFFFFFFFFFFFFFFFFFFFFFFFFFFFFFFFFFFFFFFFFFFFFFFFFFFFFFFB6
:200A6000FFFFFFFFFFFFFFFFFFFFFFFFFFFFFFFFFFFFFFFFFFFFFFFFFFFFFFFFFFFFFFFF96
:200A8000FFFFFFFFFFFFFFFFFFFFFFFFFFFFFFFFFFFFFFFFFFFFFFFFFFFFFFFFFFFFFFFF76
:200AA000FFFFFFFFFFFFFFFFFFFFFFFFFFFFFFFFFFFFFFFFFFFFFFFFFFFFFFFFFFFFFFFF56
:200AC000FFFFFFFFFFFFFFFFFFFFFFFFFFFFFFFFFFFFFFFFFFFFFFFFFFFFFFFFFFFFFFFF36
:200AE000FFFFFFFFFFFFFFFFFFFFFFFFFFFFFFFFFFFFFFFFFFFFFFFFFFFFFFFFFFFFFFFF16
:200B0000FFFFFFFFFFFFFFFFFFFFFFFFFFFFFFFFFFFFFFFFFFFFFFFFFFFFFFFFFFFFFFFFF5
:200B2000FFFFFFFFFFFFFFFFFFFFFFFFFFFFFFFFFFFFFFFFFFFFFFFFFFFFFFFFFFFFFFFFD5
:200B4000FFFFFFFFFFFFFFFFFFFFFFFFFFFFFFFFFFFFFFFFFFFFFFFFFFFFFFFFFFFFFFFFB5
:200B6000FFFFFFFFFFFFFFFFFFFFFFFFFFFFFFFFFFFFFFFFFFFFFFFFFFFFFFFFFFFFFFFF95
:200B8000FFFFFFFFFFFFFFFFFFFFFFFFFFFFFFFFFFFFFFFFFFFFFFFFFFFFFFFFFFFFFFFF75
:200BA000FFFFFFFFFFFFFFFFFFFFFFFFFFFFFFFFFFFFFFFFFFFFFFFFFFFFFFFFFFFFFFFF55
:200BC000FFFFFFFFFFFFFFFFFFFFFFFFFFFFFFFFFFFFFFFFFFFFFFFFFFFFFFFFFFFFFFFF35
:200BE000FFFFFFFFFFFFFFFFFFFFFFFFFFFFFFFFFFFFFFFFFFFFFFFFFFFFFFFFFFFFFFFF15
:200C0000FFFFFFFFFFFFFFFFFFFFFFFFFFFFFFFFFFFFFFFFFFFFFFFFFFFFFFFFFFFFFFFFF4
:200C2000FFFFFFFFFFFFFFFFFFFFFFFFFFFFFFFFFFFFFFFFFFFFFFFFFFFFFFFFFFFFFFFFD4
:200C4000FFFFFFFFFFFFFFFFFFFFFFFFFFFFFFFFFFFFFFFFFFFFFFFFFFFFFFFFFFFFFFFFB4
:200C6000FFFFFFFFFFFFFFFFFFFFFFFFFFFFFFFFFFFFFFFFFFFFFFFFFFFFFFFFFFFFFFFF94
:200C8000FFFFFFFFFFFFFFFFFFFFFFFFFFFFFFFFFFFFFFFFFFFFFFFFFFFFFFFFFFFFFFFF74
:200CA000FFFFFFFFFFFFFFFFFFFFFFFFFFFFFFFFFFFFFFFFFFFFFFFFFFFFFFFFFFFFFFFF54
:200CC000FFFFFFFFFFFFFFFFFFFFFFFFFFFFFFFFFFFFFFFFFFFFFFFFFFFFFFFFFFFFFFFF34
:200CE000FFFFFFFFFFFFFFFFFFFFFFFFFFFFFFFFFFFFFFFFFFFFFFFFFFFFFFFFFFFFFFFF14
:200D0000FFFFFFFFFFFFFFFFFFFFFFFFFFFFFFFFFFFFFFFFFFFFFFFFFFFFFFFFFFFFFFFFF3
:200D2000FFFFFFFFFFFFFFFFFFFFFFFFFFFFFFFFFFFFFFFFFFFFFFFFFFFFFFFFFFFFFFFFD3
:200D4000FFFFFFFFFFFFFFFFFFFFFFFFFFFFFFFFFFFFFFFFFFFFFFFFFFFFFFFFFFFFFFFFB3
:200D6000FFFFFFFFFFFFFFFFFFFFFFFFFFFFFFFFFFFFFFFFFFFFFFFFFFFFFFFFFFFFFFFF93
:200D8000FFFFFFFFFFFFFFFFFFFFFFFFFFFFFFFFFFFFFFFFFFFFFFFFFFFFFFFFFFFFFFFF73
:200DA000FFFFFFFFFFFFFFFFFFFFFFFFFFFFFFFFFFFFFFFFFFFFFFFFFFFFFFFFFFFFFFFF53
:200DC000FFFFFFFFFFFFFFFFFFFFFFFFFFFFFFFFFFFFFFFFFFFFFFFFFFFFFFFFFFFFFFFF33
:200DE000FFFFFFFFFFFFFFFFFFFFFFFFFFFFFFFFFFFFFFFFFFFFFFFFFFFFFFFFFFFFFFFF13
:200E0000FFFFFFFFFFFFFFFFFFFFFFFFFFFFFFFFFFFFFFFFFFFFFFFFFFFFFFFFFFFFFFFFF2
:200E2000FFFFFFFFFFFFFFFFFFFFFFFFFFFFFFFFFFFFFFFFFFFFFFFFFFFFFFFFFFFFFFFFD2
:200E4000FFFFFFFFFFFFFFFFFFFFFFFFFFFFFFFFFFFFFFFFFFFFFFFFFFFFFFFFFFFFFFFFB2
:200E6000FFFFFFFFFFFFFFFFFFFFFFFFFFFFFFFFFFFFFFFFFFFFFFFFFFFFFFFFFFFFFFFF92
:200E8000FFFFFFFFFFFFFFFFFFFFFFFFFFFFFFFFFFFFFFFFFFFFFFFFFFFFFFFFFFFFFFFF72
:200EA000FFFFFFFFFFFFFFFFFFFFFFFFFFFFFFFFFFFFFFFFFFFFFFFFFFFFFFFFFFFFFFFF52
:200EC000FFFFFFFFFFFFFFFFFFFFFFFFFFFFFFFFFFFFFFFFFFFFFFFFFFFFFFFFFFFFFFFF32
:200EE000FFFFFFFFFFFFFFFFFFFFFFFFFFFFFFFFFFFFFFFFFFFFFFFFFFFFFFFFFFFFFFFF12
:200F0000FFFFFFFFFFFFFFFFFFFFFFFFFFFFFFFFFFFFFFFFFFFFFFFFFFFFFFFFFFFFFFFFF1
:200F2000FFFFFFFFFFFFFFFFFFFFFFFFFFFFFFFFFFFFFFFFFFFFFFFFFFFFFFFFFFFFFFFFD1
:200F4000FFFFFFFFFFFFFFFFFFFFFFFFFFFFFFFFFFFFFFFFFFFFFFFFFFFFFFFFFFFFFFFFB1
:200F6000FFFFFFFFFFFFFFFFFFFFFFFFFFFFFFFFFFFFFFFFFFFFFFFFFFFFFFFFFFFFFFFF91
:200F8000FFFFFFFFFFFFFFFFFFFFFFFFFFFFFFFFFFFFFFFFFFFFFFFFFFFFFFFFFFFFFFFF71
:200FA000FFFFFFFFFFFFFFFFFFFFFFFFFFFFFFFFFFFFFFFFFFFFFFFFFFFFFFFFFFFFFFFF51
:200FC000FFFFFFFFFFFFFFFFFFFFFFFFFFFFFFFFFFFFFFFFFFFFFFFFFFFFFFFFFFFFFFFF31
:200FE000FFFFFFFFFFFFFFFFFFFFFFFFFFFFFFFFFFFFFFFFFFFFFFFFFFFFFFFFFFFFFFFF11
:20100000FFFFFFFFFFFFFFFFFFFFFFFFFFFFFFFFFFFFFFFFFFFFFFFFFFFFFFFFFFFFFFFFF0
:20102000FFFFFFFFFFFFFFFFFFFFFFFFFFFFFFFFFFFFFFFFFFFFFFFFFFFFFFFFFFFFFFFFD0
:20104000FFFFFFFFFFFFFFFFFFFFFFFFFFFFFFFFFFFFFFFFFFFFFFFFFFFFFFFFFFFFFFFFB0
:20106000FFFFFFFFFFFFFFFFFFFFFFFFFFFFFFFFFFFFFFFFFFFFFFFFFFFFFFFFFFFFFFFF90
:20108000FFFFFFFFFFFFFFFFFFFFFFFFFFFFFFFFFFFFFFFFFFFFFFFFFFFFFFFFFFFFFFFF70
:2010A000FFFFFFFFFFFFFFFFFFFFFFFFFFFFFFFFFFFFFFFFFFFFFFFFFFFFFFFFFFFFFFFF50
:2010C000FFFFFFFFFFFFFFFFFFFFFFFFFFFFFFFFFFFFFFFFFFFFFFFFFFFFFFFFFFFFFFFF30
:2010E000FFFFFFFFFFFFFFFFFFFFFFFFFFFFFFFFFFFFFFFFFFFFFFFFFFFFFFFFFFFFFFFF10
:20110000FFFFFFFFFFFFFFFFFFFFFFFFFFFFFFFFFFFFFFFFFFFFFFFFFFFFFFFFFFFFFFFFEF
:20112000FFFFFFFFFFFFFFFFFFFFFFFFFFFFFFFFFFFFFFFFFFFFFFFFFFFFFFFFFFFFFFFFCF
:20114000FFFFFFFFFFFFFFFFFFFFFFFFFFFFFFFFFFFFFFFFFFFFFFFFFFFFFFFFFFFFFFFFAF
:20116000FFFFFFFFFFFFFFFFFFFFFFFFFFFFFFFFFFFFFFFFFFFFFFFFFFFFFFFFFFFFFFFF8F
:20118000FFFFFFFFFFFFFFFFFFFFFFFFFFFFFFFFFFFFFFFFFFFFFFFFFFFFFFFFFFFFFFFF6F
:2011A000FFFFFFFFFFFFFFFFFFFFFFFFFFFFFFFFFFFFFFFFFFFFFFFFFFFFFFFFFFFFFFFF4F
:2011C000FFFFFFFFFFFFFFFFFFFFFFFFFFFFFFFFFFFFFFFFFFFFFFFFFFFFFFFFFFFFFFFF2F
:2011E000FFFFFFFFFFFFFFFFFFFFFFFFFFFFFFFFFFFFFFFFFFFFFFFFFFFFFFFFFFFFFFFF0F
:20120000FFFFFFFFFFFFFFFFFFFFFFFFFFFFFFFFFFFFFFFFFFFFFFFFFFFFFFFFFFFFFFFFEE
:20122000FFFFFFFFFFFFFFFFFFFFFFFFFFFFFFFFFFFFFFFFFFFFFFFFFFFFFFFFFFFFFFFFCE
:20124000FFFFFFFFFFFFFFFFFFFFFFFFFFFFFFFFFFFFFFFFFFFFFFFFFFFFFFFFFFFFFFFFAE
:20126000FFFFFFFFFFFFFFFFFFFFFFFFFFFFFFFFFFFFFFFFFFFFFFFFFFFFFFFFFFFFFFFF8E
:20128000FFFFFFFFFFFFFFFFFFFFFFFFFFFFFFFFFFFFFFFFFFFFFFFFFFFFFFFFFFFFFFFF6E
:2012A000FFFFFFFFFFFFFFFFFFFFFFFFFFFFFFFFFFFFFFFFFFFFFFFFFFFFFFFFFFFFFFFF4E
:2012C000FFFFFFFFFFFFFFFFFFFFFFFFFFFFFFFFFFFFFFFFFFFFFFFFFFFFFFFFFFFFFFFF2E
:2012E000FFFFFFFFFFFFFFFFFFFFFFFFFFFFFFFFFFFFFFFFFFFFFFFFFFFFFFFFFFFFFFFF0E
:20130000FFFFFFFFFFFFFFFFFFFFFFFFFFFFFFFFFFFFFFFFFFFFFFFFFFFFFFFFFFFFFFFFED
:20132000FFFFFFFFFFFFFFFFFFFFFFFFFFFFFFFFFFFFFFFFFFFFFFFFFFFFFFFFFFFFFFFFCD
:20134000FFFFFFFFFFFFFFFFFFFFFFFFFFFFFFFFFFFFFFFFFFFFFFFFFFFFFFFFFFFFFFFFAD
:20136000FFFFFFFFFFFFFFFFFFFFFFFFFFFFFFFFFFFFFFFFFFFFFFFFFFFFFFFFFFFFFFFF8D
:20138000FFFFFFFFFFFFFFFFFFFFFFFFFFFFFFFFFFFFFFFFFFFFFFFFFFFFFFFFFFFFFFFF6D
:2013A000FFFFFFFFFFFFFFFFFFFFFFFFFFFFFFFFFFFFFFFFFFFFFFFFFFFFFFFFFFFFFFFF4D
:2013C000FFFFFFFFFFFFFFFFFFFFFFFFFFFFFFFFFFFFFFFFFFFFFFFFFFFFFFFFFFFFFFFF2D
:2013E000FFFFFFFFFFFFFFFFFFFFFFFFFFFFFFFFFFFFFFFFFFFFFFFFFFFFFFFFFFFFFFFF0D
:20140000FFFFFFFFFFFFFFFFFFFFFFFFFFFFFFFFFFFFFFFFFFFFFFFFFFFFFFFFFFFFFFFFEC
:20142000FFFFFFFFFFFFFFFFFFFFFFFFFFFFFFFFFFFFFFFFFFFFFFFFFFFFFFFFFFFFFFFFCC
:20144000FFFFFFFFFFFFFFFFFFFFFFFFFFFFFFFFFFFFFFFFFFFFFFFFFFFFFFFFFFFFFFFFAC
:20146000FFFFFFFFFFFFFFFFFFFFFFFFFFFFFFFFFFFFFFFFFFFFFFFFFFFFFFFFFFFFFFFF8C
:20148000FFFFFFFFFFFFFFFFFFFFFFFFFFFFFFFFFFFFFFFFFFFFFFFFFFFFFFFFFFFFFFFF6C
:2014A000FFFFFFFFFFFFFFFFFFFFFFFFFFFFFFFFFFFFFFFFFFFFFFFFFFFFFFFFFFFFFFFF4C
:2014C000FFFFFFFFFFFFFFFFFFFFFFFFFFFFFFFFFFFFFFFFFFFFFFFFFFFFFFFFFFFFFFFF2C
:2014E000FFFFFFFFFFFFFFFFFFFFFFFFFFFFFFFFFFFFFFFFFFFFFFFFFFFFFFFFFFFFFFFF0C
:20150000FFFFFFFFFFFFFFFFFFFFFFFFFFFFFFFFFFFFFFFFFFFFFFFFFFFFFFFFFFFFFFFFEB
:20152000FFFFFFFFFFFFFFFFFFFFFFFFFFFFFFFFFFFFFFFFFFFFFFFFFFFFFFFFFFFFFFFFCB
:20154000FFFFFFFFFFFFFFFFFFFFFFFFFFFFFFFFFFFFFFFFFFFFFFFFFFFFFFFFFFFFFFFFAB
:20156000FFFFFFFFFFFFFFFFFFFFFFFFFFFFFFFFFFFFFFFFFFFFFFFFFFFFFFFFFFFFFFFF8B
:20158000FFFFFFFFFFFFFFFFFFFFFFFFFFFFFFFFFFFFFFFFFFFFFFFFFFFFFFFFFFFFFFFF6B
:2015A000FFFFFFFFFFFFFFFFFFFFFFFFFFFFFFFFFFFFFFFFFFFFFFFFFFFFFFFFFFFFFFFF4B
:2015C000FFFFFFFFFFFFFFFFFFFFFFFFFFFFFFFFFFFFFFFFFFFFFFFFFFFFFFFFFFFFFFFF2B
:2015E000FFFFFFFFFFFFFFFFFFFFFFFFFFFFFFFFFFFFFFFFFFFFFFFFFFFFFFFFFFFFFFFF0B
:20160000FFFFFFFFFFFFFFFFFFFFFFFFFFFFFFFFFFFFFFFFFFFFFFFFFFFFFFFFFFFFFFFFEA
:20162000FFFFFFFFFFFFFFFFFFFFFFFFFFFFFFFFFFFFFFFFFFFFFFFFFFFFFFFFFFFFFFFFCA
:20164000FFFFFFFFFFFFFFFFFFFFFFFFFFFFFFFFFFFFFFFFFFFFFFFFFFFFFFFFFFFFFFFFAA
:20166000FFFFFFFFFFFFFFFFFFFFFFFFFFFFFFFFFFFFFFFFFFFFFFFFFFFFFFFFFFFFFFFF8A
:20168000FFFFFFFFFFFFFFFFFFFFFFFFFFFFFFFFFFFFFFFFFFFFFFFFFFFFFFFFFFFFFFFF6A
:2016A000FFFFFFFFFFFFFFFFFFFFFFFFFFFFFFFFFFFFFFFFFFFFFFFFFFFFFFFFFFFFFFFF4A
:2016C000FFFFFFFFFFFFFFFFFFFFFFFFFFFFFFFFFFFFFFFFFFFFFFFFFFFFFFFFFFFFFFFF2A
:2016E000FFFFFFFFFFFFFFFFFFFFFFFFFFFFFFFFFFFFFFFFFFFFFFFFFFFFFFFFFFFFFFFF0A
:20170000FFFFFFFFFFFFFFFFFFFFFFFFFFFFFFFFFFFFFFFFFFFFFFFFFFFFFFFFFFFFFFFFE9
:20172000FFFFFFFFFFFFFFFFFFFFFFFFFFFFFFFFFFFFFFFFFFFFFFFFFFFFFFFFFFFFFFFFC9
:20174000FFFFFFFFFFFFFFFFFFFFFFFFFFFFFFFFFFFFFFFFFFFFFFFFFFFFFFFFFFFFFFFFA9
:20176000FFFFFFFFFFFFFFFFFFFFFFFFFFFFFFFFFFFFFFFFFFFFFFFFFFFFFFFFFFFFFFFF89
:20178000FFFFFFFFFFFFFFFFFFFFFFFFFFFFFFFFFFFFFFFFFFFFFFFFFFFFFFFFFFFFFFFF69
:2017A000FFFFFFFFFFFFFFFFFFFFFFFFFFFFFFFFFFFFFFFFFFFFFFFFFFFFFFFFFFFFFFFF49
:2017C000FFFFFFFFFFFFFFFFFFFFFFFFFFFFFFFFFFFFFFFFFFFFFFFFFFFFFFFFFFFFFFFF29
:2017E000FFFFFFFFFFFFFFFFFFFFFFFFFFFFFFFFFFFFFFFFFFFFFFFFFFFFFFFFFFFFFFFF09
:20180000FFFFFFFFFFFFFFFFFFFFFFFFFFFFFFFFFFFFFFFFFFFFFFFFFFFFFFFFFFFFFFFFE8
:20182000FFFFFFFFFFFFFFFFFFFFFFFFFFFFFFFFFFFFFFFFFFFFFFFFFFFFFFFFFFFFFFFFC8
:20184000FFFFFFFFFFFFFFFFFFFFFFFFFFFFFFFFFFFFFFFFFFFFFFFFFFFFFFFFFFFFFFFFA8
:20186000FFFFFFFFFFFFFFFFFFFFFFFFFFFFFFFFFFFFFFFFFFFFFFFFFFFFFFFFFFFFFFFF88
:20188000FFFFFFFFFFFFFFFFFFFFFFFFFFFFFFFFFFFFFFFFFFFFFFFFFFFFFFFFFFFFFFFF68
:2018A000FFFFFFFFFFFFFFFFFFFFFFFFFFFFFFFFFFFFFFFFFFFFFFFFFFFFFFFFFFFFFFFF48
:2018C000FFFFFFFFFFFFFFFFFFFFFFFFFFFFFFFFFFFFFFFFFFFFFFFFFFFFFFFFFFFFFFFF28
:2018E000FFFFFFFFFFFFFFFFFFFFFFFFFFFFFFFFFFFFFFFFFFFFFFFFFFFFFFFFFFFFFFFF08
:20190000FFFFFFFFFFFFFFFFFFFFFFFFFFFFFFFFFFFFFFFFFFFFFFFFFFFFFFFFFFFFFFFFE7
:20192000FFFFFFFFFFFFFFFFFFFFFFFFFFFFFFFFFFFFFFFFFFFFFFFFFFFFFFFFFFFFFFFFC7
:20194000FFFFFFFFFFFFFFFFFFFFFFFFFFFFFFFFFFFFFFFFFFFFFFFFFFFFFFFFFFFFFFFFA7
:20196000FFFFFFFFFFFFFFFFFFFFFFFFFFFFFFFFFFFFFFFFFFFFFFFFFFFFFFFFFFFFFFFF87
:20198000FFFFFFFFFFFFFFFFFFFFFFFFFFFFFFFFFFFFFFFFFFFFFFFFFFFFFFFFFFFFFFFF67
:2019A000FFFFFFFFFFFFFFFFFFFFFFFFFFFFFFFFFFFFFFFFFFFFFFFFFFFFFFFFFFFFFFFF47
:2019C000FFFFFFFFFFFFFFFFFFFFFFFFFFFFFFFFFFFFFFFFFFFFFFFFFFFFFFFFFFFFFFFF27
:2019E000FFFFFFFFFFFFFFFFFFFFFFFFFFFFFFFFFFFFFFFFFFFFFFFFFFFFFFFFFFFFFFFF07
:201A0000FFFFFFFFFFFFFFFFFFFFFFFFFFFFFFFFFFFFFFFFFFFFFFFFFFFFFFFFFFFFFFFFE6
:201A2000FFFFFFFFFFFFFFFFFFFFFFFFFFFFFFFFFFFFFFFFFFFFFFFFFFFFFFFFFFFFFFFFC6
:201A4000FFFFFFFFFFFFFFFFFFFFFFFFFFFFFFFFFFFFFFFFFFFFFFFFFFFFFFFFFFFFFFFFA6
:201A6000FFFFFFFFFFFFFFFFFFFFFFFFFFFFFFFFFFFFFFFFFFFFFFFFFFFFFFFFFFFFFFFF86
:201A8000FFFFFFFFFFFFFFFFFFFFFFFFFFFFFFFFFFFFFFFFFFFFFFFFFFFFFFFFFFFFFFFF66
:201AA000FFFFFFFFFFFFFFFFFFFFFFFFFFFFFFFFFFFFFFFFFFFFFFFFFFFFFFFFFFFFFFFF46
:201AC000FFFFFFFFFFFFFFFFFFFFFFFFFFFFFFFFFFFFFFFFFFFFFFFFFFFFFFFFFFFFFFFF26
:201AE000FFFFFFFFFFFFFFFFFFFFFFFFFFFFFFFFFFFFFFFFFFFFFFFFFFFFFFFFFFFFFFFF06
:201B0000FFFFFFFFFFFFFFFFFFFFFFFFFFFFFFFFFFFFFFFFFFFFFFFFFFFFFFFFFFFFFFFFE5
:201B2000FFFFFFFFFFFFFFFFFFFFFFFFFFFFFFFFFFFFFFFFFFFFFFFFFFFFFFFFFFFFFFFFC5
:201B4000FFFFFFFFFFFFFFFFFFFFFFFFFFFFFFFFFFFFFFFFFFFFFFFFFFFFFFFFFFFFFFFFA5
:201B6000FFFFFFFFFFFFFFFFFFFFFFFFFFFFFFFFFFFFFFFFFFFFFFFFFFFFFFFFFFFFFFFF85
:201B8000FFFFFFFFFFFFFFFFFFFFFFFFFFFFFFFFFFFFFFFFFFFFFFFFFFFFFFFFFFFFFFFF65
:201BA000FFFFFFFFFFFFFFFFFFFFFFFFFFFFFFFFFFFFFFFFFFFFFFFFFFFFFFFFFFFFFFFF45
:201BC000FFFFFFFFFFFFFFFFFFFFFFFFFFFFFFFFFFFFFFFFFFFFFFFFFFFFFFFFFFFFFFFF25
:201BE000FFFFFFFFFFFFFFFFFFFFFFFFFFFFFFFFFFFFFFFFFFFFFFFFFFFFFFFFFFFFFFFF05
:201C0000FFFFFFFFFFFFFFFFFFFFFFFFFFFFFFFFFFFFFFFFFFFFFFFFFFFFFFFFFFFFFFFFE4
:201C2000FFFFFFFFFFFFFFFFFFFFFFFFFFFFFFFFFFFFFFFFFFFFFFFFFFFFFFFFFFFFFFFFC4
:201C4000FFFFFFFFFFFFFFFFFFFFFFFFFFFFFFFFFFFFFFFFFFFFFFFFFFFFFFFFFFFFFFFFA4
:201C6000FFFFFFFFFFFFFFFFFFFFFFFFFFFFFFFFFFFFFFFFFFFFFFFFFFFFFFFFFFFFFFFF84
:201C8000FFFFFFFFFFFFFFFFFFFFFFFFFFFFFFFFFFFFFFFFFFFFFFFFFFFFFFFFFFFFFFFF64
:201CA000FFFFFFFFFFFFFFFFFFFFFFFFFFFFFFFFFFFFFFFFFFFFFFFFFFFFFFFFFFFFFFFF44
:201CC000FFFFFFFFFFFFFFFFFFFFFFFFFFFFFFFFFFFFFFFFFFFFFFFFFFFFFFFFFFFFFFFF24
:201CE000FFFFFFFFFFFFFFFFFFFFFFFFFFFFFFFFFFFFFFFFFFFFFFFFFFFFFFFFFFFFFFFF04
:201D0000FFFFFFFFFFFFFFFFFFFFFFFFFFFFFFFFFFFFFFFFFFFFFFFFFFFFFFFFFFFFFFFFE3
:201D2000FFFFFFFFFFFFFFFFFFFFFFFFFFFFFFFFFFFFFFFFFFFFFFFFFFFFFFFFFFFFFFFFC3
:201D4000FFFFFFFFFFFFFFFFFFFFFFFFFFFFFFFFFFFFFFFFFFFFFFFFFFFFFFFFFFFFFFFFA3
:201D6000FFFFFFFFFFFFFFFFFFFFFFFFFFFFFFFFFFFFFFFFFFFFFFFFFFFFFFFFFFFFFFFF83
:201D8000FFFFFFFFFFFFFFFFFFFFFFFFFFFFFFFFFFFFFFFFFFFFFFFFFFFFFFFFFFFFFFFF63
:201DA000FFFFFFFFFFFFFFFFFFFFFFFFFFFFFFFFFFFFFFFFFFFFFFFFFFFFFFFFFFFFFFFF43
:201DC000FFFFFFFFFFFFFFFFFFFFFFFFFFFFFFFFFFFFFFFFFFFFFFFFFFFFFFFFFFFFFFFF23
:201DE000FFFFFFFFFFFFFFFFFFFFFFFFFFFFFFFFFFFFFFFFFFFFFFFFFFFFFFFFFFFFFFFF03
:201E0000FFFFFFFFFFFFFFFFFFFFFFFFFFFFFFFFFFFFFFFFFFFFFFFFFFFFFFFFFFFFFFFFE2
:201E2000FFFFFFFFFFFFFFFFFFFFFFFFFFFFFFFFFFFFFFFFFFFFFFFFFFFFFFFFFFFFFFFFC2
:201E4000FFFFFFFFFFFFFFFFFFFFFFFFFFFFFFFFFFFFFFFFFFFFFFFFFFFFFFFFFFFFFFFFA2
:201E6000FFFFFFFFFFFFFFFFFFFFFFFFFFFFFFFFFFFFFFFFFFFFFFFFFFFFFFFFFFFFFFFF82
:201E8000FFFFFFFFFFFFFFFFFFFFFFFFFFFFFFFFFFFFFFFFFFFFFFFFFFFFFFFFFFFFFFFF62
:201EA000FFFFFFFFFFFFFFFFFFFFFFFFFFFFFFFFFFFFFFFFFFFFFFFFFFFFFFFFFFFFFFFF42
:201EC000FFFFFFFFFFFFFFFFFFFFFFFFFFFFFFFFFFFFFFFFFFFFFFFFFFFFFFFFFFFFFFFF22
:201EE000FFFFFFFFFFFFFFFFFFFFFFFFFFFFFFFFFFFFFFFFFFFFFFFFFFFFFFFFFFFFFFFF02
:201F0000FFFFFFFFFFFFFFFFFFFFFFFFFFFFFFFFFFFFFFFFFFFFFFFFFFFFFFFFFFFFFFFFE1
:201F2000FFFFFFFFFFFFFFFFFFFFFFFFFFFFFFFFFFFFFFFFFFFFFFFFFFFFFFFFFFFFFFFFC1
:201F4000FFFFFFFFFFFFFFFFFFFFFFFFFFFFFFFFFFFFFFFFFFFFFFFFFFFFFFFFFFFFFFFFA1
:201F6000FFFFFFFFFFFFFFFFFFFFFFFFFFFFFFFFFFFFFFFFFFFFFFFFFFFFFFFFFFFFFFFF81
:201F8000FFFFFFFFFFFFFFFFFFFFFFFFFFFFFFFFFFFFFFFFFFFFFFFFFFFFFFFFFFFFFFFF61
:201FA000FFFFFFFFFFFFFFFFFFFFFFFFFFFFFFFFFFFFFFFFFFFFFFFFFFFFFFFFFFFFFFFF41
:201FC000FFFFFFFFFFFFFFFFFFFFFFFFFFFFFFFFFFFFFFFFFFFFFFFFFFFFFFFFFFFFFFFF21
:201FE000FFFFFFFFFFFFFFFFFFFFFFFFFFFFFFFFFFFFFFFFFFFFFFFFFFFFFFFFFFFFFFFF01
:20200000304402202E783028EB8BEAD74990FE5F7D20F4B966067C9A75A1F010A82FB084D2
:2020200072A503A8022016E4539CB37FDAA9CE57E3E31AD7B9EEEE93BF7AF892FC0AE02948
:2020400051EA976DB6AA00004600000000000000000000000000000000000000000000009B
:20206000000000000000000000000000000000000000000000000000000000000000000060
:20208000000000000000000000000000000000000000000000000000000000000000000040
:2020A000000000000000000000000000000000000000000000000000000000000000000020
:2020C000000000000000000000000000000000000000000000000000000000000000000000
:2020E0000000000000000000000000000000000000000000000000000000000000000000E0
:202100000000000000000000000000000000000000000000000000000000000000000000BF
:2021200000000000000000000000000000000000000000000000000000000000000000009F
:2021400000000000000000000000000000000000000000000000000000000000000000007F
:2021600000000000000000000000000000000000000000000000000000000000000000005F
:20218000F51464D587B75F095D7E4313D49309BD21407A955F19FEBCB953830B3CCD32A4DE
:2021A00055CC0F000101A83720050300D7F92288C71BEE11B24BC32A0C01A1570025020471
:2021C0000000000000000000002002040000000000000000000000000000000000000000D9
:2021E0000000000000000000000000000000000000000000000000000000000000000000DF
:202200000100006869EBAE4A6465762323232323044714230C8E79A856B231E36494D404F2
:202220003997DCF4D856EE5BD8FF0511DF0EA19F79301635E564C96854260D34CE5E50FECA
:202240009654C8A92FD92F655B86081DEE1205F36B0000000000000000000000000000001E
:2022600000000000000000000000000000000000000000000000000000000000000000005E
:2022800000000000000000000000000000000000000000000000000000000000000000003E
:2022A00000000000000000000000000000000000000000000000000000000000000000001E
:2022C0000000000000000000000000000000000000000000000000000000000000000000FE
:2022E0000000000000000000000000000000000000000000000000000000000000000000DE
:202300000000000000000000000000000000000000000000000000000000000000000000BD
:2023200000000000000000000000000000000000000000000000000000000000000000009D
:2023400000000000000000000000000000000000000000000000000000000000000000007D
:2023600000000000000000000000000000000000000000000000000000000000000000005D
:2023800000000000000000000000000000000000000000000000000000000000000000003D
:2023A00000000000000000000000000000000000000000000000000000000000000000001D
:2023C0000000000000000000000000000000000000000000000000000000000000000000FD
:2023E0000000000000000000000000000000000000000000000000000000000000000000DD
:202400000000000000000000000000000000000000000000000000000000000000000000BC
:2024200000000000000000000000000000000000000000000000000000000000000000009C
:2024400000000000000000000000000000000000000000000000000000000000000000007C
:2024600000000000000000000000000000000000000000000000000000000000000000005C
:2024800000000000000000000000000000000000000000000000000000000000000000003C
:2024A00000000000000000000000000000000000000000000000000000000000000000001C
:2024C0000000000000000000000000000000000000000000000000000000000000000000FC
:2024E0000000000000000000000000000000000000000000000000000000000000000000DC
:2025000010B5084808A1154B0FA204684FF01850A0472FF0F5FC2FF003FD00F051F8012069
:2025200010BD00BFF4A413005570706572737461636B205665723A2025732C2047434944A0
:202540003A20307825780000312E302E302E56455253494F4E5F4255494C440069EBAE4A80
:20256000F8B50B489C23D0E90012CDE901120B218068084A039001A82FF0EEFC022806D954
:20258000054806A10B2203684FF0185098478FBDF01F0504E4001000F4A413004D6F647591
:2025A0006C652069643A20307825782C204346472050617273696E67204572726F72000084
:2025C00080B500F0E7FD00F0B3FEBDE8804000F0D3BE00002DE9F04F8DB0A0F55C52152A57
:2025E00040F28480A0F55452132A40F29E80A0F548520F2A40F2BA80A0F564520F2A40F253
:20260000CE80A0F55852102A40F2E380A0F544520D2A40F2F980A0F540520C2A40F20B8136
:20262000A0F56052092A40F21C8143F62072821A062A40F22A81A0F54C52052A40F2358193
:20264000A0F56852052A40F24081A0F56C52052A40F24B8143F63062821A052A40F25581EB
:20266000A0F57852042A40F26081A0F55052032A40F26A8143F63042821A032A40F27281A0
:20268000B0F5705F00F07F8143F60142904200F07E8143F67042904200F07D81B0F5745F76
:2026A00000F07E8143F60152904200F07E8143F60252904200F07E8143F66062904200F0D3
:2026C0007E8143F66162904200F07E81B0F57A5F00F07F8143F68162904240F057858B88C3
:2026E00000F074FD25F02EFF00F04FBD0FF20400DFE812F0160075017A017F0184018901D7
:202700008E01930198019C01A001A401A901B101B601C501CA01CF01D401D801DD01E20137
:20272000D1E9000422F070F8CDE10FF20600DFE812F01400CC01D101D801E001E401E801A8
:20274000ED01F201F701FE010702100218021D0228022D0537023C0241024B680A7A088870
:20276000CC6819461EF008FE00F00FBD0FF20400DFE812F01000250229022E0233023A0225
:202780003F024402490254025E0263026A0277028402890208782BF0EFFF00F0F7BC0FF229
:2027A0000600DFE812F0100077027C02800285028A02BA02C202CA02CF02D402DA02DF02FE
:2027C000E402E802ED0208784C6823F06FFC00F0DCBC0FF20600DFE812F01100D802DD0266
:2027E000E202E702EE02F302F802FD0202030703D904D9040C030F031403190300F0DBFC4A
:202800001CF0FCFF00F0C1BC0FF20400DFE812F00E00030308031403230327033003370383
:202820003C0345034C03500355035D0308782DF0CDFD00F0ABBC0FF20600DFE812F00D001C
:202840004D03520357035B035F0364036903700375037A037F03840308881DF0F3FE00F0F7
:2028600095BC0FF20600DFE812F00A0075037A037E0386038B03900394039903A00300F047
:202880009AFC21F0E3F900F080BC0FF20600DFE812F00700910399039E03A303B003B503D0
:2028A0000C682FF065F800F070BC0FF20600DFE812F00600AB03B003B403B803BC0300F0B4
:2028C0007AFC21F069FB00F060BC0FF20600DFE812F00600B003B503BB03BF03C30300F08A
:2028E0006AFC24F0F5F900F050BC0FF20600DFE812F00600B803BE03C203C803CF03087840
:202900004C6823F071FA00F040BC0FF20600DFE812F00600D703DF03E403ED03F2030878BB
:202920004C6825F0AFF800F030BC0FF20600DFE812F00500E703EC03F503010408784C686C
:2029400024F09EFB00F021BC0FF20400DFE812F00400F703FC03000400F02DFC21F080FD87
:2029600000F013BC0FF20400DFE812F00400F603FF030B0400F05AFCD1E904562146009566
:2029800025F05AFF56E2086825F02AFFFEE30C6825F02CFFF9E300F024FC26F0E9F849E240
:2029A00008784C6826F08EFAEFE300F01AFC26F025FB3FE200F0FBFB26F090FBE5E3D1E90D
:2029C000000425F01BFEE0E300F0ECFB25F024FEDBE38B8800F0FAFB25F07AFDD5E3D1E940
:2029E000000421F02FFF6EE0D1E9000421F050FF69E0D1E9000421F069FF64E0D1E90004A6
:202A000021F086FF5FE0D1E9000421F09FFF5AE000F0F2FB1FF00EFB55E008784C681FF0CD
:202A200087FB50E00C681FF0CDFBAEE30C681FF0FDFD48E00C681FF0DDFB44E000F0DCFB1D
:202A40001FF0C6FBA1E3D1E90003D1E9022419461FF0EAFE99E315C911461FF0FFFD94E3FC
:202A6000D1E906560B7B0A7A0C7908680F69097D0295CDE9007121461FF02CFFDAE115C94B
:202A800011461FF08FFF80E315C911461FF0BEFF7BE3D1E900041FF0DBFF76E30C6820F0FC
:202AA0000BF972E30C6820F00FF820806EE315C9114620F015F868E3D1E901320888CC68F3
:202AC000194620F067F8206060E300F06BFB1EF0F7FC5AE3D1E9013200F093FB1EF00EFD4D
:202AE00053E30B79D1E90224086819461EF0E6FB4BE30C681EF0C8FC47E30C681EF0C7FC9B
:202B000043E308784C681EF07BFD3EE308784C681DF0B6FD39E308784C681DF0D1FD34E37E
:202B20008B880A8900F06DFB1DF06AFD2DE300F07DFB4D69097C009121461EF0B3FE1EE3B8
:202B4000D1E901240878002A5FEA0F911DF0D8FD1BE3D1E9000400285FEA0F901DF00AFE40
:202B600013E300F01FFB1EF09FFD0EE34C680B7B0A7A08784D69098A009121461EF0F6FD3A
:202B8000FDE28C888B890A8908788F8ACD690E8A098B02912146CDE900671EF05BFDEEE253
:202BA00000F02AFB1EF0BCFBEFE208784C681EF02BFDEAE200F005FB1EF08AFBE5E208687A
:202BC0002BF002FEE2E215C911462BF005FEDCE200F0EDFA2CF020FBD7E2CC680A890878F7
:202BE00009792CF023FBD0E200F014FB2CF028FBCBE200F0F0FA2CF02DFBC6E200F0EBFAE1
:202C00002CF030FBC1E20C798B890A8908784D69098A009121462CF02DFBB0E2D1E9044504
:202C20008B890A890878097900942CF02BFBA6E200F0D1FA2CF02EFBA7E2CC680A890878BD
:202C400009792CF02FFBA0E2D1E905560C798B890A890878098ACDE9001521462CF02CFB61
:202C6000E8E0D1E905560C798B8908780A7A098ACDE9001521462CF028FBDBE008784C68E7
:202C80002CF02CFB81E2D1E9013200F0BAFA2DF053F97AE200F095FA23F03AFA75E20C68A7
:202CA00023F0D2FA71E208784C6823F0D5FA6CE208784C6823F0ECFA67E2C86B0C90D1E97F
:202CC00002800B7891F834200B90B1F804C00E7C0F7D0D7ECC6991F820E091F8249091F8E5
:202CE00028A091F82CB091F83000896BCDE9080218460B9B00295FEA0F9142460A9161465A
:202D0000CDE90067CDE90254CDE904E9CDE906AB23F0E0FA0C99087038E28B88D1E9022469
:202D20000878194623F015FB2FE28B88D1E902240878194623F01AFC27E200F033FA23F04C
:202D400018FB22E200F033FA23F020FC1DE28B8800F03CFA23F01AFB17E200F023FA23F097
:202D60006BFB12E200F01EFA23F0B2FB0DE20C6823F01EFD09E208784C6823F0E7FC04E2A5
:202D800000F043FA23F074F900E200F01AFA1CF0C5FDFAE108784C681CF0FEFDF5E100F0F6
:202DA00001FA1CF097FEF0E14B680A7A00F029FA1CF03EFEE9E100F0FAF91CF063FEE4E135
:202DC00000F0F5F91CF0C4FEDFE100F0F0F91CF0D3FEDAE100F0EBF91CF09CFED5E100F0F6
:202DE000E6F91CF0EBFED0E100F0E1F91CF004FFCBE11CF053FCC9E108784C681CF076FC12
:202E0000C3E100F0F9F91CF095FCBEE100F0CAF91CF0C0FCB9E100F0F8F92DF0C7FAB5E186
:202E200001F10C060A89D1E9000178CECDE900452DF012FC3070A9E101F10C070A89D1E958
:202E40000004CD69098BC8CF02912146CDE900672DF016FC93E108682DF0F2FA96E100F073
:202E6000DEF9898ACDE9006121462DF0F3FE86E18B880A8900F0C5F92DF0FCFE85E100F0B4
:202E8000AAF92DF003FF80E100F0C9F9097DCDE9006121462DF004FF71E1D1E9013200F00A
:202EA000B0F92EF0A7F970E1086820F057FE6DE100F0B0F920F032FB67E18C888B890A895E
:202EC0000888214620F076FB60E18B880A8900F098F920F081FB58E108784C681DF0E8F92B
:202EE00053E100F092F91DF015FA4FE10C681DF017FA4AE108681DF019FA47E100F05BF91E
:202F00001DF01AFA41E100F05CF91DF0D1FA3CE14B680A7A00F075F91DF034FB35E100F05D
:202F200041F91DF038FB30E1D1E900041DF03CFB2BE100F061F91DF050FB26E1D1E9000491
:202F40001DF042FB21E18A8808888C6811461DF04DFB1AE100F035F920F096FE15E10868C0
:202F600020F0BCFE12E1D1E9000400285FEA0F9020F0BAFE09E100F015F920F0E3FE04E140
:202F800000F010F920F0E7FEFFE00C6820F0ECFEFBE000F03FF920F009FFF6E04B680A7ACE
:202FA00000F02FF920F05CFFEFE008784C6820F060FFEAE08C68B1F90000B1F904102EF0D8
:202FC000E0FCE2E000F0F3F82EF0E4FCDDE000F0EEF82EF009FDD8E08D6908780C790A7A8C
:202FE0000B7B0E7C898ACDE9006121462EF058FDC5E000F0DCF82EF08BFDC6E00B7900F094
:20300000E5F82EF019FDC0E000F0DBF821F04AF8BBE00C6821F0E6F8B7E00C6821F05AF97C
:20302000B3E00C6821F026F9AFE00C6821F084F8ABE000F0C6F823F095FEA6E04A68087832
:20304000114623F0C1FEA1E00C6823F0CDFE9CE00C6823F0FFFE98E000F0D7F823F0EEFD3F
:2030600094E00B7900F0B2F822F0C7FE8DE00C6822F0CCFE89E00B7900F0A8F822F0CFFECE
:2030800083E000F0D3F80D69214622F0D1FE76E091F804C008780A7A0B7B0F7DCC69D1F89D
:2030A00024800E7C0D7E91F9201004916146CDE90067CDE9025422F00CFF88F8000065E056
:2030C0004B680A7A0888CC68194624F027FE5CE008784C6824F06AFE57E04C680B7B0A7A7C
:2030E00008780D69214624F055FE48E015C9114624F0F8FE49E000F05AF825F063F944E0A5
:2031000000F055F824F08AF93FE08C888B890A8908780D69214624F0F1F930E001F1080597
:203120008C8808782CCD002B5FEA0F93214624F0FCF924E000F03BF824F018FA25E000F03A
:2031400040F821F0D9F920E00C6821F007FA1CE00C6821F037FA18E00C79D1E9033508782D
:203160000A7A214625F09EFB09E00C790A8908780B7B4D69097C0091214625F0CFFB287005
:2031800004E000F014F825F0F9FB207001200DB0BDE8F08F014802490160704798BF13009E
:2031A000D5250204D1E901240878114670478C680878097970470B79D1E9022408881946A2
:2031C0007047D1E9012408881146704708780A7ACC68194670470C698B890A89087809794F
:2031E0007047D1E905560C7908780A7A0B7B097CCDE90015214670470A7908688C68114648
:2032000070470878CC6819467047086800285FEA0F907047D1E902240878097970478D6967
:20322000CB680A8908780C790E8A70470C7908780A7A0B7B7047000010B5A0F580720A2A2E
:2032400011D80FF20600DFE802F006292D353C4045494E5257000A89D1E90003CC68194650
:203260001BF03AFF60E0A0F1D002032A0AD80FF20600DFE802F00245494ED1E9000402F00A
:2032800047FC51E0042849D001284ED10B79D1E902240888194612F0FDFA45E008681CF040
:2032A00019F842E00B79D1E90224088819461CF017F839E0D1E90124088811461CF04CF83E
:2032C00032E00C681CF086F82EE008784C681CF09DF829E00C681CF0ACF825E0D1E900040B
:2032E0001CF0B8F820E008781BF036FF1DE0D1E900041CF0C1F817E008681BF0B1FE14E0BD
:203300000C6802F00BFC0FE015C9114602F00CFC0AE0D1E9000402F025FC05E015C9002A7A
:203320005FEA0F9114F044FC2070012010BD00BF014802490160704794BF130039320204A0
:2033400080B504F0DBFC60B106F08AFC48B107F0D9FE30B10EF0DAF818B1BDE8804014F036
:20336000A1BA002080BD04F031BD00BF014890F8A9007047FC041000B0B5124D95F8A900B9
:2033800030B11148002211492EF0EBFD012417E000F090FF50B101F077F938B1FFF7D0FFC6
:2033A00020B104F013FD08B1012407E0064800220749002400F580702EF0D3FD85F8A94056
:2033C0002046B0BDFC0410000035102600000C1820000C180549CA68824204D809698142E2
:2033E00024BF012070470020704700BF900110002DE9FF411546DDE90A281C465DB14CB1C5
:203400001E4B0026192E13D01F88FF071ED008330136F7E700241B480021002600F06EFBE1
:203420000346CDE9008502940422174818490AE014480021002600F061FB034612481349B4
:203440000222CDF800802EF08CFD13E000221A80067005F11000DA800126094A5D809C8064
:20346000156800FB04501060188840EA012040F001001880304604B0BDE8F081BC0510004B
:203480009001100084AE13000036102680000C183C000C182DE9FE43DDF8288015460E4653
:2034A00069B15DB10746192819D3244800F02AFB034623482449CDE9008720E000251F48FF
:2034C00000211A46002407684FF01950B84703461B481E490422CDE90086029510E0DFF85E
:2034E000549039F83700C0070FD1144800F00AFB034639F837001349CDE9008010480322C8
:203500002EF02FFD2046BDE8FE8309EBC70006F11003014631F8022FB24238BF0E800649A7
:2035200001240A6803FB05220A60818829448180E8E700BFBC0510009001100084AE1300A9
:203540000036102638010C18FC000C18B8000C18B0B50C4621B91E490C68944202D9A41ACB
:203560001B490C601B491CA2F2230D682146A84750B3174991F8272012064A6210F01F0261
:2035800000F11F0222F01F0250EA0283A0EB020218BF14441A19103A002422F01F02C1E9EB
:2035A000052314604C69E57B2D06E560DC681A60D21A62F3170422F07F42DC60C1E90122EC
:2035C000D1E90523C1E9033200285FEA0F90B0BD9001100024BE13006274655F706F6F6CC3
:2035E0005F686561705F696E69740000FEB5089E044608B1A0070CD0124800F08AFA0346C5
:2036000011481349CDE9006403222EF0AAFC2846FEBD54F8040C850008D40A4800F079FA57
:203620000346CDE9006408480849EDE720F08040002918BF00F18040012544E9031244F88D
:20364000040CE4E784AE130000361026B0010C1874010C182DE9F04F85B006467348984601
:2036600093460C4600688047192E0ED3714909688847714800215A46002700F03FFA0346BB
:203680006E487649CDE9008682E0694931F83620D2070ED1674909688847674800215A46CE
:2036A000002700F02BFA0346CDE9008663486A496EE001EBC60131F8062F31F8023C9A4249
:2036C00047D2002C54D004F12F021034E5064FF6E07318BF02EA03041FFA84FABAF1000F79
:2036E00046D0DFF860E1DEF80490D14542D3734653F8184F1A46E368254623F07F47574511
:2037000003D22C682B46002CF4D1DEF814309D4245D0D2F800C0A7EB0A03402B4EDB2B6880
:203720004CF80A300CEB0A03EF68DC68A7EB0A0704F0F85427F07F473C44DC601360EA7B18
:203740004AEA0262EA60DEF80420A2EB0A0952463BE0384909688847374800215A46002712
:2037600000F0CCF90346CDE90084344834490FE04FF0000A2F49096888472F4800215A46F0
:20378000002700F0BBF90346CDE9008A2B48314903222EF0E6FB384605B0BDE8F08F2549FF
:2037A00009688847244800215A46002700F0A6F90346CDE9008A21482549E9E72B681360B0
:2037C000EA6822F07F42A9EB020966F31C62002302F10052C5E90033CEF804900CF1100797
:2037E000C5E902320A8801320A80DEF808108945104938BFCEF8089009688847124800781C
:203800008007C8D50C4800215A4600F077F903460A480E4905220230CDE90086CDE902A729
:203820002EF09FFB304600F01BF8B4E718A71300BC05100020A7130084AE1300003610268E
:2038400058020C1890011000E400100000030C18C4020C188C020C1820020C18EC010C183B
:203860002DE9FF47DFF8A0900646284C0322D9E90030D9F80810CDE90001204624492EF07D
:2038800070FB1920182E50EA8690C5B2214888BF002600EBC600071D1F4800688047DFF85F
:2038A00084A08046AE4212D237F8040CC1070BD037F8021C3A887B888DE80F0020465146D5
:2038C000052233462EF04DFB08370136EAE7134F09F11806366886B1F16830684A0FC1F34E
:2038E000046321F07F418DE80B00204639460392052233462EF035FBECE709480168404695
:2039000004B0BDE8F047084790011000023610260C040C18BC05100018A713009C040C181E
:2039200020A7130050040C182DE9FE4F0446684815460E46006880470CB1A10713D0674902
:2039400009688847674800213246002700F0D6F8034665486849CDE9005403222EF001FB0A
:203960003846BDE8FE8FDFF86CB1DBF80C20A24203D8DBF81020A24207D258490968884744
:203980002046BDE8FE4F02F0EDB854F8042C02F0F853B3F1C05F12D950490968884751485F
:2039A00000213246002700F0A9F8034614F8010C504900F01F00CDE900504B48CDE79300CC
:2039C0000ED4464909688847464800213246002700F094F80346CDE9005443484449BCE75E
:2039E00022F0604344F8043C4FF0000812F0804A0FBF4FF0000954E9039344E90388984604
:203A000022F07F42DBF80430A4F110071A44CBF8042054F8042CF82303EA52522E4B1A44DC
:203A2000D388013BD3800BF118031A461B68BB42FBD3D2F80CE02EF07F411144B94202D021
:203A400054F804CC0AE054F8041C174601EB0E0C4FEA1E6161F31F6CC2F80CC02CF07F4198
:203A6000394499420CD1DBF814108B4208D0D9684FEA1C63614463F31F61F96011680B68BC
:203A80001649BA423B6018BF176009688847BAF1000F1EBFB9F1000F4046C84710480078ED
:203AA000800712D50F480021324600F027F803460D480E4903220230CDE900542EF051FADA
:203AC000F87B00F01F00FFF7CBFE012748E700BF18A7130090011000BC05100020A7130071
:203AE000E400100084AE130000361026DC030C18A8030C1874030C1844030C1803684FF09F
:203B00001950184700211A46002405684FF01950284700211A46002507684FF01950384778
:203B20000021C0E90011704700220A604268002A50EA02821160416070470146006810B19C
:203B400002680A6002B1704700224A60704700687047036823B141B1086810600A60704753
:203B6000C0E9002200201060704702601360704703685BB18B420BD01A461B680BB18B421C
:203B8000FAD11BB11968116039B905E0002070470968016009B9002242600120704700BFFF
:203BA000E0B508480322B0F88010B0F8AA30B0F8B000591ACDE90010034804492EF0D1F930
:203BC0008CBD00BFFC04100002361026E4040C182DE9FC419846174628B304462248234EC5
:203BE0000D46016806F17800884748B3B6F88010B6F8AA20511AB6F8B0209142C8BFA6F839
:203C0000B01095E84E0000272D69C0E9007100F108014CC145616168002954EA01810125BD
:203C2000086060601CE0124800213A46002500F07BF803460F4811490222CDF800800BE08F
:203C40000B4800213A46002500F06EF80346CDE900840848032208492EF083F9FFF7A0FF7D
:203C60002846BDE8FC8100BFB8BE1300FC04100084AE13000036102658050C1820050C18E1
:203C80007CB580B10C46FFF758FFE0B1014601F1080640686CCE6DC40C4802680C4878307E
:203CA0009047012410E00B481D460021002400F03BF8034608480949022200952EF051F9EE
:203CC000FFF76EFF00E0002420467CBDACBE1300FC04100084AE13000036102694050C18E3
:203CE000BCB540B10068B0B1051D40693CCD08613CC1012410E009481D460021002400F061
:203D000013F8034606480749022200952EF029F9FFF746FF00E000242046BCBD84AE130055
:203D200000361026CC050C1803684FF0195018470148B0F88C007047FC0410002DE9FC4119
:203D40001D48006880471D4C80461D4D0322B4F8B210B4F8AC30B4F88C00181ACDE90001FA
:203D6000184928462EF0FDF8B4F8B4100322B4F89800B4F8AE30181ACDE90001124928464C
:203D80002EF0EFF8114F12340026062E0DD034F8140B0322334634F8161CCDE900012846D5
:203DA00039462EF0DEF80136EFE709480168404688470120BDE8FC8118A71300FC0410004F
:203DC0000236102604060C1844060C1888060C1820A713002DE9FE4F1D4616460446252894
:203DE00001D81F2C0FD84F4800F01AFB03464E485149CDE9005403222EF0B3F8FFF79EFF18
:203E00003846BDE8FE8FA4F120000F46C1B2DFF800B1890051FA80F00BEB800ABAF8120065
:203E2000C00708D13F4800F0FBFA0346CDE900543D484049DFE7374800688047814636485C
:203E400001680BF18400884780463448016848468847B8F1000F48D0BBF88C0008F1040C8A
:203E6000BBF8AC10081ABBF8B2108842C8BFABF8B2008FCFACE88F002648006880478146B1
:203E80002748414602680AF108009047224801680BF190008847DFF8848007464846D8F834
:203EA0000010884757B3BBF89800BBF8AE10081ABBF8B4108842C8BFABF8B4001548C7F800
:203EC00004A000688047044615483946BBF8A45002680BF19C009047D8F800102046884754
:203EE0000DB900F02BF801278AE70E4800F098FA0346CDE900540C480D497CE7094800F0D7
:203F00008FFA0346CDE900540748084973E700BFFC04100018A71300B8BE130020A71300C7
:203F2000ACBE130084AE13000036102674070C1834070C18F8060C18C0060C1880B50748C5
:203F40000749D0F8BC000968884700B180BD054800220549BDE880402EF003B8FC04100054
:203F600018BF130000361026FC080C182DE9FE431D460646252801D81F2E11D82F480021C9
:203F8000002400F054FA03462D482F49CDE9005603222DF0E6FFFFF7D1FE2046BDE8FE8305
:203FA0000C46A6F12001C8B21F4F830053FA81F107EB8101498AC9070AD12048002100242E
:203FC00000F035FA0346CDE900561D481D49DFE700EB8000DFF8548007EB800000F1080556
:203FE00000F029FA06461248016828468847DFF8449005463046D9F8001088478DB12E1DBD
:204000004FCE4FC400F017FA04460B482946026807F184009047D9F800102046884701246B
:20402000BBE70024B9E700BFFC04100018A71300B8BE130020A71300ACBE130084AE130054
:2040400000361026F0070C18B8070C18FEB51E460746252801D81F2F10D826480021002483
:2040600000F0E5F9034624482549CDE9006703222DF077FFFFF762FE2046FEBD0D46A7F118
:204080002001C8B2830053FA81F3164901EB83035B8ADB070AD117480021002400F0C7F97A
:2040A0000346CDE9006714481449E0E700EB800001EB800000F108060B4800688047074675
:2040C0000A480021002402683046904706460848016838468847002ECED0341D1FCC1FC554
:2040E0000124C9E7FC04100018A71300BCBE130020A7130084AE13000036102664080C1861
:204100002C080C1870B50F4B0024062C05D05D8AEE070AD014330134F7E70B4800220B49C4
:204120002DF01FFFFFF70AFE07E045F001055D8204F120050570C3E90012062C5FEA0F90DE
:2041400070BD00BFFC04100000361026A0080C182DE9F8430346252801D81F2B09D82448D4
:20416000012224492DF0FDFEFFF7E8FD0020BDE8F883A3F12000DFF86490C4B2A10051FA9B
:2041800080F009EB8006164800688047804636F8120FC00706D115480168404688470120B9
:2041A000BDE8F88304EB84000021A6F10A05318049F8201009EB800000F11007094C0A4E5A
:2041C000416038880028E6D02168284688473268014609F184009047F3E700BFFC041000FB
:2041E00018A71300B8BE1300ACBE130020A7130000361026D0080C182DE9F84FDFF8688089
:2042000000F019F9194F044697F8A80030BBDFF860900120DFF85CA0DFF85CB087F8A80003
:20422000B7F8A400B8B1D9F8001007F19C00884701464068DAF80020D0E9006507F19000F7
:204240009047DBF80010204688472846B04700F0F2F80446E4E7002087F8A800064801681D
:204260002046BDE8F84F084718A71300FC041000B8BE1300ACBE130020A7130082B004465F
:204280000A4801684FF4806088470020084E019001AD336801204FF0FF312A46984700281A
:2042A000F7D001980028F4D0A047F2E7F0BD13001CBF13002DE9FE4FDFF82C814FF4DD73CA
:2042C000DFF82CA10025DFF824B1D8F80410B8F80200DAF80040474A4FEA3141ABF8AA0038
:2042E00000EB4000CBF8AC10C1000020A047002877D0DFF8289104460025BBF8AA008542BA
:2043000008D2D9F800200BF178002146904701351834F2E7BBF8AC0040F2C713DAF8005038
:20432000344A00EB4000C1000020A84740B305460026BBF8AC00864208D2D9F800200BF1B2
:2043400084002946904701361835F2E7BBF8AE0040F2D513DAF80060264AC1000020B04741
:2043600068B306460027BBF8AE0087420CD2D9F800200BF190003146904701370836F2E78D
:204380002448016820462AE01B4AB8F80A10B8F8080017681D4A1E4BABF8B600CDE9000192
:2043A0000BF1BC00ABF8B81014A1B84770B11A49DBF8BC000A6800219047012511E0154E2F
:2043C0002046316888473168284608E0114F20463968884739682846884739683046884726
:2043E00000252846BDE8FE8FE4001000FC04100024BE1300982305040CBF130055707065C3
:2044000072537461636B5461736B00007D420204F941020414BE130030BF1300ACBE130038
:2044200000213246002703684FF01950184703684FF019501847D8F8000000471CB5204C84
:20444000E37D53B1628B42B13C20012101901D4800901D48FEF7CCFF80B3237D5BB1A28BE3
:204460004AB14520012101901648009016480230FEF7BEFF10B3218B69B1A37D5BB15020D4
:20448000223101908AB20F48012100900E480130FEF7AEFF90B194F890306BB1B4F89410D1
:2044A00051B15A2000F026F906480121009006480330FEF79DFF08B101201CBD00201CBDB3
:2044C000E4001000B8230504000010001CB56B4C637D6BB1E28B5AB1B420012101906848C1
:2044E000009068480430FEF783FF002800F0C38094F8243073B1A18D61B1BE2000F0FAF872
:204500005F48012100905F480630FEF771FF002800F0B18094F8223073B1218D61B1C8200D
:2045200000F0E8F856480121009056480730FEF75FFF002800F09F8094F823206AB1618D24
:2045400059B15048D2231E3100934D4B89B2C079FEF7A0FF002800F08E8094F825306BB11F
:20456000E18D59B1DC2000F0C5F845480121009044480530FEF73CFF00287CD094F8263094
:204580006BB1218E59B1E62000F0B4F83C48012100903C480830FEF72BFF00286BD094F8A4
:2045A00082306BB1B4F8802052B1F120012101903348009033480930FEF71AFF00285AD0FB
:2045C000B4F884206AB194F8863053B1FE20012101902B4800902B480A30FEF709FF002884
:2045E00049D0B4F888206AB194F88A3053B140F20B10012101902248009022480B30FEF755
:20460000F7FEC0B394F88E306BB1B4F88C2052B140F21710012101901948009019480C30D7
:20462000FEF7E6FE38B394F891307BB1B4F8961061B14FF49170183101908AB21048012105
:20464000009010480D30FEF7D3FEA0B194F892307BB1B4F8981061B14FF496702031019013
:204660008AB207480121009006480E30FEF7C0FE08B101201CBD00201CBD00BFE40010005F
:20468000A7230504000010007FB5FFF7D7FE50B1FFF71CFF38B11248D0E903120120FEF7FF
:2046A00057FF044600E000240E4E0F4D7078B178F2788DE807002846042233780B492DF0F7
:2046C00050FC7079B1793379F279367A8DE847002846052206492DF044FC204604B070BD70
:2046E000E4001000000010000236102630090C1884090C181E3101908AB2704780B588B0FA
:2047000007900D48026807A801A9904788B14FF4C0600AA2ADF8080018230198ADF80E0097
:20472000010C000E8DF80D108DF80C0002A9FFF751FB08B080BD00BF5CBF13006274655FC2
:2047400074696D65725F63616C6C6261636B00007CB588B10446006840B9084800260568B4
:204760000748CDE900602046A84728B1054801682046BDE87C40084700207CBD48BF130067
:20478000FD46020470BF130001490968084700BF4CBF1300B0B500F0F3F830B1418841F28A
:2047A000054003F00CFE18B1B0BD4FF4897001E04FF4B470294622460023BDE8B04013F06B
:2047C00084BABCB500F0DCF840B1418840F21D4003F0F5FD60B94FF4B47001E04FF489709B
:2047E00000212246CDE900112946002313F0A8FBBCBDB0B514460D4603F0A0FC40B1817A2B
:20480000022905D12844C07E20425FEA0F90B0BD0020B0BD80B503F091FC002818BF1B30AA
:2048200080BD00BF034A104490F8540008425FEA0F9070470007100010B5022817D2164CC5
:2048400001221749A07800F0030314482DF089FBA1788A08481C01F0030162F39F00A070C2
:20486000DFE801F00214080C42F23A0010E000F5807007E0BDE8104000F0A0BC40F00400B7
:20488000A0700020BDE8104014F00BBB42F23B00BDE8104003F0FEBC00071000033C10268C
:2048A000F8090C1870B5124E05460C4696F8640028B14FF486702946224614F0DCFA28468E
:2048C000214600F008FB58B1022086F8655086F864002068C6F86600A088A6F86A0070BD35
:2048E0004FF4B47029462246BDE8704014F0C3BA00071000B0B5104D044695F8640028B1B7
:2049000040F269104FF4867113F06AFA204600F072F848B1012085F864002068C5F86600E5
:20492000A088A5F86A00B0BD40F269104FF4B471BDE8B04013F054BA00071000B0B505465B
:2049400003F0FCFB18B10446407E000700D4B0BD0948002209492DF004FB607EA17E00F086
:20496000F7006076284601F099FF201DA17ABDE8B04003F067BB00BF013C10261C0A0C18F5
:204980000C460221054603F0BBBB0000E0B501680822406800916946019040F6014003F0E3
:2049A0007DFC8CBDBCB50C46054603F0C7FB0848022208492B4600942DF0D3FA40F2064046
:2049C0002946224602B0BDE8B04003F001BD00BF023C10263C0A0C1803F060BCE0B50320A4
:2049E000694601906FF04040009042F20100082203F054FC8CBD014642F2050003F006BDE7
:204A0000BFB5089C8DF80100000A8DF806308DF80310090A8DF802000DF101008DF8074036
:204A20008DF805200B9BDDE909428DF80410C11D09200F2805D014F8015B013001F8015B7B
:204A4000F7E70A70C2B24B700DF1010142F2060003F024FC04B0B0BD42F2070003F01ABC5D
:204A60002DE9F04389B00DF104080D4608F1010706461F21144638464FF01F092DF076FAFE
:204A80001F2C54EA3982384629468DF804202DF072FA30464146202203F000FC09B0BDE827
:204AA000F08300BF0146064890F86C2002F0FE020A4480F86C2042F20A0003F077BC00BFB4
:204AC000000710001CB58DF8010001F013F80DF10101049C8DF8042007228DF8030042F23E
:204AE0000B008DF8074000F0D3FF1CBDE0B58DF807100DF106018DF8060042F20C0000F053
:204B0000F1FF8CBD2DE9F04188B08DF80910090A8DF80700000A8DF808000DF1380E8DF840
:204B20000B200DF107008DF80A1000F109018DF80C3013AFDDE911841320E0CF9EE8045011
:204B4000192806D012F8013B013001F8033C0131F6E73A0A0F724A72320ACA712A0A4A7199
:204B6000220ACA704FEA18224A704FEA1E2201F8012CC2B28E7142F20D000D718C7081F85C
:204B8000008001F802EC01F803CC0DF1070103F085FB08B0BDE8F08142F20E0003F07ABB35
:204BA0001FB5089C8DF80E40240A8DF804108DF80F40090A079C8DF80C40240A8DF80620AF
:204BC0008DF80D40120A069C8DF805100DF102018DF80200000A8DF80A40240A8DF808305F
:204BE0001B0A8DF807200E228DF8030042F213008DF80B408DF8093003F050FB04B010BD98
:204C000070B588B0ADF8040001A8851C6FF0030414F10C0605D011F8016B013C05F8016BD7
:204C2000F6E7011B60422A80102232B113F8014B013A01F8014B0130F7E7C2B201A942F2E2
:204C4000190003F02BFB08B070BDE0B50DF103020021052905D010F8013B013102F8013BD5
:204C6000F7E7CAB20DF1030142F2140003F016FB8CBD42F2100003F00DBB1CB58DF80120CD
:204C80000DF10102531C0122072A05D011F8014B013203F8014BF7E7D2B20DF1010103F057
:204CA000FDFA1CBD014642F2150003F088BB10B588B000226B46102A05D010F8014B0132F8
:204CC00003F8014BF7E7102030B111F8014B013803F8014B0132F7E7D2B2694642F217003A
:204CE00003F0DCFA08B010BD42F2180003F0D2BAFEB5ADF806000DF10600821C022012283F
:204D000005D011F8013B013002F8013BF7E7C2B20DF1060142F21A0003F0C0FA06B080BDCD
:204D2000014642F21B0003F04ABB014642F21D0003F03CBBE0B58DF806100DF1050100F03F
:204D4000C3FE42F21E0003F0A9FA8CBD42F21F0003F0A0BAE0B500F09FFE0DF1020100F0AE
:204D6000A4FE42F2220003F099FA8CBD0A46014642F2240003F03ABB70B58AB08DF80100B0
:204D80000DF10100441C06252DB111F8016B013D04F8016BF8E7E91F102535B112F8016B18
:204DA000013D04F8016B0139F7E7421A4842102131B113F8014B013902F8014B0130F7E756
:204DC000C2B20DF1010142F2270003F067FA0AB070BD0A46014642F2280003F02DBB42F2C7
:204DE000290003F057BA0A46014642F22B0003F023BB0A46014642F22C0003F01DBB0146B6
:204E000042F22D0003F0D2BA014642F22E0003F0D6BA1CB58DF800006846431C02200828D1
:204E200005D011F8014B013003F8014BF7E71A70C2B2694642F24E0003F030FA1CBD014686
:204E400042F2160003F0BBBA014642F2300003F0B6BAE0B58DF806100DF1050100F034FE3C
:204E600042F2310003F01AFA8CBDE0B58DF8031004998DF80610090A8DF801008DF80710E3
:204E8000000A0DF101018DF804208DF8020042F2320007228DF8053003F000FA8CBDE0B5C4
:204EA0008DF806100DF1050100F00EFE42F2330003F0F4F98CBDE0B58DF8062004228DF8DC
:204EC000040042F234008DF807308DF8051001A903F0E4F98CBD0A46014642F2350003F05A
:204EE000ABBA2DE9F04188B08DF80700180C8DF80F00180A109C0DF1540C8DF80E00100CAF
:204F00008DF812400F9C8DF80C00100A8DF811400E9C8DF80B00080A8DF810408DF80A20BE
:204F20008DF809000DF107009CE8E010DDE91384DDE9112E8DF8081000F10C0113208DF8B5
:204F40000D30192805D012F8013B013001F8013BF7E7C2B281F806C04F7142F236000E7118
:204F6000CD708C7081F8018081F800E00DF1070103F094F908B0BDE8F081B0B5C0B0449C9C
:204F80008DF803308DF801100DF10101459B8DF802200A1D00218DF804408C4205D013F87D
:204FA000015B013102F8015BF7E70431CAB20DF1010103F073F940B0B0BDB0B5C0B08DF868
:204FC0000200901C0DF102028DF80310931C022261B110F8024C0432857801391C7030F82D
:204FE000064BA3F80140DD700433F1E7D2B20DF1020142F2390003F051F940B0B0BD014655
:2050000042F23C0003F0D2B942F23D0003F042B91FB58DF8030002F005008DF80410002136
:205020008DF80520020603D0421E01311040F9E70DF10302981CD31CC9B2032251B110F8D9
:20504000024C05321C70013904680630C3F801400533F3E7D2B20DF1030142F2410003F067
:205060001DF904B010BDE0B58DF80200180A8DF803100DF102018DF80700100A8DF8042073
:2050800006228DF8050042F2420000F001FD8CBDB0B590B000F029FD0DF10600DDE91442D6
:2050A0008DF8071000F1090104200A2806D013F8015B013001F8065C0131F6E701F8064CE0
:2050C00004F007040023250603D0651E01332C40F9E70832DBB293B152F8084C103041F88B
:2050E000054C013B146852F8045CC1F803405468103241F8015CC1F807401031EBE7C2B2E6
:205100000DF1060142F2430003F0C8F810B0B0BDE0B58DF80100180A8DF8070000F0EAFC94
:205120000DF101018DF8042007228DF8030042F23E0000F0ADFC8CBD10B5C0B08DF8010006
:205140000DF101008DF80210C11C00208DF80320824205D013F8014B013001F8014BF7E7D0
:2051600003300DF10101C2B242F23F0003F096F840B010BDE0B58DF807100DF106018DF81C
:2051800006004FF4015000F0ADFC8CBDBCB58DF8001069464C1C0221082905D012F8015BE7
:2051A000013104F8015BF7E7CAB26946237003F075F8BCBD42F2490003F06CB842F24A00DE
:2051C00003F068B8014642F2460003F0F8B87FB58DF802000DF102008DF80310C11D8DF8A2
:2051E000042008AD082034CD0E2806D013F8016B013001F8046C0131F6E701F8042C230A2B
:20520000120A0D7001F8032CC2B201F8024C42F2440001F8013C0DF1020103F03FF804B085
:2052200070BD42F2450003F035B842F24B0003F031B80A46014642F2590003F0C9B8E0B560
:205240008DF80510090A8DF806100DF103018DF80300000A8DF8072005228DF8040042F2E2
:205260005B0003F01BF88CBDE0B500F015FC0DF1020100F01AFC42F25A0003F00FF88CBD16
:205280001CB58DF80210190A8DF80610110A00F021FC8DF8041069468DF8010042F25C0062
:2052A0008DF807408DF8053002F0F8FF1CBDE0B58DF80200100A8DF80600080A8DF803103B
:2052C0000DF102018DF8052006228DF8040042F25D008DF8073002F0E1FF8CBDB0B596B05F
:2052E0001C9C00F002FC0DF1060000F0B4FB844202D000F0AAFBFAE707300DF10601C2B2A7
:2053000042F24F0002F0CAFF16B0B0BDB0B596B01C9C00F0EAFB0DF1060000F09CFB844293
:2053200002D000F092FBFAE707300DF10601C2B242F2500002F0B2FF16B0B0BD42F25800A7
:2053400002F0A8BF10B594B0169C8DF802208DF800006846179A8DF80110411D00208DF815
:2053600004408DF80330844202D000F06EFBFAE705306946C2B242F2510002F08FFF14B03E
:2053800010BDE0B58DF807100DF106018DF8060042F2520000F0A6FB8CBD10B596B08DF88F
:2053A0000700000A189C8DF80A208DF808000DF10700199A8DF80910811D00208DF80C4007
:2053C0008DF80B30844202D000F03FFBFAE706300DF10701C2B242F2530002F05FFF16B01D
:2053E00010BD10B594B08DF80000000A8DF803208DF801006846169A8DF80210411D0020A7
:205400008DF80430834205D012F8014B013001F8014BF7E705306946C2B242F2540002F0BD
:205420003DFF14B010BD10B594B08DF80100000A8DF802000DF101008DF80310011D0020AA
:205440008DF80420824205D013F8014B013001F8014BF7E704300DF10101C2B242F255002E
:2054600002F01CFF14B010BD1CB58DF80310110A8DF805100DF101018DF80100000A049C40
:205480008DF8042007228DF8020042F256008DF8074000F0FDFA1CBD0A46014642F257007B
:2054A00002F096BFE0B58DF807100DF106018DF8060042F2740000F015FB8CBDF0B5C1B0DD
:2054C0008DF8082005268DF807100DF105018DF80500000A489ADDE946548DF8060001F101
:2054E000080036B113F8017B013E00F8047C0130F7E72B0C00F8014C00F8023C2B0A00F891
:20550000045C00F8033C34B12CB112F8013B013C00F8013BF8E7401AC2B242F26E0002F03A
:20552000BDFE41B0F0BD0A46014642F26F0002F04FBF014642F2610002F041BF014642F28F
:20554000750002F03CBF014642F2730002F037BF0A46014642F2700002F03ABF0A46014656
:2055600042F2710002F034BF014642F2720002F026BFB0B5A8B08DF801002F988DF80D0041
:20558000000A309C8DF80E002E988DF80B00000A8DF802108DF80C0000F06DFA0DF10101C3
:2055A00031982D9D8DF8052001F10F0204308DF80A502C9D0F2100F0A4FA7CB110F8043C9C
:2055C00009311370013C50F8023CC2F80130D0F802300A30C2F805300932EEE7CAB20DF1B3
:2055E000010142F2620002F059FE28B0B0BD10B592B00DF107020231531C01228DF8070026
:2056000038B151F8024C043243F8044B04310138F6E7D2B20DF1070142F2640002F03EFEAF
:2056200012B010BD014642F2650002F0BFBEB0B5BCB08DF8010041988DF80A00000A449DE2
:205640008DF80B0000F017FA4698459C8DF80E500630439D8DF802100DF101018DF80D5088
:20566000429D8DF8052001F10F028DF80C500F21409D00F046FA8CB130F8063C0E31138007
:20568000013C50F8043CC2F802300368C2F8063043680E30C2F80A300E32ECE7CAB20DF194
:2056A000010142F2630002F0F9FD3CB0B0BD014642F2660002F083BE0A46014642F26700CA
:2056C00002F086BE10B588B08DF801000B988DF80900000A109C8DF80A000A988DF807006D
:2056E000000A8DF80F408DF80800180C0F9C8DF80600180A8DF80E400E9C8DF803208DF819
:2057000005000DF10100119A8DF80D400D9C8DF8021000F10F018DF80C400F200C9C8DF89A
:205720000B408DF804301F2802D000F08EF9FAE7C2B20DF1010142F2680002F0AFFD08B08E
:2057400010BDE0B58DF807100DF106018DF8060042F26A0000F0C6F98CBD10B58AB08DF8A1
:2057600004000F988DF80F00000A169C8DF810000E988DF81740159C8DF81640149C8DF856
:205780000D00000A8DF81540139C8DF80E000C988DF81440129C8DF81340119C8DF80A0097
:2057A000000A8DF81240109C8DF80B00180C8DF811400D9C8DF80900180A8DF806208DF849
:2057C0000C408DF805108DF807308DF8080001A8179A00F114011420242802D000F035F9CA
:2057E000FAE7C2B201A942F2690002F057FD0AB010BDF0B58FB08DF8082010268DF80500EF
:20580000080A169A8DF806108DF807000DF1050017990830DDE914C502F108043EB113F81C
:20582000017B013E00F8047C01300134F6E72B0A00F8012C00F8035C00F804CC00F8023C43
:205840002CF099FBE2B20DF1050142F26B0002F025FD0FB0F0BD014642F26C0002F0A6BDA5
:2058600042F24C0002F016BDE0B58DF80610090A8DF80400000A8DF8050042F24D008DF87D
:20588000071001A9042202F009FD8CBDE0B58DF807100DF1050100F011F942F276000322E2
:2058A00002F0FCFC8CBDE0B58DF807100DF1050100F004F942F27700032202F0EFFC8CBD9D
:2058C000E0B58DF80400000A8DF8072004228DF8050042F27A008DF8061001A902F0DEFC85
:2058E0008CBD1CB58DF8021005998DF80610090A00F0F0F88DF8071069468DF8010042F2CE
:2059000078008DF805408DF8043002F0C7FC1CBDE0B58DF807100DF1050100F0CFF842F2DE
:205920007900032202F0BAFC8CBDB0B596B01C9C8DF805000DF105008DF808308DF807207F
:20594000DDE91D321B9D8DF80610C11D8DF80A5000201A9D8DF80B408DF80950844205D002
:2059600013F8015B013001F8015BF7E708300A70C2B20DF1050142F27B0002F08FFC16B040
:20598000B0BD40F6154002F085BC014640F6164002F015BD10B5C0B08DF802100DF1010179
:2059A0008DF80100C81C8DF8032032B12AB113F8014B013A00F8014BF8E7401AC2B240F65E
:2059C000834002F06BFC40B010BD41F20D0002F061BCBCB50DF101040223072B05D010F8F7
:2059E000015B013304F8015BF7E76270DAB221700DF1010141F20E0002F050FCBCBDF0B555
:205A0000C1B08C460DF10501469ECD1C052737B110F8014B013F05F8034C0135F7E705F86D
:205A2000013C05F8022C05F803CC33B12BB116F8010B013B05F8010BF8E7681AC2B241F20B
:205A40000F0002F02BFC41B0F0BD12F8013B013001F8013B70471D9A1B9D8DF80710C11D34
:205A60008DF80B5000201A9D8DF80C408DF80A508DF809307047100C8DF80700100A8DF803
:205A80000600080C8DF80400080A8DF8030070478DF8063002F002BC8DF80410090A8DF876
:205AA0000620120A8DF8051070478DF80200000A8DF8072006228DF8030070478DF8050025
:205AC000000A8DF8060070478DF8072003228DF8050070478DF80000000A049C8DF8032091
:205AE00008227047022202F0D9BB8DF808208DF806007047100A8DF80500080A8DF80210DF
:205B000070478DF80F408DF809508DF80830704701490968084700BFF0D313000148006858
:205B2000004700BFECD31300BCB505460C460091022208482B4608492CF013FA0748818F30
:205B400001318187064821460268284602B0BDE8B0401047033C1026700A0C1800071000B6
:205B6000F4D3130010B504460B480C49012223462CF0F7F999480C4AB0F842100131A0F801
:205B80004210074807490078002851EA028001682046BDE810400847033C1026900A0C1871
:205BA00080011000E8D31300E4D3130012F0E0B87CB52D4D017842782A71468801F092FC5C
:205BC00004466878C0B1E88CB3B2984204BF0020E8842BB340F21D40834213D040F206409B
:205BE00083421ED1E88D02F0A9FA40B3807A022816D140F2064029E03004E4D01B48B3B2B8
:205C00001B492BE0E88D02F099FA48B144B142780021CDE90011011D2046002312F090F959
:205C20007CBD980A082810D03F2814D100201946009000202246002312F058F87CBDE98D72
:205C40002046BDE87C4013F0F5BC18462146BDE87C4000F011B8054806490130012202B048
:205C6000BDE870402CF07DB900071000013C1026A80A0C18E40A0C187CB5564E0C46009153
:205C800005465549B01C02222B462CF06AF942F26400281A07282ED942F20D0085421ED035
:205CA00042F21300854261D042F21600854264D042F21900854269D042F23200854200F0F6
:205CC000738042F27700854200F0758042F24400854200F0778042F24300854216D11CB162
:205CE0003E48002180F882103C4821462830BDE87C400BF01FBEDFE800F00409120919215E
:205D000029312046BDE87C4013F0C4BC701C354901222B4602B0BDE870402CF022B92F48CC
:205D2000C18D2046BDE87C4013F0F0BC2B4890F82E102046BDE87C4013F002BD274890F8E6
:205D40002E102046BDE87C4013F055BD234890F82E102046BDE87C4013F031BD1F4890F851
:205D60002E102046BDE87C4013F054BD1B482146C08DBDE87C400BF007BD54B318493046F5
:205D8000002202B0BDE870402CF0EBB80CB31348C58DE0B202F060F802462846002102B04A
:205DA000BDE8704005F04CBF0C482146C08DBDE87C4016F02BBD0948C18D2046BDE87C40D1
:205DC00013F093BE4FF4D3702146BDE87C4012F007B87CBD003C1026F00E0C18000710007C
:205DE000280F0C18680F0C182DE9F04786B0DFF8C0928A46017889F8041099F80110B0F8D9
:205E0000017021B9BBB240F603418B425CD1BAF1040F27BF041DC578C41C00256FF480501C
:205E200010FA87F6284602F017F8BFB280460E2E1FD8DFE806F008527A5E8C5E5E5E975E78
:205E40005E5EA8B4C00001F042FB08BF002D40F02B81237889F80530B4F80100E178A288EB
:205E6000A9F80620E4888DE81700052291489849F2E0002F00F0188140F6014087422CD0BC
:205E800040F61540874200F0A58040F61640874200F0A78040F68340874200F0AB8041F21D
:205EA0000540874225D1A5782488204602F046F9002800F0B3804278011D6BB2404606B002
:205EC000BDE8F04711F001BF7A4801227A49013006B0BDE8F0472CF044B801F0F8FA08BFF8
:205EE000002D40F0E18099F80100002840F0B680DAE0B80A082800F084803F2840F0898084
:205F00004FF60D40874208BFB8F1000F40F0BF800DF1120106202246002800F0AC8012F84B
:205F2000013B013801F8013BF6E701F0D0FA08BF002D40F0B98009F13402082011460028EB
:205F400072D014F8013B013801F8013BF7E701F0BEFA08BF002D71D0022840F0A580012DE0
:205F60007CD0A1E001F0B3FA08BF002D40F09C8009F120000621002970D014F8012B01395A
:205F800000F8012BF7E714F8011B234604EB410010F8012B0090404611F0F6FF84E014F88E
:205FA000011BAAF10500C3B24046224606B0BDE8F04712F045B8A0782188627941EA004129
:205FC000B4F8030040EA0242404606B0BDE8F04712F072B82188404606B0BDE8F04711F09E
:205FE000C6BF01F074FA08BF002D3CD003285BD1532000E05520414606B0BDE8F04711F084
:20600000EFBE38464146224606B0BDE8F04700F063B8284801222F493B4659E7254801226D
:2060200026492346023853E72648082103682648984703461F48254901220DE023880222C8
:20604000A9F84C30B4F80300A9F84800A9F84A00009018481A4901302BF083FF06B0BDE824
:20606000F04702F0ABB899F80100E8B102F0A6F899F80000BAE7BDF81600A9F82400DDF842
:206080001200C9F820000DF1120005F075FBBAF1030F009488BFAAF1040A5FFA8AF3012060
:2060A0003946424611F022FE06B0BDE8F08700BF00071000023C10264C0B0C18380C0C18B9
:2060C000040C0C1884AE130000005026DC0B0C18800B0C18740C0C18F0B58DB00C4642F20B
:2060E0000101411A7A2900F262831546DFE811F0AF009000B6005F03CC007B00D9007B00B4
:206100007B00E600F800FB005F035F03FE008100810081000B01120115015F031E0124010B
:206120005F035F035F032A013E01410144015F035F034B015F0352015F035F0358015A010B
:206140005C016301700177017E0181015F0384018D015F03900193019601AB018700870047
:206160008700B301B901A900A900BF01C201C501C801CB015F035F03CE01D1018A008A0081
:206180008A00D401DF01EE01F801FB01FE010102040207020A02110218021F0226022D021A
:2061A00036023902400247024E025F035F03900051025D026C025F037A025F0381025F03F8
:2061C0005F035F035F0388025F038F0296029D02A402AB02B002B502BB02D1025F03DC0259
:2061E000E302EA02F10220460DB0BDE8F0400BF069BA20460DB0BDE8F0400BF0BBBA2046F7
:20620000002123E120460DB0BDE8F0400BF0A6BADFF8A0653178022940F0C982002C00F0BF
:20622000658242F26001884204BF40F20110844240F0A98242F202000DB0BDE8F04002F037
:2062400029B820460DB0BDE8F0400BF06DBADFF864050078022800F09682A8E2DFF854059F
:206260000178022940F0A382002C40F08C8200F1540208201146002800F0798215F8013B99
:20628000013801F8013BF6E7DFF82805002180F8641000F16601204605F038FC40F2691010
:2062A00019E2DFF810050078022800F06C82297820460DB0BDE8F04012F019BCDFF8F40438
:2062C00090F86C104A0700F10C82002C8BD101F0010201F0FD0141EA420180F86C1082E7B4
:2062E0004FF49D70F7E14FF49C70F4E1DFF8C4040178022940F05B82002C40F0448229783F
:2063000080F85C103FE2002021460DB0BDE8F0400BF03ABA40F25D10DDE135F8020B214672
:206320002A460DB0BDE8F04016F01CBA28460DB0BDE8F04006F0C6B828460DB0BDE8F0400B
:2063400005F0BCBEDFF86C040078022840F02F82002C40F02A8205A90820002800F0188274
:2063600015F8012B013801F8012BF6E740F26110B1E140F26310AEE1298820460DB0BDE8C7
:20638000F04012F005BC298820460DB0BDE8F04012F00BBC20460DB0BDE8F04012F01EBCC4
:2063A000012002E0022000E0002021460DB0BDE8F04012F058BCDFF8FC030178022940F0FF
:2063C000F681002C40F0DF81297880F85D10DAE1204629460DB0BDE8F04012F051BC20466D
:2063E00029460DB0BDE8F04012F059BC4FF4BD7071E14FF4BE706EE1AA782046EB78298867
:206400000DB0BDE8F04016F0E1B94FF4C87062E14FF4CA705FE14FF4CB705CE1E54E0020C1
:2064200006F1660596F8651086F8640020462A4605F076FB96F8651020462A460DB0BDE89E
:20644000F04012F018BD95F9001020460DB0BDE8F0400BF04BB924BBD6492888A1F86200F7
:206460001FE0F4B9D349287881F85E0019E04FF4D07030E14FF4D1702DE14FF4D2702AE12E
:206480004FF4C67027E14FF4C77024E14FF4D47021E14FF4D5701EE11CB9C649287881F8EF
:2064A0005F00E0B20DB0BDE8F040FEF7C5B9C1480178022940F07B81002C40F0648129782B
:2064C00080F86010697880F861105CE1B5F900102046B5F902200DB0BDE8F04013F0E6BAA4
:2064E00040F2E330F7E04FF4C070F4E040F20130F1E040F20330EEE040F21130EBE040F262
:206500001330E8E0298820460DB0BDE8F04012F04DBE298820460DB0BDE8F04012F049BF07
:20652000298820460DB0BDE8F04012F04DBF298820460DB0BDE8F04012F051BF29882046D2
:206540000DB0BDE8F04012F055BF29786A78AB78E8780090204612F013FE28E140F23130E8
:20656000B9E0298820460DB0BDE8F04012F0ACBD298820460DB0BDE8F04012F098BD2988BD
:2065800020460DB0BDE8F04012F0ABBD40F24530A1E0A87A29896B6841EA00406A882988BC
:2065A0000090204612F0A0FF01E1297800206A78002CCDE90700CDE9050000F0C68005AB35
:2065C000204613F056F8F2E005A820212BF0D8FC2978002C6A7800F0C18005AB204613F05C
:2065E00075F8E4E0297820460DB0BDE8F04013F05EB8298820460DB0BDE8F04013F093B8C1
:20660000297820460DB0BDE8F04013F04AB9298820460DB0BDE8F04012F04CBF298820460E
:206620000DB0BDE8F04012F052BF298820460DB0BDE8F04012F09ABF298820460DB0BDE838
:20664000F04012F0A0BF00F031FF12F0A9FFAEE000F02CFF12F075FFA9E020460DB0BDE86F
:20666000F04012F0D2BE2988D5F80220D5F80630D5F80A00D5F80E60D5F81270D5F816C0B1
:20668000D5F81A508DE8C1102046049512F03CFF8DE095F90330AA78298895F9040000901E
:2066A000204613F05FFA82E0298820460DB0BDE8F04013F0A4BA298820460DB0BDE8F04003
:2066C00013F0A8BA298820460DB0BDE8F04013F05ABA40F2F13021460DB0BDE8F04011F048
:2066E0007FBB01F0FB0180F86C1060E02B88B6F84C40A6F84C30A878B6F84A70A6F84A00C8
:20670000B5F80310A6F88C106A792B4DA6F88820A6F88A20A6F848008DE80700E81C04220A
:2067200026492BF01EFCB6F84C0010B1B6F84A0048BBA6F84C402846A6F84A700222A6F84D
:206740004870234600971E491BE0E81C05AB1546002D3FF434AF00F0BEFEF9E7E81C05AB8D
:206760001546002D3FF439AF00F0B5FEF9E71548082103681448984703460F4814490122A7
:2067800002302BF0EEFB0DB0BDE8F04001F016BD0C480821036805AA0B489847034606480D
:2067A0000A49012202302BF0DCFB01F007FD0DB0F0BD00BF00071000003C10265C0E0C180A
:2067C000B80E0C1884AE130000005026300E0C18000E0C18FEB500F073FEA0B10746807AD4
:2067E00002280FD1284608F0BBFD002843D027480022274901302BF0B4FB787EBC7640F0E2
:2068000008007876FEBD234F03222B4697F86C10B7F86E00C1F3C001CDE900011B481E49A1
:206820002BF09FFB97F86C00010715D5B7F86E108D4211D10021A7F86E1000F0F70180072B
:2068400087F86C1008D50120FEF72CF997F86C0040F0040087F86C00304601F0FDFA064661
:20686000204601F0F9FA02463046294603B0BDE8F04012F0EEBE2846214600F00FF8381D4A
:20688000B97A03B0BDE8F04001F0DCBB003C1026100D0C1800071000A40C0C18B0B5054667
:2068A00008460C4601F0D8FA0146284602F00EFF284605F0A1F9204601F0CEFA01462846F0
:2068C000BDE8B0400BF004B82DE9FE4FB0F8017090F807B08479067890F8038090F804900F
:2068E00090F805A0384601F029FC80B10546304644EA0B2401F0B0FA6A7849EA0A21CDE9F7
:206900000014291D434611F01BFBBDE8FE8F0448012204493B4603B0BDE8F04F2BF021BB80
:20692000003C1026400D0C182DE9FE4F04461D4814F801BBDFF87080DFF8709082465FEAEB
:206940000B602CD025886688284601F0F7FB0746CDE900605046414603222B462BF001FBB7
:20696000CFB1B9F846003044A9F84600B88938B9B9F850000021801B50EA8180A9F850002A
:20698000B9F8480000213044A9F84800F889801B50EA8180F881ABF1010B0434CFE7BDE875
:2069A000FE8F00BF023C1026B00D0C180007100070B500F085FD60B1807A022809D1304603
:2069C00001F04AFA024628462146BDE8704005F037B970BDB0B5B0F801500478284601F0C5
:2069E000ADFB40B1807A022805D128462146BDE8B04005F035BDB0BD2DE9F04F93B00DF1B0
:206A00001C0A00260D46044650462421ADF8446010962BF0B5FA20790DF14602A17805906C
:206A2000207894F801804FEA012994F803B006218DF81B60661D29B116F8013B013902F80D
:206A4000013BF8E701F008FA07460A2D0AD10AF10F00062100294DD016F8012B013900F8E6
:206A6000012BF7E70020CDF83300CDF82F00CDF82B00654C94F88200A0B1BBF1000F11D163
:206A800004F17C050DF14601062228462BF07DFA28B110A9284606222BF077FA10B9002076
:206AA00084F8820049EA08053C2F2ED09FBB0DF14600022101F024FB00285BD053480DF172
:206AC000460206210368524898470090AEB251480222514933462BF044FA94F86C0013211E
:206AE000A4F86E5040F0080084F86C003046FDF759FF3CE00AF1150006210029B9D016F847
:206B0000012B013900F8012BF7E794F86C0000F0FD0084F86C00059C4FF00008ADB20DF1FB
:206B20004606F8B20090304621462A465B4603F0DBFF07AB38462946424605F01BFF9DF849
:206B40001D30BDF83800BDF83A10BDF83C20CDE9004602AC07C4284639465A460AF026FECB
:206B60002FB92846FEF770F92846FEF768F913B0BDE8F08F059C0DF146000221224601F055
:206B800071F958B1BBF1010F458080F80BB008D0BBF1000F10D115F053FF11E0A8B2142183
:206BA000A5E7A8B20DF11B0115F04CFE30B14FF001089DF81B0007E0002003E015F034FF8B
:206BC0008DF81B004FF00008BDF84A108DF81D00DDF846008DF824408DF81CB0CDF81E00E5
:206BE000ADF82210CDF82500ADF829103088ADF838007088ADF83A00B088ADF83C00B07948
:206C00008DF83E008AE700BF0007100084AE130000005026003C10269C0F0C18B0B50546BE
:206C20000C460648012206492B462BF09AF90549002D54EA158008670120B0BD023C102664
:206C4000EC0F0C18000710002DE9FE4F90F800900746DFF8C8B04FF0000ADFF8C4805FFA2A
:206C60008AF0484549D29BF800002D21424640F60123FCF7EFFC00283FD0044640F23B1053
:206C800060803E1D78780DF10603B978062232B116F8015C013603F8015B013AF7E716F866
:206CA000017C202F2BD2DDF806302546F25D45F8043FE871BDF80A00A88005F10A002A72EA
:206CC0003A46A97131466F722BF055F91548026F22B140F23B102946904720B1204600219D
:206CE00010F066FF05E02046414640F62522FCF71BFE37440AF1010AB1E7BDE8FE8F0A4837
:206D000000220A492BF02DF90549204640F6122203B0BDE8F04FFCF707BE00BF040010007D
:206D2000CA23050400071000003C10261C100C18F8B5B0F80540B0F80350B0F80160B0F83E
:206D40000770007801F088F8014630462A46234600970AF0D8FDF8BD70B5B0F801400646C8
:206D60000578204601F0EAF948B14DB1284601F073F801462046BDE8704011F0C4BB70BDEC
:206D80001B30F11C0822002AF0D011F8013B013A00F8013BF7E7BCB510F8021B08236C4682
:206DA00010F8012C2BB110F8015B013B04F8015BF8E7008841EA0222694604F0B7FEBCBD43
:206DC0001CB50488C3888288418800890090204611F011FF1CBD2DE9F04786B090F800A024
:206DE0000DF10C080DF1120901460026F0B2504521D20F1DCA1C48780DF1120489780623C1
:206E000033B112F8015B013704F8015B013BF7E7137803AC06223D7822B104F8015B013A01
:206E20000137F8E76AB2CDE900824A4611F046FF01363946DAE706B0BDE8F0877CB501781E
:206E4000B0F80140C578067900F04CFB00212A4600912146334611F074FF7CBD2DE9F04F52
:206E600095B00146002611F8010B0D900D9AF0B2904272D20A7801F10C0491F802C00B3144
:206E800002F01F00ADF8520013AB4FEA521E06223AB111F8085C013403F8015B0131013A0A
:206EA000F6E711F8032C0F9211F8052C11F8019C11F8045C11F8088C11F807AC11F806BCAF
:206EC00011F8021C10920DF1460209020E91062131B114F8013C013402F8013B0139F7E724
:206EE00014F8017CE62F33D21D490A6FAAB10DF152014FF4D670CDE90B5B5546C246C8460E
:206F0000F146E346904700B3CE46C146D046BDF85200DC46AA46DDE90B5BDDE90E216BB2FF
:206F2000109D0A430EF0030192B26DB2CDE905290DF1460207926246CDE908748DE8000DD3
:206F4000CDE9035313AB11F02BFFE11901368DE70448002204492BF004F815B0BDE8F08FDC
:206F600000071000003C10264C100C18F8B506784578047947881EB9B9B2284615F048FDDA
:206F8000304600F069FFBAB22946234601B0BDE8F04011F0C9BFBCB502460DF1020412F809
:206FA000020B062312F8011C2BB112F8015B013B04F8015BF8E70DF1020211F0C7FFBCBD7D
:206FC0007FB58579F82D07D30B4800220B4904B0BDE870402AF0C5BF048890F9021090F960
:206FE000032003794679073002902046CDE9006511F0E8FF7FBD00BF003C102680100C18E0
:20700000008812F025B82DE9F04F87B001460DF11608421D90F804900078434691F801B064
:207020008F7891F803A0062129B112F8014B013903F8014BF8E7B2F801401578D67800F0B0
:207040000BFF4BEA072152464B46CDE90085CDE9024612F00AF807B0BDE8F08F2DE9F04F33
:207060008BB0014600F1090290F808B00DF12603C57980790890487907900879069008786D
:2070800091F801808E78CF78062129B112F8014B013903F8014BF8E7B2F8014092F80090DD
:2070A00092F803A000F0D8FE069A0DF12601CDE9044ADDE90743CDE9021948EA062147EAA9
:2070C000022244EA0323CDE9005B12F017F80BB0BDE8F08FF0B587B0B0F800C04379B0F98E
:2070E0000320817890F80BE08579C679077AB0F809400C30059060468DE8E000CDE9034E7F
:2071000012F062F807B0F0BD2DE9F04188B0B0F800C0B0F904308178C2788579C679077AFA
:20712000447AB0F80AE090F80C800D308DE8E000CDE905806046CDE9034E12F0C9F808B0F6
:20714000BDE8F08110B5B0F80140007800F084FE2146BDE8104012F019B92DE9F04F89B0C3
:20716000447BB0F800C090F80680B0F80B5083888178C27890F8079090F808A0B0F809E0B9
:20718000C689077C90F811B0807C089045EA04408DE8004704AC84E8C108604612F042F949
:2071A00009B0BDE8F08F2DE9F04F97B0B0F801101691C1881591B0F803101491B0F80910E6
:2071C0001391817B0C91C17B1291017C1191417C1091817C0F91C17C0E91017D0D91017808
:2071E0008589467DC78AB0F81880B0F81A9090F805A090F808B0C47A00F074F908A9139A75
:2072000081E8C00342EA04420C9945EA0141CDE900211299029111990391109904910F9981
:2072200005910E9906910D990791149941EA0A42159941EA0B43169912F0C7F917B0BDE814
:20724000F08F027943794188008812F050BA2DE9F04F97B001460020CDE91500CDE9130084
:20726000087C0C90C87B0B90887B0A90087B1190C87A0D90C87912908879109048790E908D
:207280000879099008784D7C91F80DA091F80AB04E7A91F808808F7891F803904A780F92B3
:2072A00038B300F0D9FD13A90891DDE90B210D9B42EA01210A9A0393119B4AEA0222CDE9EC
:2072C000061547EA0921CDE90086CDE90432099A0E9BCDF808B041EA0242109943EA0121E0
:2072E000129B41EA03430F9912F039FA17B0BDE8F08F123113AA2B46002BD2D031F8024BF4
:20730000013B22F8024BF7E710B50478407800F0A3FD01462046BDE8104012F05FBA2DE990
:20732000F04F91B001460020CDE90F00CDE90D00087B0890887A0790087A099048790C90B2
:2073400008790A9008784E7BCD7A91F8099091F8078091F806B091F802A0CF784A780B9240
:20736000E0B100F079FD0DA9089A079B06914AEA072145EA0222CDE904260A9A49EA0323F9
:20738000099CCDE9024341EA0242DDE90B13CDE900B812F04EFA11B0BDE8F08F0E310DAA67
:2073A0003346002BDDD031F8024B013B22F8024BF7E710B50478407800F04EFD01462046A4
:2073C000BDE8104012F060BA8178C278008812F0FFBB2DE9FE430178B0F8018090F905702E
:2073E00090F9074090F803900679857900F07AF841464A463346CDE90075029412F08FFBE6
:20740000BDE8FE8310F8011B4A1E212A1CD8DFE802F011131517191B1C1B1B111E20222457
:2074200026282A2F311B333537393B3D3F4143451B47494BFFF7E0BAFFF706BCFFF778BC99
:20744000FFF78ABCFFF7A7BC7047FFF7B9BCFFF7C2BCFFF7F3BCFFF701BDFFF7D4BDFFF72B
:20746000AFBDFFF7CDBD4FF4D870002110F0B8BCFFF77CBDFFF78FBDFFF72CBEFFF744BEB7
:20748000FFF760BEFFF7EABDFFF78DBEFFF7D9BEFFF7DDBEFFF738BFFFF741BFFFF789BFBB
:2074A000FFF792BFFFF795BFFFF757BE2988D5F80220D5F80630D5F80A0000902046704709
:2074C000B0F801500678C478284600F037BE99F800000228704730F8016C023023F8026BE5
:2074E000013D7047084600F0B7BC00002DE9F04385B004462848407870B3E088E1680E18FC
:207500000D5C777896F8038067F30B2516F8029F284600F013FE50B34FF4407049EA082108
:20752000ADF800000922E068ADF8081007F030011029ADF80A50039008BF1122301AADF89A
:2075400004200230ADF8060014486946144A75230078FCF73FFC13E01248002213492AF09E
:2075600000FDA088C0070BD0E06859220DE00D4801220D492B462AF0F4FCA088C00702D189
:2075800005B0BDE8F083E0687D22054905B0BDE8F043FCF7C9B900BF00071000B801100048
:2075A000E0230504013C1026EC100C18B8100C18B0B50446C088E168274A0B5C0144881C3F
:2075C000527849787AB15A1F0E2A13D8DFE802F0082222282222222B221B0F2E22223200AB
:2075E000FFF7F8F82FE00E2B0DD00F2B0ED1FEF7DFFA28E0302B20D03E2B21D0FF2B09D1E8
:20760000FEF7D4FA1FE0FEF7EFFB1CE013481549013001E01148124901222AF0A2FC12E081
:20762000FFF7C6F90FE0FFF74FF90CE0007810F06FFC08E0FFF778F905E0FFF7CBF902E0C9
:207640000231FFF7DFFEA088C00708BFB0BDE068BDE8B040FEF786BA00071000023C102664
:2076600054110C181C110C18C1884A1CC2800289013A0281C268515C042908BFFFF798BFDE
:20768000022918BF7047FFF731BF00BF1CB5C36802220848084953F8044C00942AF061FC25
:2076A00006A120464FF4D07202B0BDE81040FCF73BB900BF033C102684110C186863695F2A
:2076C00068616E646C655F6C6F7765725F646174615F727370000000F8B5C38804460F2B8D
:2076E0000BD82848012229492AF03BFCA088C0073DD0E0684FF4D8723DE0668935466FF397
:207700001F35284600F01AFD40B32189E7684A1D2281E288A388A2F1050C0222A4F806C0EB
:207720001FFA8CFE07F80E2017FA8CF20F0AD17020215670DE064FF01006177158BF01EAC6
:20774000530646EA1521917010300D4A214640F2DD1301B0BDE8F040FCF73ABA0948012268
:2077600009492B462AF0FDFBA088C00700D1F8BDE0684FF4DF720249BDE8F840FCF7D4B83C
:2077800003240504003C1026E0110C18B0110C182DE9F04788B004465E480F468DE80E0000
:2077A00000F103085C491D46914682464046042223462AF0D6FB0126042C00F27980DFE81D
:2077C00004F003770B1F44005448002F43D00221018000F0F3FC6AE05048B0F84010013160
:2077E000A0F8401099F80030052B4ED0042B63D0022B40F084804489022009F804005CE09F
:2078000099F8000005282CD1474859F8044C00688047424DB5F888100131A5F88810434987
:2078200009688847B5F88800032241494B46CDE9004040462AF095FB3A49204640F24E22E2
:2078400008B0BDE8F047FCF76FB887BB33484FF4B371203002E0203040F2651114F060FCCC
:2078600025E02E484FF417732E4ACDF81890C18F0131C18740F20120ADF80C002848007825
:2078800003A9FCF7A7FA064612E0B0F88440052009EB040209F80400281B81B2254803688C
:2078A00025489847601C81B2484600F021FF0126304608B0BDE8F08700241E482D1B09EBF8
:2078C0000402A9B203681C48984740F202200126ADF80C0040F22D231148124ACDF81890C9
:2078E0000078ADF81450ADF81240CDF81C90ADF8106003A9FCF76EFA0028D9D104E00F4975
:20790000504601222AF02DFB4846FEF72BF90026CEE700BF003C102614120C180007100058
:2079200090071000F323050418A7130020A7130070120C1804A51300003D282648120C186A
:20794000F8B50446C688C76801891848BD192A46036817489847B85D022806D1022005F8A5
:20796000080D2089083020812878E168022845F8041C01BF0F48B0F844100131A0F84410CF
:2079800021892846FEF7D0F800B1F8BD208902222B780090084809492AF0E3FAE06808A122
:2079A00040F29F22BDE8F840FBF7BEBF04A51300003D202600071000003C1026D0120C18BA
:2079C0006863695F77726974650000002DE9F04F8BB0DFF894A206ACA44D40F6354842F2C2
:2079E0000D0742F2430942F26B064FF0010B9AF80400002800F0C980BAF82600002854D0E8
:207A00000AF1100021462A4640F2B723FCF738F9002800F0BA80BDF81800B0F5007FE6D15A
:207A2000BDF81E0009990A18B2F80100404577D09AF80430D11C013B8AF80430A0F20543B9
:207A4000182B50D942F26803C31A032B7DD3A0F60303022B50D3B0F5856F1CBF40F6070320
:207A6000984249D042F27703984245D0B84270D042F2130398421CBF42F2160398423BD00B
:207A800042F2190398421CBF42F23203984233D0484569D042F2660398422DD0B0426ED031
:207AA00040F60B0188423BD144E09AF8820048B90AF1740021462A4640F2C223FCF7E0F84D
:207AC0000028A8D10AF1180021462A464FF43173FCF7D6F800289ED10AF1100021462A46FA
:207AE00040F2C62392E7624F0BFA03F34FF0010B3B4242F20D0717D0AAF82600B1F80110CD
:207B0000AAF82E10484511BFB8428AF882B0DAF82800CAF87C0004BFBAF82C00AAF880007F
:207B20002046FFF70DFF62E7524F3B4242F20D073FF488AF111D0AF128020623AAF8260080
:207B4000002BDFD000F080F9FAE7AAF826004978D6E70AF1280207310623AAF82670002BD2
:207B6000D0D000F071F9FAE70AF1280204310623AAF82690002BC5D000F066F9FAE7AAF8BD
:207B800026604878AAF82E00CAE7BAF85200002867D039480DF1180BDFF8EC80DFF8CC90A3
:207BA00090F82060DAF8300000F11004002E58D014F8100C002851D014F8060C02280ED1C8
:207BC000BAF8480068B334F8040C10B134F8021C03E0BAF84E00BAF85010814221D2204638
:207BE00059464A4640F27A33FCF74AF8B0B35846FFF7A6FE34F8020C013024F8020C14F806
:207C0000060C02282AD334F8040C20B9BAF850000130AAF85000BAF848000138AAF84800D4
:207C20001CE01648A4F10C020021036814489847844614F8060CBAF8481034F8042C34F806
:207C4000025CBAF84E708DE8A700414607220D48BAF85030059363462AF083F92434013E95
:207C6000A4E70BB0BDE8F08F000710001D2405040244C00101101000E400100084AE1300D8
:207C800000003026013C102604130C18FEB5154815A240F2AB33007801A9FCF767F9E8B1FB
:207CA000BDF80430B3F5007F0BD040F2012083420BD040F2022083420BD101A8FFF7D4FC82
:207CC0000CE001A8FFF708FD08E001A8FFF7DEFC04E00848012208492AF043F9FFF776FE4B
:207CE00006B080BD900710006863695F656E747279000000003C10267C130C182DE9F041B9
:207D0000DFF8A880274828494246FCF7FBF90025002844D0264C08F11000A04708F1180041
:207D2000A0472448C8F88400C8F80A0040F20730A8F8080047F67F70A8F8600008F1740038
:207D400088F80050A8F82650A0471B4888F8825090F8206016B3194819A240F20A43002510
:207D6000046806EBC60081000020A047C8F83000A8B1FF270024A0B2B0420FD2D8F8301090
:207D800000EBC00001F8205001EB80000576C772C5601030FBF7C4FE0134ECE701252846FA
:207DA000BDE8F081900710008D7C020400071000213B020413000B00E400100024BE130077
:207DC0006863695F696E69740000000010B508480121017101700748FDF79AFE044620B944
:207DE0000548002205492AF0BCF8204610BD00BF0007100091770204003C1026A4130C1894
:207E0000B0B586B00A48C18F838FB0F84020B0F84240B0F84450B0F846008DE836000622E4
:207E20000490044804492AF09CF806B0B0BD00BF00071000023C1026C8130C180149086049
:207E4000704700BFF804100011F8016B013B02F8016B42F26B067047002818BF00F5807049
:207E6000704700BFF8B51E4B022908D11D4C93F82030B4F852409C4203D300242EE093F87F
:207E800020305E1C174B1C6BA4F12407A4F10905013EF2D007F1240497F824702435002F00
:207EA0002746F5D10126FF2726700026E7724FF6FF77A17202296676E660678062700268EF
:207EC00062608088208106D16E602E60B3F852000130A3F85200204600F006F82046F8BD7A
:207EE000E4001000000710002DE9F04F87B0837A504890F820007BB1022B40F098804E4976
:207F0000B1F85240B1F84A20002C00F08B8001F1500A4E31069104E00021002206914FF08D
:207F2000000A45494FF000090546D1F830E0002174466DB1267846B1A67A9E4205D1267E35
:207F4000012E14BF09F1010901312434013DF0E7540003261FFA89F5002D15461FFA81FB4B
:207F600018BFB4FBF6F55FEA0F94AEB22EB106FB0B47974203D9013DF7E70C4600E00024EB
:207F800005FB11214C441FFA84F91FFA81F8C14503D9069A118000220DE0069F00223A8054
:207FA0002704AAF8002006D0A2B28FB2B7FBF2F202FB141700E000270EF10C0102F1010E96
:207FC00000B311F80C4CD4B111F8024C9C4216D10C7B012C03D12C0401D00D800FE00C8853
:207FE00034B12AB94C88BAF800C06444AAF800400A803C041ABFA1F800E0013F0027243111
:208000000138DDE706980722BAF800100088CDE904010A480A49CDE900B6CDE9029829F01D
:20802000A0FF04E00020A1F84820C1F84E0007B0BDE8F08FE400100000071000033C10263A
:20804000B0140C18F0B587B00D46064600F058F8044625480021324603682448984703462E
:20806000234824490322CDE9005429F07AFFC4B3214F04F1100502AE284631463A468423BA
:20808000FBF7FEFD48B1BDF80C00C007F4D0059839468822FBF748FCEEE700202070A07A13
:2080A00002281BD11548E189B0F84820B0F84A3011448AB29A4253EA8181A0F84810B0F86D
:2080C00052100139A0F85210A18939B9B4F90E10B0F95020D2FA51F1A0F850102046FFF7A8
:2080E00003FF07B0F0BD00BF84AE130000003026023C102640140C183B2405040007100055
:20810000F8B506460B480D4690F820700A48046B6FB1207840B1A07AA84205D1201D3146B0
:20812000062229F032FF18B12434013FF0E700242046F8BDE40010000007100001460848B4
:2081400090F820200748006B3AB1037813B143888B4203D02430013AF6E70020704700BF06
:20816000E400100000071000FEB514460E460746FFF7C6FF05460D4800213A4603680C488B
:20818000984703460B480C490322CDE9006529F0E8FE35B1287EA04203D028462C76FFF789
:2081A000A3FE002D5FEA0F90FEBD00BF84AE130000003026023C102674140C187CB5324E23
:2081C000324C334D7078C3B220462946012229F0C8FE7178481C023911297070F3D8DFE839
:2081E00001F0171A1D2023090A0926292C2F320909383C40E7E771790629E4D36FF04240C0
:2082000001904FF0FF3000906846FCF7BFFB7CBD41F2090019E041F2020016E041F20500A3
:2082200013E041F2010010E041F203000DE042F203000AE042F21C0007E042F2600004E034
:2082400042F20F0001E042F22A00BDE87C4000F021B8BDE87C40FCF7E8BFBDE87C40FCF723
:20826000BDBB06F120040021204613F059FFB6F84C10002001F04EFA032030702046BDE858
:208280007C4003F079BA00BF00071000033C102638150C1800210022AFF300802DE9F04392
:2082A00085B0DFF8FC8005460F46164640F27B2398F8080010443C4A011D3A480078FBF7EE
:2082C000C9F9002848D0044698F808004FF00109290A04F800902044C670817045702FB192
:2082E00026B104303946324629F045FE4FF400700394ADF8000098F80800ADF80600301DA1
:20830000ADF8080042F26600281AADF80490052824D940F21D40854222D042F20D00854221
:2083200036D042F2130085421AD042F2160085421CBF42F21900854212D042F2430085421F
:2083400026D042F2320085420AD008F110006946154A40F2D12309E0002415E00128D8D010
:20836000114A08F11800694640F2CD23FBF730FC08B1012406E00C49204640F2D722FBF706
:20838000D3FA0024FFF722FB204605B0BDE8F08308F174006946044A4FF42873E6E700BFD2
:2083A00000071000000010002A240504E0B58DF807100DF107010122FFF770FF8CBDE0B5A2
:2083C000ADF806100DF106010222FFF767FF8CBDE0B58DF80510090A8DF806100DF1050133
:2083E0008DF807200322FFF759FF8CBDE0B58DF80620120A8DF80410090A8DF8072004223B
:208400008DF8051001A9FFF749FF8CBD0622FFF745BFBCB50DF101040123072B05D011F8C7
:20842000015B013304F8015BF7E72270DAB20DF10101FFF733FFBCBD1CB58DF801100DF152
:2084400001014B1C0121072905D012F8014B013103F8014BF7E7CAB20DF10101FFF71EFF50
:208460001CBD00BF8F498A8C82800A6A0260D1E91523C0F80620C0F80A30D1F85E20026132
:20848000B1F86220828291F85C2091F85D108173C27370472DE9F04F8FB0824E88464FF061
:2084A000040B8149002B18BF4FF0080BB6F88C401F46097891460B9101460A90D0B17B4897
:2084C00041464A4621F002F8C0B90BEB090214FA82F0013890FBF4F1B6F88800CDB285425B
:2084E0000FD90090022272482B46794929F039FD062003E0B9F1000FE1D003200FB0BDE8AA
:20850000F08FDDE918104FEA19230593000A0490080E0390080C0290080A002101900E9191
:2085200006A9012081E8A408C4B2A542C0F0A2800C900ED1012D03BF4FF400571646CDF801
:2085400034900E981EBFA9EB00064FF440570D960BE0B6F88C60012C04D10027A6EB0B0073
:208560000D9002E04FF480570D9606F118004F4A81B20B986423FBF76DF800287CD0824627
:2085800083460520089B0BF8130F300A002B8BF8040047EA08008BF80360014618BF41F4C7
:2085A0008041012C51EA008051EA0882000A8BF801208BF802000BF10500012C1CD10146B8
:2085C0006BB103998AF81B1002998AF81A1001998AF8191018998AF818100AF11C01059A98
:2085E000B9F1000FCA70049A4A70199A81F802900A7009D0099908440E9A0A9911FA82F168
:208600000D9A92B229F0B7FC2A48B6B2741D5A46A1B245460368ABF1080827489847052030
:2086200006F10D018AF80B004046CAF807A0FDF77BFA48B32248006880471A4EB6F888100E
:208640000139A6F888101F490968884718480122B6F888301C49033029F083FCDDE90D1006
:20866000A846DDF824B008440E900C98DDE90625013059E7002041E7144901220C484346CE
:2086800029F06FFC082039E70C49022208484346009429F066FC054950469822FBF744F9E0
:2086A00007202BE7000710000D00100049240504003C102604A51300003D20269C150C1851
:2086C00018A7130020A71300D0150C1804160C1854150C1801A1BF22FBF726B96761705F2F
:2086E00069736F5F646174615F63666D000000002DE9F04F89B081467A484078D0B109EB5D
:20870000010619F80150747896F802B064F30B25F77808A9284620F04FFFB8B17248734972
:2087200001222B4629F01DFC4846FFF7D3FF09B0BDE8F08F6C4800227349013029F011FC57
:20874000484609B0BDE8F04FFFF7C4BF67F30D2BC4F3011706F104080FB1022F41D108986E
:20876000C4F38014C08880B15F48012263492B4629F0F7FB0898FF225E490068FBF7D4F8B5
:20878000089900200860C1F8060014B90020042202E058F8040B082298F802A098F803109E
:2087A00061F30B2AA7B3022FBED138F8042B0026534B1B68002B4CD007908809002E8DF84E
:2087C0001A40ADF81820ADF816A0ADF80C508DF80E006DD008990020C1F806008888096835
:2087E00069E00899C88888B30A89131A5B4543DA58443F492B46CDE9002003223A4829F05C
:20880000B0FB4846FFF766FF08984FF49D7229E03C48151D1446374A0AEB050140F21913DF
:208820000078FAF717FF089908600899086800283FF47AAFABEB0402CA80A1F808A015FAE5
:2088400082F28D80314629F096FB6DE726482A4966E74846FFF73EFF002E3FF468AF08981B
:2088600040F2911223490068FBF75EF8089900200860C1F806005AE78A88096811445A4666
:208880000844414629F077FB0898C18802895944C18089B291427FF447AF00684178057813
:2088A000C1F3801461F30B258CB9011D002011E0A8EB09004946ADF81400049103A80290C2
:2088C00002A901209847002E7FF42EAF2FE700F1080140680A88012691F802A0C97861F33E
:2088E0000B2A65E700071000003C102680160C1834170C185B240504F8160C18B0160C18A1
:20890000F80410000E0010004C160C1803290BD0012917D041BB411EC9B2122902D810F0A4
:20892000010123D0143814E0411EC9B2162904D20F4A22FA01F1C90718D11738C0B2032807
:2089400012D813E0411EC9B2122901D8C1070DD11538C1B2062907D200F03F00292121FA4A
:2089600000F000F001007047002070470120704761003E0081794A1CD3B2934218BF8B1CD9
:208980008371D8B2704700BFB0B509A40DA5812954EA05844FF47A756B430D4D2D782D069C
:2089A00045EA01410A442146BDE8B040FBF7D0BE6C32635F6368616E6E5F7274785F6C6527
:2089C000000000006C32635F64656661756C7400B8011000FBF7D8BE2DE9FE4F8246029044
:2089E0002B488846294D99462A49144683460330CDE900230422434695F86D6029F0B1FA72
:208A00002548002395F86D103546DDF830C0D0F808E0704699420CD00288A24203D1C778DE
:208A2000574553EA0686002A53EA058506300133F0E7F0B2B9F1000F06D0884202D1E8B237
:208A4000884214D1164902E0884207D113495846012201F095F90020BDE8FE8F00EB40006B
:208A600000212EF810100EEB400081700BE000EB40002EF810400EEB400080F804C080F8EC
:208A800003A080F802800120BDE8FE8FE4001000003B102680170C18B8011000FC170C18C6
:208AA000C4170C1880B502285FEA1F9001F062FA20B10079012804BF012080BD002080BD22
:208AC00070B588B0417F112913D1002290F85D30ADF81C2000F15001CDE9052205ACABB117
:208AE0000D881DB1D6B2013224F816500231013BF5E742681379022B08BF102916D1818937
:208B0000508808B0BDE8704010F0EABE4368D2B28189458A007F9E7C5C880C33CDE90050FE
:208B2000CDE9023605AB20460FF00CFB08B070BD43680A461979022906BF417F1029704719
:208B40008189588810F0BCBE2DE9F0418AB005468389408A8846CDE9000103222F48304975
:208B600029F0FFF9697F112921D10026A8F515700628ADF82460CDE9076605D8012101FA14
:208B800000F010F0610F02D1B8F1000F32D195F85D1005F1500007AA0026C1B103881BB107
:208BA000F7B2013622F8173002300139F5E768680279022A08BF10292DD1B5F84A306A8A9C
:208BC000A9894088CDF8008010F0F6FE23E0686827210079FFF766FF60B16A686B8A2F8AE2
:208BE000917C50888DE88A0002F10C03F1B207AA08F005FF69682C8A2B7F6F8A48888A7C3F
:208C00000C31AD8A8DE80601F1B2CDE90374059507AA0FF0C1FA0AB0BDE8F081033B10264B
:208C200034180C18B0B501F0B2F80ED12721FFF739FF08B101F0B7F869682346AA89287F02
:208C40004988BDE8B0400FF000BB02280CBF1029B0BD50882246A989BDE8B04010F064BE30
:208C6000B0B501F094F80ED12721FFF71BFF08B101F099F869682346AA89287F4988BDE816
:208C8000B0400FF0D6BA02280CBF1029B0BD50882246A989BDE8B04010F036BE80B5024642
:208CA0000846114601F0B0F928B103210022BDE8804001F05BBD80BD7FB545682A79022AFB
:208CC00007BF6B880226002300268489028B0120CDE9001005F10C002146029602F048FCB2
:208CE0007FBD00BFFEB5144E0F4614490446F01CADF80A2015460092022201F041F83846D4
:208D0000214601F081F930B175B10DF10A02072101F02CFDFEBD0A4930460122234603B06B
:208D2000BDE8F04029F01DB90621002203B0BDE8F04001F01BBD00BF003B10267C180C18ED
:208D4000AC180C1810B5044604480549012201F017F82046BDE8104000F004B8033B1026E4
:208D6000DC180C182DE9F04D8EB004464079734F012807D8794902220090384601F000F8A0
:208D80000020D7E06E49002220790978022851EA028003906B48808D50EA028000F1180802
:208DA0001FFA80FA029009AE606B10B1608FE18F26E0654D04F11C00314640F2BA232A462D
:208DC000FAF75EFF50B904F1140031462A464FF42F73FAF755FF002800F0A880BDF82C0001
:208DE00050455AD90C996163BDF82A102187BDF82E10A187BDF82810608721F00201E18740
:208E000001F0020B50454ED903981FFA88F14E4E40F2D523C0B23246FAF71CFC002800F09A
:208E200085804C4905464FF437702246009028463346FAF7DBFB00287AD0A38FB81C4649B6
:208E40000222CDF800A029F08CF8208F5246616B014405F1180029F08EF81820029EADF86A
:208E60001600BBF1000FE08F5FEA1F92079540F00100ADF814006088ADF8186004A900F090
:208E800093F8208F30442087608F801B09AE6087E08F40F00200E08786E76088314601225E
:208EA00000F082F880E703981FFA88F1264D4FF43D73C0B246462A46FAF7CCFBB0B38046FF
:208EC000A38F608F022221490090B81C29F049F8208F616B628F014408F1180029F04BF807
:208EE000606B2B461A49046040F20230626B00904046FAF77BFBD8B11820CDF81C80ADF8FA
:208F00001600BBF1000F608F5FEA1F92ADF81800E08F40F00100ADF81400608804A900F0FC
:208F200043F80020B046608760633CE7012001E0002060630EB0BDE8F08D00BF013B10261D
:208F400006001000B80110009124050494190C18618F0204458D02045C190C1824190C18DB
:208F6000BCB5056804460948022209492346009528F0F7FF07A120464FF41D72FAF7D4FC55
:208F80002846BDE8BC40FFF7EDBE00BF033B1026FC180C186C32635F7064755F63616C6C12
:208FA0006261636B000000004FF40073488110200B80002A18BF08208A884FF4207322F0C3
:208FC000180210448880024802A20078FAF702BF900710006C32635F73656E645F686369BF
:208FE0005F706B745F6D736700000000BCB50C46497939B3D188050AD3681944137A01F826
:20900000043C537A01F8015C01F8020C01F8033C4FF4007111801189508140F00400043195
:209020001181D1880439D1809188052821F0180191800FD1104B114604F11C001A4640F201
:2090400039330EE000200E49009002220B4800F097FE0EE0084B04F1140011461A4640F280
:209060003D33FAF7B5FD20B12046BDE8BC40FFF779BE0020BCBD00BFA7240504013B10263A
:20908000CC190C182DE9F04F87B01D4692460C46064600B174686CB1109F618907F104081B
:2090A00088450FD90091022246484346464928F058FF74E043480022444907B0BDE8F04F08
:2090C00028F04FBF37481C3189B237A240F26F33DDF844B00078FAF7BDFA00285FD08146AF
:2090E00080F81CA050460021FFF710FCC8B1A1794A1CD0B2904218BF881CA07116B386F863
:20910000200089F81D007068007970B32B48BBF1000FB289007F50EA0B8306F108008121CC
:209120001DE0BAF1160F09D1A079411CCAB28A4218BF821CA27189F81D2016E096B196F8B9
:20914000210010E0E071BBF1000F89F81D001B486288007F50EA0B8304F140008221FFF7F2
:2091600013FC02E0207A89F81D0009F12000A9F81E702FB115F8011B013F00F8011BF8E741
:209180000F4803900120CDF81490ADF810802179022908BF052002AA2146FFF727FF07B08F
:2091A000BDE8F08F010010006C32635F73656E645F7369676E616C5F6D736700B801100024
:2091C00001001C00003B1026241A0C18FC190C1880B500F0EDFD08B1007980BD022080BD89
:2091E000FEB506460C464B890322C86809893C4DCDE90001E81C3B4928F0B3FE6089314672
:2092000001F0B0FC38B96189072929D80120884010F0D00F24D0208A00F0CAFDE8B10746A2
:209220006089314601F09EFC78B16189384601F017FD70B340F207410246E06800912E4978
:209240002E4BFAF7D3F900283ED0608939462246FFF7CCFEC0B30120FEBD2369294931E0B4
:20926000304600F0D1FEB8B10746408A2389834217D91D4902220090284628F072FE1B4865
:209280000078C10720D156B1022E0AD1400708D51AE063891A4915E06389164912E00007E5
:2092A00012D4BB7F581F01280BD8787F112803D0786800790228CED13846214615F00AF8FA
:2092C000C8E70B4900F05FFDA088C00705D0E06840F25F420949FAF727FB0020FEBD00BF61
:2092E000003B1026601A0C18341B0C18E40010006C1B0C18081B0C18A1AC02046E24050418
:20930000C81A0C18981A0C18F0B585B00F46044615481E461549154601223B4628F021FEA3
:209320000DF10E03ADF80E70981C012F09D0022F0DD1181DADF81050310A062205273546EB
:2093400002E0290A0422032705709818D955C01A002180B2CDE90001002021460122FFF7D1
:2093600091FE05B0F0BD00BF003B1026981B0C181FB50446C38980890222009009480A492A
:2093800028F0EFFDE068042106224FEA304003900020CDE9001003AB20460021FFF772FE77
:2093A0001FBD00BF033B1026BC1B0C181FB504468389C089022200900848094928F0D1FDF4
:2093C000E068042103900020CDE9001003AB204600210722FFF756FE1FBD00BF033B1026F0
:2093E000EC1B0C18F8B5074648680C460222811C0688616045880430606033461148124948
:20940000009528F0AEFD607831463872387900F0FBFD60B1C1898D4212D16178002280F8E2
:20942000211040F20721BDE8F84001F09FB93846022132462B4601B0BDE8F040FFF764BF52
:20944000F8BD00BF033B10261C1C0C182DE9FC41074648680D460222811C06886960448841
:209460000430686033461448144900948046033028F077FD3879214600F0C6FD78B1C18967
:209480008E420ED1697890F820208A420BD14FF40271002202B0BDE8F04101F067B90A4908
:2094A00002E0074900E007494046002202B0BDE8F04128F056BD00BF003B1026501C0C182F
:2094C000A81C0C18D41C0C18841C0C18E0B50DF10602ADF80610012101F048F98CBD00BF1A
:2094E0004868012230F8023B48600248024928F038BD00BF003B1026FC1C0C182DE9F04137
:2095000086B0494C0D46804643880491080CC1F30727CEB24549059204220290E01CCDE902
:20952000006728F01EFD002F25D098F80410022909D1162E00F26080012101FA06F23C4914
:209540000A4200F05980721E192A00F25A80DFE802F00D585858581A1F5858585858585890
:2095600058585824292E33383D42474C04A94046FFF7B6FF3DE030492046002206B0BDE894
:20958000F04128F0EEBC04A94046FFF72BFF30E004A94046FFF75AFF2BE004A9404601F0C4
:2095A000E3F926E004A9404601F096F921E004A9404601F0F9FB1CE004A9404601F060FC81
:2095C00017E004A9404614F0FBFC12E004A9404615F092F80DE004A9404615F075F908E037
:2095E00004A9404615F054FA03E004A9404615F0D7FA06B0BDE8F081A6F1170103297FF6DD
:20960000A2AF0C492046012233462D0A28F0A9FC88F80850404600210022002306B0BDE88F
:20962000F041FFF771BE00BF003B1026201D0C18C2007C00901D0C18641D0C182DE9FC413C
:2096400005468846C888C9680844B8F808104418A0421FD2071DA7420FD84688E11B8E429F
:2096600011DC01783A464078000240EA064001442846FFF743FFB819EAE70B4800220C4983
:2096800028F06FFC06E00091022207483346074928F067FCD8F80C0006A140F2CD5202B093
:2096A000BDE8F041FAF740B9013B1026F41D0C18C01D0C186C32635F68616E646C655F73A4
:2096C00069676E616C5F706B74000000BCB505460C46009102220C482B460C4928F041FC9F
:2096E000284600F065FB50B1018849B1042122464171074902B0BDE8B04000F0D7BDBCBD55
:20970000BDE8BC4000F0C8BB033B1026341E0C18CD94020401488185704700BFB801100056
:209720007FB5214E0D46009104462049B01C022200F026FB812C1BD0822C2CD1284600F04D
:2097400037FB38B304464030FBF71EF82079022820D10DF1060003900220ADF8060002A967
:20976000204601F0B9F860883B21FBF71BF911E00220294600F048FC60B104460830FBF75C
:2097800003F820464FF44071002204B0BDE8704000F0ECBF7FBD064930460122234604B06D
:2097A000BDE8704028F0DDBB013B10266C1E0C18A41E0C1802A140F27A62FAF7B5B800BFD0
:2097C0006C32635F7265636F6D625F63616C6C6261636B002DE9F04F87B00646408900F094
:2097E000E7FAC84D30B3B1880446C08D3789090730D4002851D0238E191AB94258DADFF8BB
:20980000F413384400902846022228F0AAFBDFF8B45340F2C662F0682946FAF785F8A06A6F
:20982000294640F2C762FAF77FF80027C4F82E70A76263E173892846DFF8C013012228F0D9
:2098400090FBF06840F29762DFF87813FAF76CF8002753E160B1DFF868132846002228F0DD
:2098600080FBA06A40F2A462DFF85813FAF75CF8032F06D8D44900F091FAF06840F2AB6265
:2098800012E0F0680021A062F0882186E785A085B08820F00100B08026E0DFF85C1300F0F6
:2098A0007DFAF06840F2BD62C649FAF73DF825E1F188F268A36A1144A28D1A4410443A46B7
:2098C00028F059FBE08D40F2D462BE493844E085F068FAF729F8E08D0322238EBB49CDE9F8
:2098E0000070E81C28F03DFBA08DA16A228E0B1831F80090B3F802A032B3E78D96B2B742F9
:2099000040F0BA800020A846C4F82E000120ADF80C00A08DA56A00F1040B4FF0FF3010FA5F
:209920008AF0ADF8109006280595ADF80EB000F2A780DFE800F00494A53B043BD90002A932
:209940002046FFF77BFED6E01FFA8AF8B8F1050F03D11FFA89F1172906D8B8F1010F2CD1E9
:209960001FFA89F14D2928D328464C25A049B8F1050F08BF172593F805801FFA89F3022292
:20998000009528F0EEFAF06840F2F5628D49F9F7CBFF0027204601212A460023C4F82E7025
:2099A000A76284F80880FFF7AFFCA7E002AA1FFA8AF1204600F0B6FF9DE02179404601F099
:2099C000D1F830B92179404600F0CAFA002800F09B802179022908BFB8F1040F63D009F159
:2099E0000402228693B2BB4235D9A846022930D17A48794D00782978C90602D5298E8B4284
:209A000027D9A18D40F275730A1F4944A28589B26C4AF9F71FFE0028A06200F0B180A18DAA
:209A2000F2680844F18811443A4628F0A4FA2079002800F0AE80022805D195F90000B0F16E
:209A4000FF3F40F3AA8040F28972F0685D49F9F76BFF228E454610047FF44FAF4DE061494F
:209A60004046002228F07DFAA06A40F2B4725549F9F75AFF0020A062B7425FEA0F973DE03F
:209A800021791FFA8AFA504601F06CF8E8B160881FFA89F100911FFA8BF351462A460FF062
:209AA000E8FF40BB20E04C481FFA89F3C08E834295D94E4900F067F900274249C4F82E7027
:209AC00040F24C72A762F068EFE6606A837F591F02293BD28189ADF812102179022903D17A
:209AE00002A914F04DFC06E0A06A30B1354940F61302F9F719FF0020A0620127384607B04D
:209B0000BDE8F08F003B10262079414600F07CFA606250B3217902297FF461AF808A1FFAFA
:209B200089F3834233D92A4900F02DF9F06840F21E722449F9F7F8FE606A002740F2F121AD
:209B4000C4F82E70A76200F0E5FAD7E726494046012228F006FAA06A40F2E3721949F9F702
:209B6000E3FE0020C4F82E0084E71A4928460122434628F0F6F9F06840F20F72114952E66E
:209B800000271049C4F82E7040F292729AE7022125E7287840067FF556AFB08840F2827149
:209BA000F26820F00100B080A06A00910C49054BF9F71CFD00287FF44CAF40F2847244E7D8
:209BC000081F0C187D240504401F0C18D81F0C1880200C1854200C18E4001000050010008D
:209BE000B5970204EC200C1828210C18B4200C1818200C189C1F0C18701F0C18D41E0C187A
:209C0000FEB5114811A240F62903007801A9FAF7ADF9B8B1BDF80430B3F5C06F06D0B3F5C3
:209C2000407F0AD101A8FFF7D5FD0BE0BDF80A109DF80900FFF774FD04E0074801220749B4
:209C400028F08FF906B080BDB80110006C32635F656E747279000000003B102658210C1808
:209C60002DE9F843404C4149221D2046FAF74AFA002862D03E48016804F110008847DFF8AF
:209C8000F4901E20207799F86D0068B13A4900EB40003A4A40F6690300250F684100002083
:209CA000B8470028A0605CD099F82070002F46D099F8500000B3DFF8C08081002F4A002026
:209CC00040F675030025D8F80070B8470028206247D099F8501040F67C0399F82000002535
:209CE000D8F800704843254AC1000020B8476062B8B399F8207017B31F4840F68E031F4A9B
:209D00000025066807EB071081000020B047606038B30025A8B2B84211D200EB001660683F
:209D200000EB86001430F9F7FBFE606800EB86001C30F9F7F5FE0135ECE7002511E040209E
:209D4000208599F8210058B164210C4A41430A4840F6A803002506680020B047E06000B176
:209D600001252846BDE8F883B8011000019C0204B0BE1300E400100024BE1300B824050474
:209D8000234628F0EEB82846012228F0EAB842680C46417F05461079112970472846002240
:209DA000002728F0DEB86868A989408807F01EBE0A4991F820104A1C09490968A1F1440323
:209DC000013A07D003F14401B3F8463083420B46F6D100E000210846704700BFE400100081
:209DE000BC011000F8B506460C480D4690F820700B48046877B1607948B12079A84206D1CB
:209E000004F10C013046062228F0BFF818B1013F4434EFE700242046F8BD00BFE40010008A
:209E2000BC01100010B5194A194B92F820201B680132443B013A21D003F1440493F849305E
:209E4000002B2346F6D10122124BA4F805200022C4F82E200229A262236022646263E271EA
:209E600021710368E36080882082A27408D1172062726081204600F091FE05E0002403E04C
:209E80004C2060811020A074204610BDE4001000BC0110000000FFFFF0B585B004462A48A9
:209EA00004F10C0200210025036828489847034627482849012228F054F82079022804BF69
:209EC000204600F0A5FE24482060606B657128B12249C722F9F728FD002060631F4F04F174
:209EE0001C056E46284631463A46CB23F9F7C8FE28B103983946CD22F9F716FDF2E7174F60
:209F000004F114056E46284631463A46D023F9F7B7FE28B103983946D222F9F705FDF2E7D0
:209F2000E08D38B1A06AD7220C49F9F7FDFC0020E085A062E07928B104F14000FEF74AFD60
:209F40000020E07105B0F0BD84AE130000003026033B102680210C180000FFFFC12405046E
:209F600002295FEA1F91043803285FEA2F900840704700BF10B50246084890F86D300848BE
:209F8000406843B104888C4204BFC478944203D00630013BF5E7002010BD00BFE400100035
:209FA000BC0110002DE9F041DFF8588004460027022CB8F8240050EA078608BF7F273546BC
:209FC000A9B28F4205D9204600F01EF860B10135F6E74025B0B2A9B281420FD2204600F0CB
:209FE00013F808B10135F5E7022C08D1681C81B28F4208BF4020A8F8240000E00025A8B2B2
:20A00000BDE8F081BC011000064A0C32126832B153681B79834204BF93898B42F6D1104695
:20A02000704700BFBC011000022808D10548064990F9260091F92110C1FA50F000E00020D9
:20A04000C0B27047BC011000E4001000F8B50546007902283DD124480E46244F90F8210091
:20A0600097F82610884234D9B9680130643901382FD001F1640491F89C1000292146F6D137
:20A080002046642127F07CFF2879FFF78BFFA08110B304F12400F9F743FD00201449E08315
:20A0A0002161E062C4E901502879E68120B197F82600013087F826000120214684F838003E
:20A0C0002888013028800B48026807F10C00904700E000242046F8BD07480022074900245B
:20A0E00027F03FFFF6E700BFE4001000BC011000A002A002ACBE1300003B1026A0210C1897
:20A10000034A0146014812680C301047BC011000ACBE13001CB5ADF8061004468389012206
:20A120000548064927F01DFF0DF10602204640F2071100F01BFB1CBD033B1026D0210C1832
:20A140002DE9F04F85B090F85C8004464148B8F1000F82462ED0424804F150074FF0000BA0
:20A16000002500F10C09454524D23988F9B160680079FFF749FFD0B10646A04217D0B07F85
:20A18000082814D1B38950463349012227F0E9FE3248314602684846904786F838B086F897
:20A1A0001EB0606801880139018094F85C8002370135D8E7A38950462A49012227F0D1FEF1
:20A1C00026482146DFF89890026809F10C0090478046D0B3606801880139018004F1080012
:20A1E000FEF7F8FBE06B30B11F4940F26322F9F79BFB0020E063E06A0025C4F8425028B1AD
:20A2000019494FF41B72F9F78FFBE562164D04F124066F46304639462A464FF41C73F9F7ED
:20A220002FFD30B10398294640F27222F9F77CFBF0E76068007920B199F82600013889F880
:20A240002600002084F83800A077404605B0BDE8F08F00BF023B1026EC210C18A8BE1300B2
:20A26000BC01100014220C18D3240504064A0C32126832B15368834204BF92F820308B42E2
:20A28000F6D11046704700BFBC011000064A0C32126832B153685B88834204BF93898B4264
:20A2A000F6D11046704700BFBC011000F8B50646074814460D46C7684FB138463F6841684C
:20A2C000B142F9D1002DF7D02146A847F4E7F8BDBC011000054A0C3212682AB153688342B8
:20A2E00004BFD3898B42F7D110467047BC01100070B50D4604461E4816461E4900F0B3FA48
:20A30000681E04280ED940F2071085421FD0B5F5007F25D040F20A2085421DD0B5F5407F0E
:20A3200015D01CE0DFE800F0031B080B110031882046FEF709FC0AE000F086FA07E0606821
:20A34000007960B1012001210CE000F084FA2046BDE87040FFF7F4BEE07F0128F2D070BDFC
:20A3600002200021A0772046BDE87040FEF7A4BC033B102638220C1870B50E460446234853
:20A380001546234900F063FA701E062808D8DFE800F0293C043C1619260000F055FA25E018
:20A3A00040F2071086421DD0B6F5407F2DD1204640F2F621FEF7C8FB00F059FA16E000F0A7
:20A3C0004AFA13E0E07F01281FD10420A077607F112810D12046BDE8704014F0CBB8E07FF9
:20A3E000012812D129882046FEF7AEFB2046BDE87040FFF7A5BE6168097931B1102804D14E
:20A400002046BDE8704000F051BC70BD033B102658220C187CB50E46044632481546324926
:20A4200000F015FA701E062808D8DFE800F0563312330415220000F00EFA4EE040F2071052
:20A4400086424AD0B6F5407F25D040F20720864220D100F0F9F940E0E07F02281AD1032010
:20A46000A07760680079A8B12046BDE87C40FEF727BBE07F02280DD1617F11290ED1616864
:20A4800028880A79022A1AD1C0B16FF02F0252FA80F014E07CBD00F0EAF91EE06068027974
:20A4A000DAB1102919D129886FF02F02002918BF52FA81F189B200F025FC0EE00020002273
:20A4C0002346A4F85820626543F8502F94F85D20009282B2204614F089F82046BDE87C40FD
:20A4E000FFF72EBE033B102684220C187CB50E46044635481546354900F0A9F9617F11296B
:20A5000020D140F2031086423BD0B6F5817F3BD040F2011086424DD12D880620616804F1BA
:20A520005003A07794F85D002A460090204614F05DF805F15000002D18BF40F40075A9B2BB
:20A5400020461AE0012E36D0032E20D0052E21D040F20310864224D040F20110864229D11B
:20A560006068007930B3102924D106200021A077204600F0E7FB20460021BDE87C40FEF716
:20A58000E3BA00F057F91AE000F054F97CBD00F05BF914E00720A0772046BDE87C40FEF73C
:20A5A000E7BE606802792AB1102903D1298800F0A9FB04E07CBD29882046FEF733FB2046C9
:20A5C000BDE87C40FFF7BCBD033B1026B0220C1870B50E46044625481546254900F037F928
:20A5E000012E1BD0032E22D0B6F5407F22D040F20710864212D040F20120864211D040F2A1
:20A60000032086420AD0052E2BD1E08950B30720A0772046BDE87040FEF7AABE298820466D
:20A620000BE0607F11280FD10620298813E000F00BF904E0204640F2F621FEF785FA20460C
:20A64000BDE87040FFF77CBD6168097949B1102807D106200021A0772046BDE87040FEF713
:20A6600073BA70BD00F0F7F8E9E700BF033B1026DC220C1870B50D46044622481646224989
:20A6800000F0F1F8012D16D0032D17D0B5F5407F17D040F2071085421BD040F2072085424B
:20A6A00025D0052D18BF70BD0720A0772046BDE87040FEF75DBE3188204611E000F0C4F8AA
:20A6C00010E0204640F2F621FEF7ACFA00F0CFF808E007203588A07700F0C9F82046294620
:20A6E000FEF7A0FA2046BDE87040FFF729BD04F10800FEF76FF920460021BDE87040FEF709
:20A7000091BA00BF033B10260C230C1870B50D46044614481646144900F0A5F8012D11D0F5
:20A72000032D12D0B5F5407F12D0B5F5027F06D040F20720854218BF70BD00F085F82046C4
:20A74000002108E03188204605E000F07DF804E0204640F2F621FEF783FA2046BDE87040C7
:20A76000FFF7EEBC033B10262C230C18FEB5064640680C46B17F2B4F154643880422B0892A
:20A780008DE81300F81C284927F0EBFBB37F082B29D8DFE803F0050C131A21282F363D0066
:20A7A00000F05DF803B0BDE8F040FFF7A1BD00F056F803B0BDE8F040FFF7DEBD00F04FF8EA
:20A7C00003B0BDE8F040FFF725BE00F048F803B0BDE8F040FFF78ABE00F041F803B0BDE8A1
:20A7E000F040FFF7F5BE124938460222009427F0B8FBFEBD00F033F803B0BDE8F040FFF7D1
:20A8000039BF00F02CF803B0BDE8F040FFF77EBF064938460122234603B0BDE8F04027F079
:20A82000A0BB00BF003B10265C230C18A0230C18D8230C18616804F150032A8894F85D0038
:20A840000090204613F0D2BE2046FEF7AFBD0122334627F086BB20460021FEF701BA304607
:20A8600021462A46704701222B4627F07ABB2046FEF77EBDBFB5851F40F67A44A5429CBF86
:20A880008D1FA5420DD98DE80F00052240F205230F4840F205240F4927F063FB204604B0A1
:20A8A000B0BD8142EFD394087C2CECD801EB810403EB830564086D00B5FBF4F49442E2D9B5
:20A8C0000A2BE0D3B3F5486FDDD80024E6E700BF003B102608240C18B0B504464868012289
:20A8E00030F8025B48600D480D492B4627F039FB607A01280FD104F14000FEF76BF8002133
:20A90000022D08BF40F24221012D08BF40F24121608806F039FF0020E071B0BD033B1026BB
:20A920008C240C1810B51446042908D006290DD14088214604F0AAFCE0686C220CE04088BF
:20A9400004212246BDE8104007F012BAA088C00708BF10BDE0685B220249BDE81040F8F73B
:20A96000E3BF00BFE42405042DE9F04385B0044648680E460422811CB0F800807160011DBF
:20A98000B0F802907160811D878843467160C5880830706019481A49CDE90097029527F091
:20A9A000E0FA70782072607A40B1204600210022002305B0BDE8F043FEF7A6BC40464946B3
:20A9C0003A462B46FFF756FF70B101200221ADF8120000200DF11203CDE90010002021469F
:20A9E0001322FEF74FFB06E0608841464A463B46009506F0D1FF05B0BDE8F083033B1026E1
:20AA0000B4240C182DE9FF411C4615460E460746FFF7CEF910B10146407A08B1BDE8FF8129
:20AA2000002002220DF10E03CDE90020DDF8348000201322ADF80E80FEF724FBB8F1000F10
:20AA4000ECD1DDF828803046294622464346FFF711FF0028E2D1DDE90B102A4623460290B9
:20AA60003846CDE900813146FAF79AF8BDE8FF8170B586B00C460646FFF79AF970B1054614
:20AA80002389E288A1886088FFF7F4FE50BB687A38B1E879A8B140F2012023E040F205206A
:20AAA00020E06589E388A28861882089A489CDE9000530460294FAF773F890B94FF4B47081
:20AAC00010E0D4F802001222D4F806100490002005910821CDE9001004AB00202946FEF736
:20AAE000D1FA002006B070BDF8B50746069800B1F8BD0E46384602211D461446FFF772F977
:20AB000020B938460221FFF78DF928B103218674457244804171F8BD20461421BDE8F840EE
:20AB2000F9F740BF072801D33F2802D940F2052070470A4991F850200949C9695AB111F8EF
:20AB4000043B013A002BF9D121F8020C012001F8040C002070474FF401707047E4001000FF
:20AB6000BC01100002291CBF002070470A4A0949D26991F85010023241B112F8023C13B12F
:20AB80001388834202D004320139F5E700295FEA0F907047E4001000BC0110002DE9F04F59
:20ABA000DFF864804FF0000BDFF860E04FF0010C98F850A0DEF81C905FFA8AF18B4521D294
:20ABC00019F82B20DAB198F82020DEF8207002FB01F5002291B28D4211D907EBC10601325B
:20ABE000334613F8064F002CF4D147F8310009EB8B01498883F800C0B18098F850A00BF1E2
:20AC0000010BD9E7BDE8F08FE4001000BC011000F0B5DFF844E04FF0000C104B00269EF881
:20AC200020209EF850501B6AECB2D7B26743B4B2A74210D903EBC40717F8061F49B153F8DE
:20AC40003410814202BF87F800C09EF820209EF850500136E8E7F0BDE4001000BC0110006D
:20AC600070B50D4A0025136A0C4A92F8204092F850205443AAB294420BD903EBC20296790E
:20AC80002EB11668864204BF96888E4202D00135F0E70022104670BDBC011000E400100099
:20ACA00081880022006840880EF0F3BEB0B588B00446038B8089218AA28AB4F84850ADF84C
:20ACC00018008DE82700ADF81A100C480C49ADF81C200522ADF81630ADF81E5027F041F9F1
:20ACE00000200A210DF11603CDE90010204600211422FEF7C7F908B0B0BD00BF033B102662
:20AD000004250C18B0B586B00446080A8DF811000B468DF810100025084801220849CDE9C4
:20AD2000025527F01EF90A202146CDE9000502AB00201522FEF7A6F906B0B0BD003B102616
:20AD400060250C1870B588B004468389008A0D0AA28A8DF81F50B4F848508DF81E1003914B
:20AD60002E0AADF818008DE825000D480D49ADF81A200522ADF816308DF81C508DF81D60B5
:20AD800027F0EFF800200A210DF11603CDE90010204600211522FEF775F908B070BD00BFC8
:20ADA000033B102684250C182DE9FC47054648680C460222811C06886160011D47886160EE
:20ADC000811DB0F804903346616000F10801B0F806806160B0F808A00A3060602448254952
:20ADE000009727F0BEF86078314628720120FFF7C1F818B116B1B6F5807F05D32846022193
:20AE0000BDE8FC47FFF77EBF28463946FFF762FA10B128460A21F3E728463946FFF716F9B2
:20AE200010B30221154AC177102141771FFA88F3617880F8211010490683A0F81290098DE4
:20AE4000928D0439A0F84AA0914251EAB2818AB2934251EA8881C1824FF40071002202B0B3
:20AE6000BDE8F047FFF782BC28460421C8E700BF033B1026DC250C18BC011000E400100067
:20AE80002DE9FC470D4649688A1CB1F800806A600A1DB1F802906A608A1DB1F804A06A60D2
:20AEA00001F10802CF886A600E890A3169606978FFF7DCF9A0B104460830FDF78BFD3004AB
:20AEC00017D006F130000DF1060240F40070ADF80600204640F20321FFF748FCBDE8FC87F1
:20AEE0006B7801221448154902B0BDE8F04727F038B80F481FFA8AF20E49A4F81290008DEF
:20AF0000A4F80E80898D0438A4F84A70884250EAB18081B28A4250EA8A80E082204640F2ED
:20AF20000121002202B0BDE8F047FFF71FBC00BFBC011000E4001000003B10260C260C1827
:20AF4000B0B50C4601460220FFF75EF870B10546807F062812D12846214613F00BF8B5F881
:20AF600048002044A5F848000020B0BD07480022084926F0F6FF40F20520B0BD03480022B5
:20AF8000034926F0EEFF4FF43D70B0BD003B102668260C183C260C182DE9F0470446264857
:20AFA000994615460F46B0F830A02046FEF700FF172D30D37FB3064668B301203946FEF7BB
:20AFC000D9FF90B330460021FFF740F880B380460899AAF106001022A8F84E10012681B2CC
:20AFE00088F81D20A94255EA8080A8F8140040460021A8F81050A8F81870A8F84C90A8F8CB
:20B00000489088F81F60FDF793FD404604210022FFF7ACFB06E040F205222046002100267F
:20B020000EF04EFC3046BDE8F08740F20222F4E740F2F322F1E700BFE40010002DE9F843E2
:20B0400007460D46089E0220394698469146ADF80260FEF7D9FF044630B166B10DF102023C
:20B06000204640F2031119E01148012211493B4626F077FF14E00D48A4F84E80A4F84C901D
:20B08000008EA4F848900638258281B2A94255EA8080A082204640F201110022FFF766FB27
:20B0A000002C5FEA0F90BDE8F88300BFE4001000003B102690260C1810B501460220FEF73B
:20B0C000A3FF28B1052100220024FFF74FFB01E040F20524204610BDFEB5064806A22123ED
:20B0E000007801A9F8F742FF10B101A804F082FB06B080BD3C091000736D5F656E7472796A
:20B1000000000000F8B5BC4C214822492246F8F7F9FF0025D0B304F11000F8F701FDB74EB8
:20B120004FF4E260A0831C48A06196F82000A57758B11A49C0EBC000194A4D2300250F68F2
:20B1400001010020B847A06000B304F12800F8F7E7FC4FF6FF702086002084F8440040F2C0
:20B160000330A4F857004FF0FF30606296F8320058B10A4900EB4000094A6E2300250E68B3
:20B1800041000020B047206200B101252846F8BD3C091000D9B002041E01010024BE1300E2
:20B1A000FA24050480B50C4A8188918001210068106010F4007F51EA0191000701EAE07334
:20B1C00006480749537601F0C5FC11200021BDE880400CF005BE00BF340810000239102664
:20B1E000C0260C18FEB501F0E5FC04461B4800213A4603681A48984703461A481A49042292
:20B20000089FCDE90064029726F0ABFE2CB1A07C10281CBF206A002800D1FEBD817A0329A4
:20B22000FBD140682946102226F0A5FE67B12046022101F0E5FE204640F20251002203B00B
:20B24000BDE8F04004F082BA0120E084607900F58070BDE8FE4004F0FFBE00BF84AE13000E
:20B260000000302602391026E4260C18BCB50C460546102905D02846214604F0D5F900B175
:20B28000BCBD074800212A460368064898470346054806490222009426F063FEBCBD00BF71
:20B2A00084AE1300000030260039102634270C182DE9FF410F460646102942D030463946CE
:20B2C0001D46904604F0B0F9B8B304464B480078C00707D04848C068FA2802BF2046012117
:20B2E00001F08EFE206AD8B394F86B10D1B3217F042290F87D00434602904148CDE90051BB
:20B30000404901F034FC206A0027817A052940D002296AD1B8F1000F32D10021856780F8F3
:20B320007C1080F87410217F012956D190F87E00002859D02046032154E0152005210CF028
:20B340004FFD31480021324603683048984703462B482F490222009726F003FEBDE8FF81A2
:20B36000052742E0817A052918BF02293CD14068290C8170290AB8F1000F4170057026D072
:20B380002046012101F03CFE0027204640F201511AE0012D80F8747085670DD1217F0129D1
:20B3A00006D190F87F10F9B1016841F000510160204602F0AFF917E020460C2101F020FE10
:20B3C0000027204640F20C5101F0E2FB0DE00120E084607901F0C4FB06E090F87D0018B1D4
:20B3E00020460C2102F0C6FA00271520394604B0BDE8F0410CF0F4BC34081000E4001000B7
:20B40000003910267C270C1884AE130000003026E4270C18F8B50E460746102929D038462E
:20B420003146154604F000F918B30446006A68B394F86B1059B3817A052927D1002101223B
:20B4400080F874102B461B481B4901F090FB012D24D1207F012807D1206A90F87F10A9B17E
:20B46000016841F0005101602046BDE8F84002F051B9134800213A46036812489847034658
:20B480000C4811490222009626F06BFDF8BD094800220A49BDE8F84026F063BD20460C21A5
:20B4A00001F0AEFD204640F20C510022BDE8F84004F04CB90039102630280C1850280C187C
:20B4C00084AE1300000030267C280C182DE9FC41214F0D46064610292FD030462946144630
:20B4E000B84604F0A1F80746C8B13B6A5BB1987A022808D197F86C0028B13846214601F08B
:20B50000C9FF002010E0387F032297F86C10CDE900104046114926F024FD052004E010492D
:20B52000404601F021FB042031462A460CF0D4FC002F474601D0BDE8FC810A480021324607
:20B540000368094898470949034638460222009526F007FDBDE8FC8100391026F0280C1897
:20B56000C4280C1884AE13000000302630290C1810B586B0ADF8101040F203440A998DF842
:20B580000E1001688088ADF80C000B48ADF81220089A8DF80F20099A0078ADF8143040F2B5
:20B5A000E7138DF8162005A2ADF80440029101A9F8F710FC06B010BD3C091000736D5F6196
:20B5C000757468656E5F696E640000000C4991F85720887740B142F0040081F8570091F8D9
:20B5E000580040F0040007E002F0FB0081F8570091F8580020F0040081F85800704700BFDF
:20B600003408100010B5044628B1054821468722593026F0B0FC002C5FEA0F9010BD00BFAE
:20B620003408100040B180B5014604482722E03026F0A1FCBDE88040012070473408100070
:20B64000B0B5102927D0154603F0EEFF18B30446006A00B3012D0CD194F86B1099B1217FEC
:20B6600011B9012180F873102046BDE8B04000F013B801F083FA20464FF4A1610022BDE84D
:20B68000B04004F063B860790125E58401F068FA206AA0F88050B0BD10B50446006A1349BC
:20B6A000012290F87030104826F05BFC206A90F8701049B9607900F5807004F0F1FC80B116
:20B6C000206A012180F8701090F8732000203AB1022905D1204601F063FF01F03EFA00209D
:20B6E00010BD082010BD00BF0339102688320C18F8B501F05FFAE0B10446006A30B3817A5F
:20B70000012923D10021012280F874102B4615480126154901F02BFA012D18D16079E68408
:20B7200001F01EFA206A80F88060BDE8F84004F017BC0E4800213A4603680D48984703469B
:20B7400008480C490222009626F00BFCF8BD01F015FA204640F20C510022BDE8F84003F0D1
:20B76000F5BF00BF0039102678290C1884AE130000003026A0290C18034A8188D186006885
:20B78000C2F83200704700BF34081000411C1CBF0449884203D80449486200207047E32000
:20B7A000704700BF3F420F003408100001498876704700BF3408100010B50446007868B18D
:20B7C000204604F0DFFA70B1204604F095FA01460020002908BF40F2E25010BD2046BDE899
:20B7E000104004F0C3BA40F2E35010BD01494877704700BF34081000024A82F8581082F8E3
:20B8000057007047340810007CB50C46E0B10546154800212A460026036814489847009025
:20B820000222134823461349023026F09AFBACB16879C0280FD310490126A888A1F8420054
:20B840002868C1F83E0009E03CB1094801220B49234626F086FB00207CBD0026064880F87E
:20B86000446001207CBD00BF84AE13000000302600391026EC290C1834081000202A0C180E
:20B8800010B586B08DF8111040F20241ADF80410032401688088ADF80C0008488DF810307B
:20B8A0004FF43D73ADF80E2005A200788DF81240029101A9F8F78EFA06B010BD3C09100040
:20B8C000736D5F6C655F61757468656E5F72657100000000F0B585B0044613481546134A96
:20B8E0000F466121007840F2FD23F7F7B3FEC8B1064601303946402226F03DFB06F14100AB
:20B900002946202226F037FB4FF481603470ADF800006946064840F20A33044A03960078F6
:20B92000F8F758FA05B0F0BD00001000022505043C09100070B586B004461048104A0D4625
:20B94000212140F212330078F7F784FE98B1064601302946202226F00EFB40F20940347091
:20B96000ADF8040040F21F330648054A0496007801A9F8F72FFA06B070BD00BF0000100077
:20B980001D2505043C0910002DE9F0418EB0F9B10D46804611F044FB286011F041FB040AAC
:20B9A0000026B8F1020FA88014D0B8F1010F30D0B8F1000F63D144F0C0003FA1687101F058
:20B9C000D9F818B13EA101F0D5F8A8BB662032E0002662E00746012032A160F39F14284618
:20B9E00003226C718DF83760CDF83360CDF82F60CDF82B60CDE90866CDE9066626F0C5FA12
:20BA0000E0B129A12846032226F0BFFAB0B1E87816E004F03F00687100200622ADF82C008D
:20BA20000A900AA9284626F0B0FA18B120A101F0A1F808B977202870012620E08820E87060
:20BA40008DF8280019488DF82A408DF8297090F845405CB102AE00F147011022304626F00A
:20BA60008AFA0AA806AA314626F094FA9DF81A00002CA8705FEA0F96BDF818002880124815
:20BA800000212A460368114898470346104811490222CDF8008026F064FA30460EB0BDE8C1
:20BAA000F08100BF00004000FFFF7F0034081000FFFFFFFFFF3F00000000000000C0000053
:20BAC000FFFFFFFFFFFF000084AE13000000302602391026582A0C1810B550B10A4C014657
:20BAE000102204F1470026F046FA012084F8450010BD0548212180F846104FF48060BDE8AE
:20BB0000104004F0A9BA00BF3408100000B17047024A888890870868906370473408100032
:20BB200000B170470846114610F09CBEF0B587B00746104615460E4604F094F80446284836
:20BB400008213246036827489847CDE900570422254D234625490290284626F002FAD4B178
:20BB6000207F012819D10020CDE904002FB904A93046082226F009FAE0B11E49681C00F07F
:20BB8000F3FF2046132101F006F8A17C04F10C0011220CF086F907B0F0BD2046132100F070
:20BBA000FAFF04F10C00A17C112207B0BDE8F0400CF077B9206A0028DFD0C0788006DCD5B3
:20BBC0000B49681C00F0D0FF94F86B10608B11B104F15B0101E0216A4968F9F789F8DAE77A
:20BBE00084AE130000005026023910268C2A0C18D82A0C18242B0C181CB504F033F8C8B13D
:20BC0000044690F82400009002220B4823460B4926F0A7F994F8240020B1204640F2E95161
:20BC200000F0B6FF204604F0B5FA2046BDE81C4003F0B6BC1CBD00BF023910265C2B0C18D6
:20BC4000FEB515460F46064604F00CF8CDE900650446234E0422234923460297304626F047
:20BC600080F944B36DB9A079E179A27C8DE883000620002F08BF082004F10C01002303F049
:20BC80004BFFA068C7B140F0040094F86B3016490222A060206A0090304626F062F9206A71
:20BCA00090B14068842126F06BF900F07CFFBDE8FE4002F081B9FEBDFF2120F00400E180B2
:20BCC0002946A060204605E02046142100F063FF20460021002203B0BDE8F04003F036BDA6
:20BCE00002391026902B0C18E82B0C18F0B585B000F048FF0446AA48002132460368A9487B
:20BD000098470346A84EE87A2988F71CAA898DE8070038460422A54926F023F9002C28D048
:20BD2000E87A1138052800F28F80DFE800F0032A8D8D7180207F012840F086802888A36882
:20BD4000002840F0838013F4805040F07F8095F82B7095F82A00E071381F0428A77100F2C5
:20BD6000C080DFE800F003BBBEC5C80043F08100C5E097493046002205B0BDE8F04026F052
:20BD8000F0B8207F00285FD195F82B10A36894F8240094F81DC095F82A20039184498DE86B
:20BDA00005103846052226F0DCF82888F0B9A068C1041BD4810505D595F82B10042918BF9E
:20BDC000072909D094F82410082909D195F82B10072918BF042903D176490988090505D587
:20BDE00095F82A10627F914280F09280714F97F9030000283AD494F824000738012803D8CA
:20BE00002046052101F0FCF8204640F2EA5127E02888C8B904F12A0005F11001102226F038
:20BE2000AAF8012084F82800286AE0630CE0288850B905F1100304F140060FCB0FC601200D
:20BE400084F82900286A206505B0F0BD5E49304600F080FE608BF8F763FF20464FF4BD6136
:20BE6000002205B0BDE8F04003F070BC206A20B9204603F095FE002859D0204603F0FCFE04
:20BE80000546C0070CBF002003F01EFF4C490978C90716D1F978C3B23A7F000ACDE9020364
:20BEA000EDB2C1F380132046CDE9005201F00702012100F0AFFF204605B0BDE8F04003F091
:20BEC00005BCF96882390729E4D8DFE801F004393C3F4245484B05F01F05DBE743F083007E
:20BEE0000DE03A49304601223B4626F03AF807E03148184303E03048184340F00200A060CD
:20BF0000608B05F1100105B0BDE8F040F8F7F0BE95F82B30E171191FA371042928D8DFE88E
:20BF200001F00324272C2F0040F081002CE0638B30462449012205B0BDE8F04026F011B84D
:20BF400045F02005A6E745F04005A3E745F06005A0E765F07F059DE765F05F059AE765F0E9
:20BF60003F0597E765F01F0594E740F083000BE01249304600F0EEFD07E00F49084303E054
:20BF80000D49084340F00200A0602A8D05F12001608B05F1100305B0BDE8F040F8F730BEA5
:20BFA00084AE13000000302600391026202C0C18102D0C183408100081000100B82D0C18CF
:20BFC000E4001000702D0C18E42C0C18A02C0C18742C0C187FB500F0D5FD044632480021E9
:20BFE0003246036831489847E97A314E2A88AB898DE80F00F01C05222E49234625F0B1FFE2
:20C0000074B1206A60B1298899B100F0B7FD204640F2EB51002204B0BDE8704003F096BB7E
:20C02000254930460122234604B0BDE8704025F098BFE97A113905290AD8DFE801F0030A99
:20C0400010161C24416891F8802042F0010217E07FBD416891F8812042F0010218E0416897
:20C0600091F8802042F002020AE0416891F8812042F002020CE0416891F8802042F0040278
:20C0800081F8802006E0416891F8812042F0040281F88120016821F000610160204604B026
:20C0A000BDE8704001F088BF84AE13000000302600391026FC2D0C18582E0C182DE9F04F9D
:20C0C00089B0DFF8548307684568B8F83030D805CDE906750AD4580511D4D0480122DF49BC
:20C0E000023809B0BDE8F04F25F03BBFD8B203F085FA98B30446C68CD0F820A004E098F87B
:20C10000466000244FF0000AC4480122C549334600F1010B584625F024FF84B1A6F11100A6
:20C1200003282CD9082E4ED0022E5DD0012E40F06881DAF80400C0E904750220DCE0222EB0
:20C1400027D0212E40F05D812220C8F8477088F846004FF48060C8F84B50D1E0AF480122C3
:20C1600098F83030AE49023825F0FBFE4FF0FF30A8F8300009B0BDE8F04F03F0F1BEDFE84C
:20C1800000F0028EB6C2DAF80400C0E900751220B2E008F147040120A8F845000020012163
:20C1A0002246C8F84F70C8F853500CF045FD9E481021224603689D4898470346A649974832
:20C1C00000F0C8FC1DE106A803F07AFED8F824608146701C00F0C3809749584601223346A0
:20C1E00025F0BFFEB146BDE0DAF8040010218F4EC0E906758C4DDAF8040000F0CFFC90498E
:20C200000346584600F0A6FC94F86B00002800F0AF8002208AF880009AF88100032800F015
:20C22000EA80022800F0D380012840F0EA804FF00009DAF83C00CDE904990023CDE9029947
:20C2400000F14001DAF8042002AF0097103210F006FE2B68304610213A4698470346794984
:20C260006E4800F077FC78480078C0070DD0D8F80C00B0F5877F11BFB0F5827F0F20049009
:20C28000724802BF03907248029002AA2046032100F042FE00F061FC8AF88190B1E0DAF89B
:20C2A0000400C0E902750020E179E0840F2906D8DAF804000844C1F1100125F057FE5A4875
:20C2C0001021DAF804200368584898470346E079009002225749514825F043FEDAF8042072
:20C2E0002046062100F018FE00F037FC33E0DAF80400C0E904751420E084607900F5807027
:20C3000003F0AAFE7DE0DAF80400474907830020E084DAF804000B68082100F11002068BAB
:20C320004248984700900222414933463B4825F018FEDAF8040000F11002018B204600F074
:20C34000ADFE00F00AFCDAF80400E1798176DAF80400A179C176204601F02EFE51E019F130
:20C36000010057D094F86B00B0B1CAF8789021E00320E084DAF8040002AE00F110022046FC
:20C38000314603F00BFD60793246DAF8041000F5807003F0B3FD34E0DAF8040080F800907A
:20C3A0004FEA1920DAF8041048704FEA1940DAF8041088701948012220494B4625F0D1FD9C
:20C3C000A27C04F10C0049460BF03BFD19E0DAF80400102100F0E2FB03461E490F4800F0B8
:20C3E000B9FBDAF80400042100F11002204600F093FD00F0B2FB204601F03EF900208AF8D8
:20C4000081004FF0FF30A8F8300003F0A9FD09B0BDE8F08F08206FE73408100002391026AC
:20C42000982E0C18242F0C1884AE13000000502694300C1860300C18EC2F0C1828300C1889
:20C44000502F0C18842F0C18E40010000A0D0C0F0B090B0BB82F0C18C8300C18DC2E0C18BD
:20C460007CB50D46064603F0FDFB04461348144903222346CDE9006525F073FD84B17DB966
:20C48000206AA16841F00401A16050B14068842125F076FD00F087FBBDE87C4001F08CBDEF
:20C4A0007CBD2046142100F076FB20460021002202B0BDE8704003F049B900BF0239102672
:20C4C000F4300C182DE9F0418AB006AD01461022284625F050FD794E338ED80507D47A4895
:20C4E00001227E490AB0BDE8F04125F03ABDD8B203F084F868B10446C08C0338042800F2B5
:20C50000C280276ADFE800F003143D4D7000042038E096F8303001226B486F4925F021FD95
:20C520004FF0FF3030860AB0BDE8F04103F018BD786806AD2ECD20302EC010210020E084FE
:20C540005F480368786800F120025E48984703465D486049012200F00AFB386840F0805101
:20C560003960217F19B110F0200000F08C807868032100F12002204600F0CEFC00F0EDFA8E
:20C5800081E00620E08402AD06AA2046294603F039FC60792A46796800F5807003F0AEFCA8
:20C5A00071E000200DF11808E084102144484246036844489847034643484549012200F0F8
:20C5C000D6FA7D684146102205F1400025F0DDFC002860D02046042100F012FD204640F24F
:20C5E000045100F0D5FA4EE0E1790020E0840F2904D86818C1F1100125F0B8FCB87A0421A4
:20C600006FF081020138032851EA2191A1714FF0010138BF0321032838BF6FF08302A0686B
:20C6200010400843A06026481021036806AA25489847E1790346A0790322CDE90001224857
:20C64000224900F094FA386840F000503860207F80B1786806AD2ECD2EC0F878400612D550
:20C66000206A016821F0804101607968608BF8F73FFB08E000200022CDE90200608B02A927
:20C6800006ABF8F7BDFA4FF0FF30308603F068FC0AB0BDE8F081207F012807D105F1100250
:20C6A0002046042100F038FC00F057FA0720E08402AD2046294603F0EBFB6AE73408100005
:20C6C00084AE1300000050260039102648320C1810320C18D8310C1844310C188C310C1885
:20C6E000B0B50446006A90F8711031B1022914D12046BDE8B04001F057BAC16B00F11902F1
:20C700006379403103F5807003F004FD38B1206A0121002580F8711008E000250DE00F48EC
:20C7200000220F4925F01DFC206A0825817A022904BF90F88400002801D02846B0BDA17CB4
:20C7400004F10C0094F86C200BF055FB206A012180F8841080F87410EFE700BF00391026BD
:20C76000B4320C182DE9F84F414E0D464149074606F10208914601223B46404625F0F1FB96
:20C78000DFF8F4A0BAF83030D80507D43F493046012201B0BDE8F04F25F0E3BBD8B202F07F
:20C7A0002DFF4FF6FF7BD8B3D0F820B004469BF87030012B3DD1002F44D0DBF83C002946F3
:20C7C000402225F0D8FB206A49462022193025F0D2FB022001218BF87000206A80F88010C0
:20C7E0009BF80A00012808BF08216079E18400F0B7F99BF873004FF6FF7698B3204600F044
:20C80000CFFE00F0AAF9207F01282BD11D49404600F0AAF92046FFF763FF0546C8B921E0EA
:20C820009AF830303046184900F094F9AAF830B01AE01249304600F08DF94FF6FF70AAF899
:20C84000300011E00E49304600F08EF908254FF6FF762046294600F0D3FB05F5A061204698
:20C8600000F096F9AAF83060BDE8F84F03F078BB00391026DC320C183408100044330C186D
:20C8800010340C18C8330C1804330C1880330C18F8B5324F06463B8ED80507D43048012249
:20C8A000334901B0BDE8F04025F05BBBD8B20D4602F0A4FEC0B10446006A90F87130012B60
:20C8C00017D10EB30221202280F871104030294625F051FB206A90F87D10E1B1204601F089
:20C8E00063F90546206A17E097F830301C481F4901E01B481B4900F02DF94FF0FF3038866B
:20C90000BDE8F84003F02CBB15480022164925F028FB08250EE0002590F8721051B1406856
:20C9200000F13001204601F065FA0546206A002180F872104FF0FF30388603F011FB5DB1F6
:20C940002046294600F05CFB05F5A06120460022BDE8F84002F0FABEF8BD00BF34081000F1
:20C960000039102680340C1800350C183C340C18B8340C182DE9FF470E4601461846904648
:20C9800050F8092F02928288ADF80C2009B1BDE8FF8710F8017C1D46394602F0C9FD00287C
:20C9A000F5D0DFF82C910446297807F0FE02217799F81D104683687861770021ADF804108B
:20C9C000022A009104F15401607606D1B5F8192001278A80D5F8152003E0BDF80C208A80BB
:20C9E000029A0A60032884F85A7058D8DFE800F002091330B9F83600A4F81700D9F83200EE
:20CA00004BE0B8F1000F42D030460FF00DFFC8BB3048324958E005F10F066846062231469A
:20CA200025F0B3FA00281FBF012060763068C4F8130011BFB08800206870607602BFD9F868
:20CA40003200C4F81300B9F83600A4F8170026E005F10F074FF0010A68460622394684F80E
:20CA600019A025F092FA20B1B888A4F81700386813E0B8F1000F85F801A008D030460FF0E2
:20CA8000D3FEF8B18188A4F81710006805E0B9F83C00A4F81700D9F83800C4F8130099F8FA
:20CAA0001E0000283FF473AF04F10C05A17C162228460BF0F6F9A17C284615220BF0F1F981
:20CAC000BDE8FF870348044900F04EF8E7E700BF340810000039102660350C1824350C18DF
:20CAE00080B502F0A1FD38B1014690F82800002818BF01F12A0080BD002080BD80B502F0B5
:20CB000093FD38B1014690F82900002818BF01F1400080BD002080BD80B502F085FD08B177
:20CB2000C06B80BD002080BD10B5144602F07CFD00B1C46310BD80B502F076FD08B1006D41
:20CB400080BD002080BD10B5144602F06DFD00B1046510BD012225F004BA204602F0B6BD18
:20CB600000F5807003F078BA002225F0FAB9033025F0F7B92846062225F007BA20460821CE
:20CB800000F03EBA817A061D0546304602F04CBD002202F0DBBD002202F064BF2B6800F16C
:20CBA000100230461847206A016821F0405101602046704715460E46074602F035BD00009B
:20CBC0002DE9F0419AB0214801684FF480608847204E1F4F30683D7980471F4C0222CDE9CA
:20CBE00000012B461D49204625F0BBF9387902280ED0012816D10AAD0DF108080022284610
:20CC0000414611F09BF829464246FEF763FE09E00AAD781D07F145012A4611F0F3F829466E
:20CC2000FEF788FE30683D798047CDE9000120460B4902222B4625F094F9002038600948B3
:20CC40000168002088471AB0BDE8F081F0BD1300E801100004BF130003391026A0350C18A2
:20CC6000BC350C1810BF13001CB50D4C206840B10C4800220C4925F074F90C49206809687F
:20CC800088470B4800230F4A04680A48B0F87C10B0F87E00CDE9001007A10148A0471CBD67
:20CCA000E801100000391026DC350C1810BF13000CBF1300E4001000534D5F53435F54419A
:20CCC000534B0000C1CB020480B506480022064925F047F9054801210171BDE88040FFF79F
:20CCE000C3BF00BF03391026FC350C18E801100070B50C460546DF4800220A4925F031F996
:20CD0000094E0220294640223071701D25F033F906F145002146202225F02DF9BDE87040E5
:20CD2000FFF7A2BF0C360C18E8011000B0B5006A054D4468A8472065A8476065A847A06554
:20CD4000A847E065B0BD00BF21D0030410B50446022807D8054801220549234625F001F92D
:20CD600004484476032C5FEA2F9010BD023910261C360C18340810000149C860704700BF8E
:20CD80003408100001490877704700BF34081000F0B587B00446084301D100252EE0042B17
:20CDA0009CBF0C98042801D9042527E0DDF834C02AB1154F00EB80053D44ED5C0CE0114EB1
:20CDC00000EB800701253E44BCF1000F55EA1595F65C062E55EA06850426BCF1000F18BF87
:20CDE00000268DE80E00042D56EA05850722CDE9030C23460548064902F02BFB284607B05F
:20CE0000F0BD00BF602305047F230504033910263C360C182DE9F04F8BB00546D0F8208024
:20CE200030481F46164605F10C020C46002103682D48984703461798059007222B482C49E5
:20CE4000DDF858A0DDF854B0DDF85090CDF810A0CDF80CB08DE8C00225F083F8254826A285
:20CE60002321C92302F0C1FAC0B3179980F822104FF48061ADF818100721ADF82010022CEC
:20CE8000244980F821A080F820B080F81F9087774677099000F81C4F0791698B0A910AD0C5
:20CEA000012C15D10168D0F80300C8F80E000120C8F80B1007E00168D0F80300C8F8150071
:20CEC0000420C8F81210D8F800100843C8F800000620ADF8220006A902F084FA0BB0BDE8F5
:20CEE000F08F00BF84AE13000000302603391026B8360C1800001000736D5F73656E645F7D
:20CF000070616972696E675F65786368616E67650000000001001C00F0B587B00546076AD0
:20CF200022480C46102116460368214898470090022220482346204925F013F81F4820A2BE
:20CF40002D2140F2111302F050FA68B300F11D01102204772AB116F8013B013A01F8013B85
:20CF6000F8E705904FF48060ADF808001120ADF8100019480390688B0690E01EC1B2082968
:20CF80000CD840F22B1222FA01F1C90706D040B212A151F820003968084338600620ADF82D
:20CFA000120002A902F01EFA07B0F0BD84AE1300000050260239102640370C18000010006F
:20CFC000736D5F73656E645F3132386269745F76616C75650000000001001C001000000086
:20CFE0004000000040000000000400004000000000400000400000004000000000000400A9
:20D0000070B586B00446194804F10C020D460021036817489847034616481749022200952A
:20D02000022624F09EFF154815A21E214FF4AE7302F0DBF9B8B1052145770177049002F051
:20D04000E4F915480290608B0590206AADF80C6018B1016841F4807101600620ADF80E0057
:20D0600001A902F0BFF906B070BD00BF84AE1300000030260339102670370C1800001000D2
:20D08000736D5F73656E645F70616972696E675F6661696C0000000001001C002DE9F043FD
:20D0A00087B0244E1546244F00F10C028946804633680021384698473368044607F500105B
:20D0C00008212A469847CDE9009003221B4823461B4924F046FF1B481BA2272140F29513A2
:20D0E00002F083F910B30721082201774FEA1921817700F11F0180F81D9012B102F07CF96A
:20D10000FBE705901648049016480390B8F81A000690D8F82000016841F4805101604FF452
:20D120008060ADF8080002A902F05CF907B0BDE8F08300BF84AE13000000302603391026D5
:20D140009C370C1800001000736D5F73656E645F6D61737465725F6964656E740000000081
:20D160000B00060001001C00B0B586B00446154804F10C020D4600210368134898470346DA
:20D18000124813490222009524F0EBFE114812A21E214FF4E17302F028F980B10B21457714
:20D1A0000177049012480390124802F046F941F48011016002F029F901A902F013F906B052
:20D1C000B0BD00BF84AE13000000302603391026D0370C1800001000736D5F73656E645F93
:20D1E00073656375726974795F726571000000000200060001001C002DE9F04186B01E4C04
:20D2000000F10C021D4E0D46804600212368304698472368074606F5001010212A46984727
:20D220000090022216483B46164924F09AFE164816A22D214FF4F67302F0D7F8C8B10821DD
:20D2400002F00AF912B102F0D7F8FBE704901120ADF80C0012480290B8F81A000590D8F8E2
:20D260002000016841F4804102F0DEF801A902F0B9F806B0BDE8F08184AE130000003026B3
:20D280000339102604380C1800001000736D5F73656E645F6964656E745F696E666F000045
:20D2A00001001C002DE9FE430C461C49154601F13202226000222A70427E82B1027E02F01F
:20D2C00080024032402A05D191F84420012A06D13E3101E000F11301216001212970DFF8C3
:20D2E000409000F113020F4F002190F81980D9F8003038469847D9F8003006462268384605
:20D3000000212D78984702900422074843460749CDE9006524F025FEBDE8FE8334081000C4
:20D3200084AE1300000030260339102630380C1870B586B0044618480E4600211546036814
:20D34000164898470090022215483346154924F008FE154815A224214FF4117302F045F83F
:20D36000B8B109210622017700F11E01467712B102F042F8FBE704900820ADF80C00114816
:20D3800002F05BF841F4803102F04EF801A902F029F806B070BD00BF84AE13000000302630
:20D3A0000339102680380C1800001000736D5F73656E645F6964656E745F616464725F69F1
:20D3C0006E666F0001001C002DE9F04186B0264D00F10C02254E8846044600212B68304649
:20D3E00098472B68074606F50010102142469847009002221E483B461E4924F0B2FD1E48A0
:20D400001EA22D214FF41C7301F0EFFF48B30A2102F022F843462AB113F8015B013A01F81C
:20D42000015BF8E704901120ADF80C001022184802F003F841F4802101604FF480604146DB
:20D44000ADF8040004F12A0024F095FD0020E063012084F828000620ADF80E0001A901F0C2
:20D46000C1FF06B0BDE8F08184AE13000000302603391026B0380C1800001000736D5F7345
:20D48000656E645F7369676E5F696E666F00000001001C00B0B586B00D4604460F4801226B
:20D4A0000F492B4624F05DFD0E480FA21E214FF4287301F09AFF70B10E214577017704906F
:20D4C00001F0A3FF1148039011480290608B059001A901F087FF06B0B0BD00BF03391026ED
:20D4E000DC380C1800001000736D5F73635F73656E645F6B657970726573735F6E6F7469D8
:20D500006669636174696F6E000000000200060001001C00B0B586B0044614480D461021D4
:20D520002A4603681248984703461248124901F071FF124812A22D2140F2C92301F055FFB9
:20D5400090B10D2101F088FF12B101F055FFFBE7049001F05AFF1048039010480290608B5C
:20D56000059001A901F03EFF06B0B0BD84AE1300000050260339102614390C18000010006D
:20D58000736D5F73635F73656E645F64686B65795F636865636B00001100060001001C0068
:20D5A00070B586B00446264826A25D2140F2ED2301F01BFF002840D00546049027480390AC
:20D5C000608B059001F021FF25480290206A817A032915D1234E1930202206F1800124F09C
:20D5E000CAFC206A06F1A0014022C06B24F0C3FC206A06F1F10110224068403024F0BBFC5B
:20D600000C200021287705F11D00402906D0226AD26B525C013100F8012BF6E71248402167
:20D620000368206AC26B1148984703461048114901F0F0FE01A901F0D5FE06B070BD00BFA6
:20D6400000001000736D5F73635F73656E645F7075626C69635F6B657900000041000600CF
:20D6600001001C003408100084AE1300000050260339102638390C1870B586B0016A04466F
:20D6800091F87C204E68C86B896F02AD0095D14006F1100241F0800101F0810300F14001CD
:20D6A0000FF0DDFB134810212A4603681248984703461248124901F0ADFE12480078C007C0
:20D6C0000DD01148C068B0F5877F11BFB0F5827F0F2004900D4802BF03900D48029002AACC
:20D6E00020460321FFF718FC01F08CFE002006B070BD00BF84AE130000005026033910262C
:20D7000064390C18E4001000340810000A0D0C0F0B090B0B2DE9F04F97B0D0F8209004464E
:20D720000021D9F80400CDE90C1100F1300800F1100A99F80A00CDE90A11411E022903D221
:20D74000D9F878000A900CE003280AD199F88300012806D03B48102200F1E1010AA824F093
:20D760000AFCB4F817002646ADF8540056F8130F1490607E8DF85600606D1290B4F858003B
:20D78000217FADF84C0094F85A0000298DF84E0009F1130008BF09F10C002B4F0188807841
:20D7A0008DF85A002748294D3B6800F13202ADF858100621284698473B680621099028468B
:20D7C000324698473B680646A07C102106902846524694F819B098473B681021CDF820A08D
:20D7E0008246284642469847CDF81C8080463B680AAF284601F035FE06990722CDE9021ADD
:20D80000CDE9048012481349099BCDE9006B24F0A8FB0EAD12A814A916AACDE9020509F1F3
:20D820006000CDE900213B46DDE907210FF088FB20462946FFF76EFE01F0E4FD17B0BDE84B
:20D84000F08F00BF3408100084AE1300000050260339102684390C182DE9F04F91B0044650
:20D86000006A227F4168A2B1B4F85820ADF84020D4F81320636D0D92B4F8172094F85A50F1
:20D880000F9304F11903ADF8382001F11002303112E0B4F8172004F15A03ADF84020D4F87B
:20D8A00013200F92626D0D92B4F85820ADF8382001F13002657E10311B7800F140078DF86D
:20D8C000425000F160058DF83A3009AE08950DAB8DE868000FAB38460FF0DCFA04F15B002B
:20D8E00031461022079024F046FBDFF8748006211C481D4ED8F8003000F132023046984758
:20D90000D8F8003004F113028346304606219847D8F800300546304620213A4694F8129008
:20D9200094F819A09847D8F800300446089A304610219847D8F800300746079A30461021BC
:20D940009847CDE90470072208485B460849CDE9005ACDE9029424F004FB11B0BDE8F08FFF
:20D9600084AE1300340810000000502603391026103A0C182DE9F04F87B0066A044696F8EC
:20D980007C00142805D362486C49033001F030FDADE0032941D0042949D1B36F0DF10C0A00
:20D9A0007268F16B23FA00F0303240F08000CDF800A000F0810701F140003B460FF04FFA3A
:20D9C000DFF85C91102157485246B56FD9F8003096F87C8083469847CDE9005804224C4DF7
:20D9E0003B46514905F103080290404624F0B9FA70685146102200F14007384624F0C5FA02
:20DA0000E8B3D9F80030584601F02BFD47490346284601F0FFFC042569E0B07A02281AD1CF
:20DA200096F87400B8B13A483A490230AEE7207F01285BD03648012296F880303E49033023
:20DA400024F08FFA96F88000012832D0022812D00120E08444E0217F2D4871B396F88030C4
:20DA600003302D490122012524F07BFA96F88000A8B302281DD12046FFF7FEFD36E096F8AF
:20DA80007C00013086F87C00C0B2142804BF2046FFF7E2FE207F012819D12649404601F09A
:20DAA000A7FC706801F090FC01F0ACFCA6F880501DE0032086F8810018E01849033001F0CB
:20DAC00097FC706801F080FC01F09CFC0FE096F87C0014280ED12046FFF71CFE06E0E5840C
:20DAE00001F06DFC40F20130A6F880000025284601F0C9BC0E49404601F07AFC0120E08479
:20DB000001F05DFC40F20130A6F88000EFE700BF00391026043C0C18703C0C18303C0C1872
:20DB200084AE130000005026E03A0C18403B0C18B83B0C18783B0C18AC3C0C18A83A0C184D
:20DB4000B0B5056A0446A87A0138012805D820460321BDE8B040FFF70DBF207F00B1B0BDA8
:20DB600095F8800070B1022815D10D4800220D4924F0F7F9686801F027FC2046BDE8B040B7
:20DB800001F0A4BD0120E08401F019FC40F20120A5F88000B0BD022085F88100B0BD00BF7F
:20DBA00003391026D43C0C182DE9F04F87B0DFF814828346046A2021834DD8F8003004F189
:20DBC0004002284698470746E06BD8F80030402100F1400228469847D8F8003004F119022D
:20DBE0000646284620219847CDE900600322774E3B467749304624F0B4F9A07A01281BD0A5
:20DC0000032820D0022867D19BF81C00012840F0C28094F88400002840F0CF809BF81210D1
:20DC20000BF10C009BF86C200AF0E5F8012084F8840084F87400C0E058460C2107B0BDE80E
:20DC4000F04FFFF797BEDBF8200090F8831001F0FE01022977D1C06B03A9009100235D4998
:20DC6000403001F1E10901464A460FF0F8F8DBF820001021D8F80030C06B00F140022846A2
:20DC80009847D8F800308246284610214A4698470746D8F80030284603AD10212A469847E4
:20DCA0004D490322CDE900703046534624F059F9484829461022F13024F067F9002842D00E
:20DCC000584604210425FFF79BF9584640F20451002201F03BFD71E09BF81C0000286CD0FA
:20DCE00094F88030022B61D162680023E06B03AF1032009700F140010FF0B1F8D8F80030EC
:20DD0000284601F0AEFB37490346304601F082FB35480078C0070DD02E48C068B0F5877F6C
:20DD200011BFB0F5827F0F200590304802BF04902F48039003AA58460321FFF7EDF85846EA
:20DD400001F0C4FC39E09BF81C0098B9234E6568B0472861B0476861B047A861B047E8613B
:20DD60000421606800F110025846FFF7D5F8584601F0ACFCDBF82000002590F883000228CE
:20DD80001CD11448C0F86650C0F86250C0F85E50C0F85A5012E094F8740070B92078C00621
:20DDA0000BD458460C21FFF7E5FD06E00C49012084F88100304601F02DFB0025284601F075
:20DDC00062BB00BF84AE13000000502602391026043D0C1834081000503D0C1821D00304E1
:20DDE000D43D0C18A03D0C18E40010000A0D0C0F0B090B0B2DE9F04F87B0066A0446002037
:20DE00008A460690B07A411E012906D82046042107B0BDE8F04FFFF7ADBD217FC1B14648E5
:20DE20000022464924F09DF8206A807A032809D1434D7768A8473861A8477861A847B86138
:20DE4000A847F861706801F0BFFA01F0DBFA31E003282FD0F16B5246002302AF01F14000FD
:20DE600000970EF0FCFFDFF8DC901021364D3A46D9F800302846984703462F4833490122EE
:20DE8000834624F06EF870683946102200F14008404624F07AF868B1D9F8003028461021B8
:20DEA000424698472A490346ABF1020001F0B2FA04203EE02046FFF7CFFC206A807A0428EB
:20DEC0000BD8012101FA00F010F0190F05D0207F70BB2046FFF71EFC2AE0207FF16B40B11F
:20DEE000726806A8009001F1400002F11003524609E0706801F1400306AA009200F11002FF
:20DF00000846194653460FF05BF8206A807A03280ED0A17C04F10C00069A09F0CEFF069BB7
:20DF20000122054801240B4924F01BF886F87440002001F0A8BA00BF02391026943E0C1806
:20DF400021D0030484AE130000005026243E0C185C3E0C18C03E0C18006ACA070DD18A07FE
:20DF600004D5026813040DD592030BD5490702D58078000706D5012070470268130501D5BF
:20DF80009204ECD400207047006ACA070DD18A0704D5026853040DD5D2030BD5490702D552
:20DFA0008078400706D5012070470268530501D5D204ECD4002070472DE9F04F8DB004468E
:20DFC0000822217FD4F82080012952EA0291807C18F801A052EA129118F80170102807D0F6
:20DFE00094F86B00002845D098F88200002841D0002094F80690CDE90A0004F15B01ADF8AA
:20E000003000102294F807B006A823F0B4FFD8F8040006AD3E460AF0FE0A2ECD80F81B90BC
:20E0200080E82E000A9901610B994161BDF83010018380F81AB0206ADDE90A2CDDE90631C1
:20E040004068DDE90875C0E90731BDF8301047623746C0E90A5206F0FE07C0F830C080F8B9
:20E06000379080F836B08186D8F8000040F47050C8F80000D8E90030052290F8801090F838
:20E080008100CDE9007ACDE902108048804923F068FFD8F80050280100F1F58068050FD5FC
:20E0A000E8040DD5D8F8043093F88000C00707D1A17C00201122CDE9002004F10C000EE0AF
:20E0C00028050ED5A8040CD501F0D8F9C00708D100201223A17C01F0CCF902F11C031C22C9
:20E0E0006AE0680437D5E80335D5D8F8040090F8800080072FD467480DF1180900251022DE
:20E1000000F1470148460A95CDF82B5023F033FF05A90DF113022046FFF7C4F805984B460D
:20E120009DF81320818800680A901320ADF82C10A17CCDE9000504F10C008DF82E20172213
:20E1400009F08BFED8F8000040F00060C8F80000D8F8005038E0280410D5A8030ED501F055
:20E160008DF980070AD400201423A17CCDE9003002F1380304F10C0017221DE068030DD5A8
:20E18000D8F8042092F88000400707D400201523A17C01F06EF902F150030CE0280313D54D
:20E1A00001F06CF940070FD4A17C0020162301F060F902F16803182209F04FFED8F8000071
:20E1C00040F00065C8F8005028015CD494F81C90B9F1000F05D120465146FFF7BDFE0028A4
:20E1E00051D0F80720D1B80722D515F480401FD1284800F147012046FEF7FEFF98F802000C
:20E20000C0070AD106A905AA2046FFF74BF8069A20469DF81410FFF78BF8780717D598F82C
:20E220000200400709D512E0680513D4112014E0780716D515F4802013D12046FEF776FD87
:20E24000206A406800F150012046FFF7BDF801F0FAF818E0E804C6D41320E08401F0AFF8A9
:20E2600011E0B9F1010F04D120465146FFF774FE48B120461521002201F0F4FB204600219B
:20E28000002201F063FA0DB0BDE8F08F02391026E03E0C18340810002DE9F04F8BB00F4649
:20E2A0000446D0F8208001F00FFD0890204601F0E3FC97F802B0454697F804A00646BA7963
:20E2C000787897F80390797955F80B3BCDE9000BCDE9029ACDE90912CDE904120722D148B5
:20E2E000DFF8841323F03DFE207F012832D198F80000800730D4A07C10280FD0DFF86C0303
:20E30000407E022808BF19F008007CD05FEA897004D1DDE90901084340F0938020461221E3
:20E3200000220796002601F09DFB3868D7F80310C5F803102860D8F80000CC4F40F0020078
:20E34000C8F80000787E10B15FEA097006D484F86B601CE00825ADE00925ABE000200126AD
:20E36000A8F88000F87884F86B6000F00700B97E0328079808BF00F0F300002940F00800C3
:20E38000079008994FF6FE6018BF0140089104F10C05A17C3246284601F0E3FB94F8240069
:20E3A00030B9092084F82400A06840F4A850A0600A98F97888F809000998079E88F808000D
:20E3C00048B2B0F1FF3F01DD052573E00020A26888F80A00388802F4007200F004008018A1
:20E3E00094F86B205FEA0F907AB1BBF1010F12D10320490688F80A004FF0030158BF0121DC
:20E4000088F8831025E0032554E0BBF1010F04D14B0602D51AE04B0615D4AC4698F80E50BB
:20E42000002698F80C30CDE9003601F0070305F00401002A5FEA0F92079E6546FEF7A8FC0C
:20E4400005E00A2536E0022088F88300032088F80A005FEAC96104D5F10644BF012184F8DC
:20E460006C10F97898F80C2001F0070194F86B300290CDE9001204227D497A4823F071FD4A
:20E4800094F86B000A9A70B198F80A00022805D0012804BF002088F87C0004E00020C8E96A
:20E4A0001E0088F87400607F824502D3BAF1100F04D9062528460BB0BDE8F08F387F824532
:20E4C0005AEA3080E071A07C102801D1A9460CE05FEA897003D0B00701D0012002E0002135
:20E4E00000200891A94688F8820000920322089D01955C485F49099B824623F032FD98F8F6
:20E50000091098F80800294088F8091000EA1520FA78C9B288F808003B7F0491C2F380151B
:20E520005549CDE9023002F0070350460622CDE9005623F016FD51480078C00722D1F8782E
:20E54000F5B298F80930397F98F80820CDE9022300F00702C0F38013CDE900512046022131
:20E56000FEF758FC00F04EFF94F86B1098F80A20C9B1002A27D0032A2AD10220002588F8CA
:20E58000700097E7F8688C380D28D8D8DFE800F00844474C4F52555807075B5E6164CEE75F
:20E5A00006F01F06CBE7032A48461AD0022A1CD0012A26D10820E08400F001FF01200025ED
:20E5C000A8F8800076E7A17C484609F020FC47E0002088F8730020460BB0BDE8F04FFDF7CB
:20E5E0005BB8A17C09F016FF3AE0A17C94F86C2009F001FC0120002588F8840088F874005A
:20E6000058E7D8F804100025C1E90055C1E90255A17C09F0FCFB4DE746F020068FE746F069
:20E6200040068CE70239102646F0600687E766F07F0684E766F05F0681E766F03F067EE73D
:20E6400066F01F067BE72046032107E02046082104E02046052101E020460921FEF7D0FC3B
:20E66000002527E702391026343F0C1834081000C43F0C1810400C1860400C18E4001000C0
:20E680002DE9F04F8BB0076A8346AD480E46497808223B68407E96F802A0F57896F804905C
:20E6A00096F80580B4798DE80304A648A6490230CDE90359CDE905840A9023F052FC3946C4
:20E6C00051F8120B00F0090001281DD1CDF8248005F00800DFF86882D446CDF8209098F87E
:20E6E0001920022A08BF002815D03268D6F80330C1F803300A60B97B09070ED400223E4624
:20E70000DA468BF86B201CE0904900228D4823F028FC08276FE003276DE098F819100029F1
:20E72000ECD00028EAD000200122A7F880003E46DBF80800DA468BF86B2040F40070CBF8E5
:20E7400008009AF812100AF10C00E146079001F008FAB07B3746C10604D5E90644BF0121E9
:20E760008AF86C103968099A41F008013960397C11403972797C98F803202140797251B2DC
:20E78000B1F1FF3F01DD052735E00021B9729AF86B1051B1B9F1010F0DD10320B8725106E3
:20E7A00058BF012087F883001DE0B9F1010F04D1520602D515E0520610D47E7D01243B7B5D
:20E7C0000029FA7C00F0040006F00401CDE900245FEA0F92DA46FEF7DBFA03E0022087F879
:20E7E00083000320B87208999AF81D00814201D3102904D9062738460BB0BDE8F08F98F832
:20E800001C00814251EA3080B97B15F0030F8AF807005FEA0F9011F0030F5FEA0F9108402E
:20E8200087F882004A480A9D0078C0070CD19AF86B10B87AB1B1032836D8DFE800F00231BE
:20E84000263E00F011FE5CE0D8F80C00A0F58C700528ECD8DFE800F003484B4E51575046E2
:20E8600003214CE0032853D0022857D001285DD10820AAF826009AF8050000F5807001F0F5
:20E88000EBFB0120A7F880003BE00020C7E91E0000F0C3FD012087F8840087F8740003E09F
:20E8A000002087F87C00B867012087F8730050460BB0BDE8F04FFCF7EFBE022087F8700025
:20E8C0005046FEF76DFE504600F000FF9AF81C00012816D11F4928460022002723F041FB91
:20E8E0005046FDF7FDFE86E75046082107E05046052104E05046092101E050460121FEF792
:20E900007FFB002777E750460221FEF779FB8EE79AF81210079809F07DFDF2E700F07DFD58
:20E92000012087F8840087F87400EAE778680027C0E90077C0E9027700F096FD5BE700BF22
:20E940003408100000391026DC400C1874410C18E400100098410C18F8B50446006A90F809
:20E960007D200AB10020F8BDC06B01314022403023F001FB206A012180F87D102F49097882
:20E98000C90706D02C49C968B1F58F7F01D10220F8BDC06B40300FF061FA00B3276A28A1CC
:20E9A0004022FD6B05F14006304623F0EEFAC0B1207F012817D197F87030012230480125CF
:20E9C000304923F0CEFA206A90F87010022929D12046FEF7E5FD00F015FD276A09E00B2048
:20E9E000F8BD0A20F8BD30462946202223F0CDFAD8B197F87100022819D00028B2D197F8AC
:20EA000070000228AED1F96B07F119026079403100F5807001F07EFB38B1206A012180F8C0
:20EA200071109FE780F873509CE70820F8BD2046BDE8F840FFF7B8B834081000E40010004B
:20EA4000E69D350E480103CCDBFDF4AC1191F4EFB9A5F9E9A7832C5E2CBE97F2D203B020CF
:20EA60008BD28915D08E1C742430ED8FC24563765C15525ABF9A32636DEB2A65499C80DCCA
:20EA800002391026D8410C182DE9F04F97B0D0F820A00024CDE915448046CDE9134401316C
:20EAA000DAF804B013A8102223F065FA4646DFF8A89156F8130F00211190B088ADF848007E
:20EAC000B0798DF84A00D6F841000F90B6F84500ADF8400096F847008DF842005F48D9F8A4
:20EAE0000030A0F500175E4800F1320238469847D9F8003005463846002132469847B279A5
:20EB00002B4616F8011C0291CDE90002042255485549023023F025FA717A0AF10C000C94B7
:20EB20000BF11007002908BF0AF1130081780BF1300600880D94ADF838009AF80A008DF872
:20EB40003A10411ECDE90A44022903D2DAF878000A9007E04249032804D15A310AA8102243
:20EB600023F009FA06AD11A80FA90EAACDE902050AF16000CDE900210AAB31463A460EF00A
:20EB8000DFF913A82946102223F0FFF960B3334C1021D9F8003006AA20469847D9F800307C
:20EBA00013AA8046204610219847D9F8003005462046102132469847D9F80030064620466F
:20EBC00000F04FFCD9F800300AAA0746204610219847039005222549434622488DE8E00012
:20EBE00023F0BFF90B2533E09AF80A00072110F0FB0F51EA019088F8060098F81C00012812
:20EC000007D19AF87400C8B1012000258AF87F001EE00025CDE90455DAF8000040F00050D2
:20EC2000CAF80000404600F0C8FCB8F81A0008F15B0304A90022F5F7E3FF09E04046FEF7B6
:20EC400069FDDAF80000002540F00050CAF80000284617B0BDE8F08F84AE13000000502601
:20EC6000340810000039102610420C1880420C182DE9F04387B0DFF8209100F10C02474EE1
:20EC80000D468046046AD9F80030002130469847074606F500106E1CD9F8003010213246EA
:20ECA0009847009002223E483B463E49851C8146284623F056F9A27A206898F86B10CDE996
:20ECC000001200F0800338492846032223F049F92078000606D598F86B00E0B1A07A0138EE
:20ECE000022818D2606831461022303023F043F9206840F08000206098F86B0078B32C488E
:20ED00000078C0070DD02B48C0689A2841D0A12807D104253BE0254909F1010000F068FBC8
:20ED200035E094F8710002282DD1606800F130014046FFF75FF848B31F490646484601227C
:20ED4000334623F00EF940463146FEF759F906F5A06140460022002500F0F8FC17E0606870
:20ED600003AD00F130024046294601F017F805202A46A8F8260098F80500616800F580702D
:20ED800001F0BCF802E0012084F87200002528465CE30225FBE700BF84AE130000003026A8
:20EDA00000391026E4420C1814430C1874430C18E400100034081000AC430C18BCB5044636
:20EDC0000A4804F10C024D7800210368084898470346084808490222009523F0C2F8206A64
:20EDE000016841F4007101602846BCBD84AE13000000302600391026E4430C18B0B54D783D
:20EE000004460748012207492B4623F0AAF8A27C04F10C00294609F06FF80020B0BD00BF86
:20EE20000239102614440C18BCB5056A0446013110226868403023F09EF828680322217F19
:20EE400040F02000286094F86B30CDE900101648164923F086F894F86B0060B1012085F8F9
:20EE60007E0014480078C0070FD01148C068A0280BD10420BCBD207F58B1E878C0060FD526
:20EE80006868032100F1200207E02046FEF758FE08E06868042100F110022046FEF73CF864
:20EEA00000F0B0FA0020BCBD0239102644440C1834081000E40010002DE9F04387B0DFF86B
:20EEC000689000F10C02194E00F084FA00F06DFAA1683A68237F7E7A3D7A8DE84F00072226
:20EEE00043461348134900F0B4FA207A40070BD57878000708D4207F012802D030B9787A2B
:20EF000000E0387AC00701D108209FE27868494610221C3023F02FF8386840F4006038602A
:20EF200000F091FA0020F0E784AE1300000030260339102680440C182DE9F04F87B0DFF807
:20EF4000B0A000F10C022B4E0D46B1F801900446DAF800300021076A30469847DAF8003027
:20EF600005F1030A804606F50010082152464FF0080B9847A1683A68237F3D7A7E7ACDE919
:20EF8000009002A86EC0082243461B481B4922F0E8FF207A40070FD5386881040AD40105C8
:20EFA00008D5217F012902D041B9797A00E0397AC90703D14FF0080B584664E240F40050FA
:20EFC00038607868DAF80420DAF80010C0E90B127868A0F834907868E17980F83610786807
:20EFE000A17980F8371000F02EFA4FF0000BE3E784AE13000000302602391026F8440C18A0
:20F000002DE9F04387B0DFF8689000F10C02194E00F0E0F900F0C9F9A1683A68237F3E7ABB
:20F020007D7A8DE84F00072243461348134900F010FA207A40070BD53868010408D4217FD0
:20F04000012902D031B9797A00E0397A890701D40820FBE140F4004038607868494610222E
:20F06000383022F088FF00F0EEF90020F1E700BF84AE1300000030260239102680450C180C
:20F080002DE9F04387B00446066A244801F1020891F8019000214246036821489847A1684F
:20F0A0003268237F377A757A8DE88F0007224B461C481D4900F0CDF9207A40070DD53068DB
:20F0C00081030AD4010408D5217F012902D039B9717A00E0317A890702D408273846B5E13F
:20F0E00040F40030A17C306004F10C0042464B460DF02CFA70680027A0F84C7087647068AC
:20F10000B8F80410A0F84C10D8F800108164706880F84E9000F097F9E0E700BF84AE1300F9
:20F120000000302602391026F8450C182DE9F04387B0DFF8809000F10C021F4E00F04AF9A1
:20F1400000F033F9A1683A68237F3E7A7D7A8DE84F00072243461948194900F07AF9207A61
:20F1600040070BD53868010308D4217F012902D039B9797A00E0397A490702D40825284613
:20F1800064E140F400203860786849461022683022F0F1FE04F140004946102222F0EBFE13
:20F1A0000120002584F8290020462565FEF704FFE5E700BF84AE13000000302603391026E4
:20F1C00098460C18FEB50446066A244804F10C054F7800212A460368214898470346207F5B
:20F1E000316804220291CDE900701E481E4922F0B8FE207F98B93068810210D41B49497EE8
:20F20000022908BF17F008010CD0C10705D140F40010306094F8240030B1002600E00826D9
:20F220003046FEBD0326FBE7204611210022002600F018FC0720A17C17F0040F50EA009086
:20F2400084F824001222A06820F4A85000F5A060A060284608F025FEE2E700BF84AE13007B
:20F26000000030260339102610470C183408100080B50B7801220348034922F072FE0720E4
:20F2800080BD00BF0139102658470C18F8B50F46064600F0EDF92B4D80B10446F888F96847
:20F2A0000222638B0E182849A81C3778009722F058FE206A58B10F2F11D928E02749284692
:20F2C0000122334601B0BDE8F04022F04ABE0B2F18BF012F1CD1204600F062FCD0B11B482C
:20F2E000314650F8272020469047064600F0FE0008280BD1052F18D0206A0222237F1449BC
:20F3000000680090284622F02CFE09E046B9F8BD114900E00F492846002222F022FE08262C
:20F32000052F1CBF206A002807D106F5A06120460022BDE8F84000F009BA20463146FDF74F
:20F340005FFEF2E700391026C0470C18A400100054480C18F4470C1828480C1880470C188B
:20F36000F8B500F07FFCE0B1076A0446CFB1207F3D7A7E7A012807D120462946FEF7ECFDA7
:20F3800078B12046314606E020463146FEF7E4FD38B120462946FEF7F7FD10B1F8780007EF
:20F3A00001D40020F8BD0120F8BDD9F8003005F10109804606F5001010214A461847607902
:20F3C00000F5807000F048BE042100F110022046FDF7A2BD0D460446076AD9F80030002141
:20F3E000304618470220F9F7FBBE0078F4F732B90022002522F0B5BD15F8013B013A01F8D7
:20F40000013B7047204600F061B94FF48060ADF804007047012222F0A4BD9AF812109AF82A
:20F420006C20079808F0E7BC01604FF48060ADF804000620ADF80E0070470290608B059037
:20F44000206A016870472046FEF7B6BD07B0BDE8F083059522F085BD1022017700F11D01BE
:20F46000704710213A4618479AF81210079808F0CEBCCDE9003004F10C007047D8F804205E
:20F4800092F88100704707B0BDE8F08F10B50446038807480122074922F063FD064807A20A
:20F4A000214624231030BDE81040F4F791BB00BF0339102698480C1834081000736D5F640E
:20F4C000656665727265645F71756575655F696E000000002DE9F04385B010486D46104EAE
:20F4E00000F110080F48104C104F81464046294632463323F4F7C4FB68B1BDF80030484631
:20F500002146012222F02DFD3878294632463623F4F760FCEAE705B0BDE8F0833408100004
:20F52000B825050403391026C0480C183C091000F8B50E46054614480027144990F820001E
:20F540008C68B84204D0217981B170340137F8E70F4800212A46002403680E48984703466D
:20F560000D480E49012222F0FCFC0BE02046702122F006FD0120A674677120712868E06047
:20F58000A88820822046F8BDE40010003408100084AE13000000302600391026E8480C18E0
:20F5A00050B110B50446F5F7EFF8204600F008F800202071BDE810407047F5F7E5B800BF6D
:20F5C00070B50446006A98B10A4D40F21A324068094E2946B047206A29464FF44772C06BAF
:20F5E000B047206A294640F21E32B0470020206270BD00BF4B25050429390204094991F858
:20F600002010814209D90649896831B1C0EBC00001EB0010017901B170470020704700BF13
:20F6200034081000E4001000F8B505460E480C4690F820700D48806800F10C0677B116F85C
:20F64000080C40B1B079A04205D130462946062222F09BFC20B1013F7036EFE70020F8BDAC
:20F66000A6F10C00F8BD00BFE4001000340810000146084890F82020074880683AB1037936
:20F6800013B1438B8B4203D0013A7030F6E70020704700BFE400100034081000E0B5FFF71F
:20F6A000E7FF28B190F8253013B18068410701D400208CBD009002220248034922F051FCD3
:20F6C00001208CBD0239102620490C1807494FF47A72097E01FB02F305494279097842EA15
:20F6E000016101F5003203A1F5F732B8340810003C091000736D70007CB50546C8B20E46CB
:20F70000FFF77CFF0446CDE900600E4803220E492B4622F026FCA4B12046F5F735F8022D9E
:20F720000FD1207968B1206A58B1204640F2EC51002200F00BF8608B0521BDE87C40F5F75C
:20F7400031B97CBD0239102658490C18BFB50446837C80680D4694F824108DE82300224896
:20F7600022490392052222F0FCFBA07C10281CBF608B04F043FD25B120460A212A4600F044
:20F7800071F9A07C102801D1102113E094F8240000F0FE00022806D1A17904F10C00E279A0
:20F7A0002B460CF0E0FE2046F4F7EEFF2046FFF707FFA17C0020FF2284F86B0084F8240079
:20F7C000A06820F48050A06004F10C0000F0C9F907484FF6FF710186FFF77CFE608B04B0F0
:20F7E000BDE8B040F5F7AAB802391026144A0C183408100010B503880446A3F20240072847
:20F800000AD8DFE800F0041912121212222D2046BDE8104000F08AB8B3F5C06F05D1E188F8
:20F820006079BDE81040FFF767BF154801221549BDE8104022F095BBA07A022818BF10BDC1
:20F840002046BDE8104000F01FB8E1680A46013112F8410BFCF786FFE0684FF4CD7207E03C
:20F86000E16811F8010BFDF713F8E06840F2A3120249BDE81040F4F757B800BF5F25050476
:20F88000003910269C490C187FB50446008A00F0E9F9A8B10546E089A979A389EA79AE6842
:20F8A0008DE8470005221F481F4922F05AFB95F8240070B1204604B0BDE87040FFF7E6BD55
:20F8C0004FF40D72A089022104B0BDE87040F9F709BAE08900F034FA70B1417805290DD0F2
:20F8E00002290ED001290FD1A97901F0FE0104290AD04FF40E72E5E70022E3E740F23622D7
:20F90000E0E7A979052909D1E97900220029D9D08078884288BF40F23722D3E740F23522C9
:20F92000D0E700BF03391026F84A0C18F8B5417B041D06462046FFF777FE78B190F82430CD
:20F940000546ABB1434801224349033022F009FBA9792046EA7940F2E65304E020460021BC
:20F96000002240F2E35301B0BDE8F0400CF0FBBD3A4890F90310002908D4297F012905D1F8
:20F9800020460021002240F2EF53ECE7A96821F46F420188AA604B0706D473895B0703D4AC
:20F9A0004FF4A063022702E04FF4E06303271A4385F824700B07AA6002D473891B0702D5F1
:20F9C00042F48042AA607389C90602D413F0100102D042F40042AA6003F4807122F480524C
:20F9E00042EA0111A960317B407F002950EA01806877A87C102800D1F8BD284610210022EF
:20FA000000F030F8287F70B1286A18B9284600F0C7F880B1284600F02FF901462846BDE875
:20FA2000F840FDF7A1BB05F10C00A97C1222BDE8F84008F036BA20460021002240F2E75309
:20FA40000CF091FD034800220549BDE8F84022F088BA00BF00391026544B0C1834081000F3
:20FA6000804B0C187FB5002847D0044690F825000E46284915463346CDE90020032224482D
:20FA800022F06FFAA6F109000C2836D8DFE800F0151535353535350707070719300094F82E
:20FAA000250050BB002084F82560A27C04F10C01CDE900000290032026E094F8250050B9AA
:20FAC0001BE094F82500132817D8012101FA00F010F4302F11D0A27C002004F10C0184F843
:20FAE00025005DB1CDE900002B46029005200CE094F8250010380328EDD37FBDA379E47970
:20FB000002900420CDE90034002300F005F87FBD03391026CC490C182DE9F04385B0074683
:20FB2000DDF83080DDF834901C460E9815468DF80E000E46ADF8103008468DF80C801146C2
:20FB40008DF80D9003AB3A4608F092F8384631462A462346CDE9008903F0B6F905B0BDE8CA
:20FB6000F083E0B58DF800206B46122208F080F88CBD1CB5FFF77CFD80B1C47981688379A7
:20FB80004907827CCDE900344FF0060358BF082300F10C011846002303F096F91CBD00BF0A
:20FBA0007CB50446006A2379ABB3A0BB2A4E88212A4A40F2E6233078F3F74CFD206248B3E3
:20FBC000882122F0DDF9254D8421307840F2EB232A46F3F73FFD216A4860842122F0D0F94C
:20FBE000307880212A4640F2EE23F3F733FD216AC863802122F0BAF9216A486898B1C96B1B
:20FC000089B1842122F0BCF9206A8021C06B22F0ADF9206A7CBD009002220D480D4922F0FC
:20FC2000A0F900207CBD0D4D40F2F2220C4E2946B047206A294640F2F322C06BB047206A86
:20FC400029464FF43D72B047002020627CBD00BF00391026744A0C180000100039250504EA
:20FC60002939020480B5FFF703FD10B1817C102900D1002080BD00BF0E4A11884B0702D4F4
:20FC8000437A9B0704D5D27802F00702032A01D1002200E0042211F0030F5FEA0F931A4365
:20FCA0000B0702D4407A400600D5083201F0100010447047340810000248B0F8570000BAF2
:20FCC000000C70473408100010B5084C012208480849238822F045F9B4F8570001BA2088D7
:20FCE00010F0030018BF080C10BD00BF3408100003391026A44A0C1810B50D490D4A096AD5
:20FD000092F8322006390132013A09D08C1D897900292146F8D18188A1800068206005E086
:20FD2000054800220549002422F01BF9204610BD34081000E400100000391026C84A0C18A4
:20FD40000146084890F832200748006A3AB1037813B183888B4203D00630013AF6E7002036
:20FD6000704700BFE40010003408100080B58088FFF7E6FF18B101460020087080BD40F29E
:20FD8000E15080BD80B5017831B1808810B1FFF7D7FF08B1002080BD012080BDF8B5064663
:20FDA000076A437E0D4690F85A001446009002221248134922F0D5F8707E317F002901462B
:20FDC00018BF96F85A102970317F09B996F85A006870D7F80B00D7F80E10C5F80200C5F846
:20FDE0000510D7F81200D7F81510C5F809001020E96010B100F0F0F9FBE7F8BD0339102637
:20FE0000B84B0C182DE9FE4FDFF874A0064690F8199000F113081B481446DAF800300D46D2
:20FE20000621424683469847DAF8003006F1540A07465846062152469847CDE90070032240
:20FE400011484B46114922F08CF8307F00285AEA08808188A98000682860307F002858EAEA
:20FE60000A80818800220068C5F806001020EA60698110B100F0B0F9FBE7BDE8FE8F00BF11
:20FE800084AE13000000502602391026004C0C18B0B5036A027F5B6803F110043033002A1B
:20FEA00054EA0382156852684A600D60007F002853EA048002684068C8608A60B0BD00BF79
:20FEC000B0B50C4B811C0C4C06227AB1087831F8025C45EA004528466FF31F50984204D3B3
:20FEE0000131013AA542F0D82809B0BD4FF0FF30B0BD00BF40420F00FF23F400F0B585B02D
:20FF00000E46044668461421154622F039F811482021114A40F23E530078F3F79BFBB8B1A9
:20FF200031461022074622F026F807F110002946102222F020F840F20640074AADF800005A
:20FF40006946064840F24B5300F040F900F008F805B0F0BD00001000A1250504340810002E
:20FF60002DE9F04F87B0374D4FF6FF79288E484502D007B0BDE8F08F334C05F12808334F9D
:20FF80000DF1080ADFF8C8B0404651463A4640F2B553F3F775FE0028EBD0BDF8080059468F
:20FFA00095F8303002220090E01C21F0DAFFBDF812002886C10520D5C6B23046FFF71EFB8D
:20FFC000D8B924490222BDF8080033460090204621F0C7FFBDF8080040F2094188421CBF1E
:20FFE00040F20641884205D10598394640F2C652F3F79AFCA5F83090C6E7BDF80800A0F2A9
:020000040403F3
:2000000006400328B5D8DFE800F0021A0B0E059800F11001F4F74BFE059840F2D6520AE042
:20002000FCF752FEA5E7059800F14001FCF760FE059840F2E2520549F3F776FC99E7F4F7B9
:2000400053FE96E7340810000039102671250504D84C0C180C4D0C18B0B586B001AD00F07A
:20006000C3F840F2074009A2ADF80400294606484FF4AC63ADF80E402830F3F7A9FDFFF718
:200080006FFF06B0B0BD00BF34081000736D5F73656E645F6863695F6C655F72616E640014
:2000A000B0B586B001AD00F09FF8ADF80E404FF481600E4C00220E49ADF80400E01C21F0D0
:2000C00050FF0C480CA2294640F271532830F3F77FFD054620B90E492046002221F041FF58
:2000E000FFF73EFF284606B0B0BD00BF00391026504C0C1834081000736D5F73656E645FBA
:2001000073635F6D616B655F6B65795F72657100684C0C18F0B585B00E460446684614218A
:20012000154621F02DFF16486021164A40F284530078F3F78FFAF8B1074613481349002225
:2001400021F00FFF38463146402221F014FF07F140002946202221F00EFF40F20940094A30
:20016000ADF8000069460A4840F2925300F02EF80446FFF7F5FE00E00024204605B0F0BDAD
:200180000000100088250504033910268C4C0C183408100010B50A4C218ECA050FD54079A9
:2001A000CBB298420BD107480122074921F0D9FE4FF6FF702086BDE81040FFF7D1BE10BDC1
:2001C0003408100000391026A84C0C1803972830ADF80A40F3F7FCBC14F8011B01382A78C6
:2001E000514005F8011B704704461421284621F0C7BE00002DE9FC4100F1280528260C2729
:20020000002918BF00F16C0518BF6C26044618BF7027C05D08B1BDE8FC81A0688846A18864
:2002200003224346808ACDE900010D480D4921F098FE00204FF47A71A0510B48C07D00FB33
:2002400001F30A482178007848EA006040EA014207A12846F4F77CFA0120E055BDE8FC8159
:20026000003810264C4D0C185402100050021000617474007CB50C260446002918BF7026FF
:20028000805DA0B1A0680D46A18803222B46808ACDE900010648074921F063FE2820002DD0
:2002A00018BF6C202044F4F76FFA0020A0557CBD003810268C4D0C182DE9FE4380461F48E6
:2002C0000F4603223B46C5689C2018FB0054A068A188808ACDE9000119481A4921F041FECD
:2002E00004F1280604F10C00002F18BF04F16C0618BF04F17000017869B14FF0000980F8DE
:200300000090012084F88E003FB1204640F60D4104F034FA0CE0BDE8FE839C20012118FB23
:20032000005520460023AA7B04F0C0F885F80E903046BDE8FE43F4F727BA00BF54021000A6
:2003400000381026D44D0C182DE9FE4F0546407800284DD095F874008B46052818BF03283E
:2003600046D1DFF890905E46DFF88CA005F19008BBF1000F18BF40F60446032808BF40F600
:200380000446D9F800104046884788B307460079032824D8DFE800F00207121DA868022391
:2003A00001F071F81BE0A868052301F06CF8A8680122818A304608F0F7FA10E0A868D7E9FE
:2003C0000223A988808AFC8ACDE9004608F02CF905E0A8683246A988808A08F03DF9A86838
:2003E0003946DAF8002028309047BBF1000FC8D1BDE8FE8FB8BE1300ACBE13000021FFF7BA
:20040000A3BF10B50A46B0F888100446B0F88A00914202D9172A114604D388420846A4F8D8
:200420008A1005D194F88C100029014600D010BD94F88D000028FAD1A068808A08F09EF86B
:20044000012084F88C0010BD2DE9FE4F054690F88E0008B1BDE8FE8F0F980F46DFF8EC90A8
:20046000144602901E460E984FF498730190B9F81400DDE90C8B104436A281B2344801F0B9
:200480000EF8A0B18246B9F81400791E5044102914D8DFE801F01722301538154115151525
:2004A000091509150915470000F8017B37E0A868142103B0BDE8F04F01F094BB212FF3D0E1
:2004C000077038E0012180F8048001704FEA1B21467080F802B0C1702DE095F88D300221FE
:2004E00095F888200133A97385F88D304270017095F8891005E0032180F801B001704FEA18
:200500001B21817017E00521019A01700121042A51EA0191417009E0072100F8011BDDE9CC
:20052000012106E001994170112101700230A21E029921F020FDB9F81430284651462246A8
:2005400003B0BDE8F04F01F0D1BB00BF54021000030010006174745F73656E645F64617465
:20056000610000002DE9F04700F083FF02D040F60E455CE0DFF8BC908A4616462FA21F463F
:200580004FF4D173B9F81400084481B22A4800F086FFF0B18046301FA6734FEA70030E2BF5
:2005A0003CD8B9F814000A9ADDE908C14044DFE803F008201231081D1235353535353535DC
:2005C0001D004FEA1C2180F803C047700670017122E000252BE04FEA1C2380F803C0037155
:2005E0003B0A477006708370053010E000F8016B0DE04FF4205380F803C0A0F805304FEA29
:200600001C2303713B0A477006708370073021F0B2FC03E047700670390A8170B9F8143093
:2006200020464146524601F061FB00F03BFF2846BDE8F08754021000030010006174745F13
:2006400073656E645F72657100000000F8B500210322CDE900110023CDE902110221FFF78A
:20066000F3FE8FBDF8B50B460021CDE90021042202910521FFF776FF04B080BD1FB50C46E6
:2006800006990293CDE90021D91D06222346FFF769FF04B010BD1FB50C460699029105315B
:2006A000CDE9002310222346FFF75CFF04B010BD1FB50C4606990293CDE90021591D082223
:2006C0002346FFF74FFF04B010BDF8B50B460021CDE900110A2202910321FFF743FF04B037
:2006E00080BDF8B50B460021CDE900210C2202910521FFF737FF04B080BDF8B500F0DCFE4C
:200700000E220023FFF72EFF04B080BDF8B500F0D3FE20220023FFF725FF04B080BD00BFD5
:200720002DE9F04F85B000F0A4FE02D040F60E466AE0DDE90E90002506889B4606F10308FD
:20074000A0F80080B9F800000338A9F8000013FA80F7100A0529B8707A7008D002292FD014
:20076000012902BF12203870002500263EE0D220CDE903553870A068CDE90155017B0630DD
:20078000FCF7AEF900B38246A068017B0630FCF7C3F947F80800421CA068017B0630FCF789
:2007A000C3F9F21D01AB5046394621F0F8FB07EB0800DDE9031206F10F088260416001E062
:2007C00052203870002601E040F60F4610494FF4357010A3009058462246F2F707FF20B91B
:2007E00012480022124921F0BCFB0125B9F800302046594642463F7801F078FA25B9204668
:200800000021A773FFF7F6FC304605B0BDE8F08FFD0303046174745F73656E645F7772695C
:2008200074655F7265715F636D64000000381026204E0C18F8B500F01CFE02D040F60E4593
:2008400021E0DDE90660058805F1050CA0F800C0308816250538308087B213FA80F0DD55B7
:200860000F0AC170110A8170194642706246077120463688334601F039FA20460021A57391
:200880000025FFF7B7FC2846F8BD00BF70B500F0F0FD02D040F60E451BE0104E0D460E4849
:2008A0000FA240F21233B18A0078023189B2F2F7D1FE68B1B38A014618200222A073C8540F
:2008C000C8184570204601F011FA00F0EBFD00E00025284670BD00BF030010005402100071
:2008E0006174745F73656E645F657865635F77726974655F72657100F0B585B00E460746F6
:200900000B481C460B491546CDE900320322334621F027FB00200121CDE90200384605221B
:200920003346CDE90045FFF78FFD05B0F0BD00BF00381026484E0C18F8B500220023CDE9D0
:2009400000210321CDE902220322FFF77DFD8FBD1FB55143CDE9022300248A1C112100F068
:200960008DFD1FBDF8B551430022CDE900224A1CCDE9021307210023FFF766FD8FBD00BFF6
:200980002DE9F84F00F075FD01D0BDE8F88F02FB01F6B4F88A10DFF86CA0B01C1746A0EBCA
:2009A000010B1AA2BBF1000F51EAC088BAF81400994640F28A33404481B2134800F06FFD2F
:2009C000D0B10546BAF814000921BBF1000F2954284449464770C8BFA6EB0B06023032469E
:2009E00021F0C9FABAF8143020462946424601B0BDE8F04F01F07AB9A0681421BDE8F84FEE
:200A000001F0F0B854021000030010006174745F73656E645F726561645F62795F74797081
:200A2000655F7273700000001FB55143CDE9022300248A1C052100F021FD1FBD1FB5CDE9F6
:200A400002230132002400F019FD1FBD2DE9F84F00F00FFD01D0BDE8F88FDFF868B003F1FF
:200A600005080F46164619A29A46BBF814004FF47173DDF82890404481B2134800F00FFD94
:200A8000D0B10546BBF814001721524629542844310A0171390A81704946C6704770053078
:200AA00021F069FABBF8143020462946424601B0BDE8F04F01F01AB9A0681421BDE8F84FEC
:200AC00001F090B854021000030010006174745F73656E645F707265705F77726974655F13
:200AE00072737000F8B500210122CDE900110023CDE902111921FFF7A7FC8FBD2DE9F84F81
:200B000000F0B7FC02D00120BDE8F88FDDF82C9017460E46D9F8000000F103084AB11D8864
:200B2000022D1BD82948012229492B4621F019FA10E0284D40F20743284AA88A404481B2BC
:200B4000254800F0ACFC28B1B5F814A0834600EB0A050AE04FF0FF30BDE8F88F7819A5F1E8
:200B6000030AA3F800A0C51EBB460A986870000AA8701D20002E18BF1B2028700ED0184959
:200B800040F21540154B224600905846F2F72EFD20B90E480022134921F0E3F92FB90C999D
:200BA000E81CD9F8002021F0E6F91FFA8AF320465946424601F09AF81EB920460121FFF755
:200BC00019FB0020C9F80080BDE8F88F00381026904E0C185402100003001000CE2505048F
:200BE000FD030304C04E0C182DE9FC41064690F88E0010B10120BDE8FC811088174628B333
:200C00000D46198823221C4601F1030829180138388001F8012C40F24340114911A3009091
:200C200028463246F2F7E2FC20B915480022154921F097F93B881FFA88F23046294601F084
:200C400055F80020A4F80080BDE8FC810C4801220D49002321F085F94FF0FF30BDE8FC81DA
:200C6000FD0303046174745F73656E645F6D756C7469706C655F6E6F746966790000000058
:200C800000381026184F0C18E44E0C187CB5044603200D4600900B4816460B4902223346E4
:200CA00021F05FF9032E01D204207CBDB4F888102046FFF741FEB5F801102046FFF7A1FBD5
:200CC00000207CBD02381026444F0C18052A1CBF042070470B46B1F8011031B1B3F80320F4
:200CE00092B2914298BF03F08DBE080401307047BCB5082A0BD30D46B1F8011021B1B5F847
:200D000003309CB2A14204D908040130BCBD0420BCBDB5F805300735073ACDE9002522469D
:200D200003F00EFEBCBD032A1CBF042070470B46B1F8011019B101211A4603F07DBE0120B2
:200D40007047BCB5152A18BF072A0AD1B1F8015025B1B1F803309CB2A54204D9280401302E
:200D6000BCBD0420BCBD531F053100912946224603F012FEBCBDBCB5152A18BF072A0AD13E
:200D8000B1F8015025B1B1F803309CB2A54204D928040130BCBD0420BCBD531F05310091E9
:200DA0002946224603F09AFDBCBD052A1CBF042070470B46B1F8011019B102211A4603F029
:200DC0003BBE0120704710B50446501F12280AD8013A12F0010006D14B1C00202146BDE800
:200DE000104003F0BDBE042010BD10B50446501F12280AD8013A12F0010006D14B1C01200D
:200E00002146BDE8104003F0ABBE042010BDFEB50C4601212646197016F8035BD22D08D0CA
:200E2000522D19BF002700250221002508BF012706E0C5780021012D18D00521012500270B
:200E4000B4F801405CB1A2F1030C0022CDE9002622460293634604F0F5F9014600E0012127
:200E6000002D18BF0021002F18BF00210846FEBDBCB50C4601211970B4F8011049B1B4F84C
:200E80000350053A0534CDE900432B4604F06EFABCBD0120BCBD80B5828D0AB10E2080BD44
:200EA00044F2050282854A7881888068808A07F04BFC002080BD10B501210446FFF7DAF99C
:200EC0002046002103F05AFC002010BD2DE9F0410E4600211C46154607464FF00008FFF752
:200EE000C9F987F80E80384631462A462346BDE8F04103F043BB70B504464878022806D15E
:200F000094F88D0010B1013884F88D0070BD0D46204600210026FFF7ADF9A67320466A788B
:200F200000212B79BDE8704003F0C0BA90F88D2042B10023013A837380F88D20B1F80110CF
:200F4000FFF75FBA704710B54B781224012B08BF0424023A8B1C92FBF4F211462246BDE838
:200F60001040FFF7B3BF4B1C511E89080422FFF7ADBFF8B500F076FA00F08CFA012101B074
:200F8000BDE8F04003F048BB10B513464A78042A38BF10BD023BB3FBF2F48B1C2146BDE830
:200FA0001040FFF793BFF8B504464878022818D30E462046002115460027FFF75BF972783C
:200FC000B01CA7730090A81EB0FBF2F101FB1203002B5FEA0F900144204618BFD31A03F0C1
:200FE000E1FAF8BDF8B500F03DFA00F053FA022101B0BDE8F04003F00FBBF8B500F032FA21
:2010000000F048FA032101B0BDE8F04003F004BBF8B500F027FA00F03DFA052101B0BDE8E1
:20102000F04003F0F9BAB0B500F041FAA57320460121BDE8B04003F020BBF8B500F012FA9E
:20104000B773621F6B1DB5F80310304601B0BDE8F04003F04DBBB0B500F029FAA068A288FC
:20106000A573818A00200BF0D5FA2582B0BDBCB5B1F80140D31E11F8035B00911B2D5FEA7A
:201080001F91224603F008FBBCBD00BFBCB50C4D836880882C689B8A0090081B013081B27D
:2010A000501E82B2204607F070FC40B1286805A140F2247202B0BDE8B040F2F735BCBCBD3C
:2010C000540210006174745F68616E646C655F6D756C7469706C655F6E6F746966790000D3
:2010E000BCB50B460446152907D81749012505FA03F0084201D02846BCBDA07B192B05D811
:20110000D9070AD058B1012B03D106E0212B04D128B1411CC9B2994209D10125EBE7009017
:2011200002220A480B4920F01CFF0025E3E7009002220648064920F014FF204600210025AB
:20114000FFF798F8A573D6E70800300000381026D04F0C187C4F0C18BCB50346441E01201F
:20116000222C15D8DFE804F0264429441D4420442C441244124412441D184444442F3235D4
:20118000444423442344444420443A0099BB27E0D22B2ED0522B2BD102292CD8122B1AD0AE
:2011A0001EE006291CDB26E0052919DB23E0032916D320E0052913D11DE0032910D11AE0B5
:2011C00004290DDB17E0052905D314E0052907D311E002290FD00420106001E009290ADA7B
:2011E000CDE9001203220548054920F0BAFE0020BCBD0F29F4DB0120BCBD00BF0038102638
:2012000024500C182DE9F04F89B0824600208E5C0F468F4C9946089001208E4915468DF857
:201220001F00A01C0122334620F09BFE50463146FFF756FF002800F0F88008AA30464946EF
:2012400007EB0508FFF788FF089900282FD0002940F0C880701E22282DD8DFE810F05F00A6
:2012600064006F00740079007E00830088008D004500920097009C004A00A100A600AB0052
:201280003000B000370037004F00B40056005B003700230037002300B9003700BE00EB00FF
:2012A0003700F00000F0DAF8FFF7E1FECBE0002940F09880B9E0522E18BFD22E06D10DF18F
:2012C0001F0300F0CBF8FFF7A2FD8AE0624920460222334606F0400BCDF800B020F041FE87
:2012E000BBF1000F28D0A0E000F0B8F8FFF71BFD77E000F0B3F8FFF766FD72E00DF11F0350
:2013000000F0ACF8FFF7B4FD6BE050464146FFF7C2FD66E05046FFF79EFE63E050464146A7
:20132000FFF7E9FD5EE0BAF80400042804D100F095F8FFF7ABFC54E0062052E05046414619
:20134000FFF7F4FD4EE000F089F8FFF7BFFC48E000F084F8FFF7F7FD44E000F07FF8FFF757
:20136000C7FC3EE000F07AF8FFF7FDFD3AE000F075F8FFF7E6FC34E000F070F8FFF713FE78
:2013800030E000F06BF8FFF7F4FD2BE000F066F8FFF70BFD25E000F061F8FFF723FE21E046
:2013A00000F05CF8FFF729FE1CE000F057F8FFF7E2FC16E000F052F8FFF7E6FD12E050462C
:2013C000FFF731FE0EE000F049F8FFF736FE09E05046FFF770FD002003E000F03FF8FFF79D
:2013E00004FD08909DF82000052815D1DAF80800808AFEF753F978B10120ADF81090ADF833
:201400000C0050460597ADF80E5002A902F0EAFE00208DF81F0008E0089830B198F8001039
:20142000C3B2020C5046FFF767FA9DF81F0009B0BDE8F08F00F012F8FFF7EAFDD2E700F02B
:201440000DF8FFF723FE00208DF81F00CAE700BF0038102670500C1898500C1850464146C1
:201460004A4670470D460021144606460027FEF701BF044690F88E00002870470023CDE917
:201480000044FEF7E1BFAA88818AF888009030460BF0EAB8B773621E6B1C3046704700783D
:2014A000F2F7D8B8204600210025FEF7A3BE002104460025FEF7DEBE49000023029101315F
:2014C000CDE9003270470000FEB50C480CA22523007801A9F2F74AFD68B1BDF80400B0F5A7
:2014E000C06F08D1BDF80A0000289DF809005FEA0F91FEF7E1FE06B080BD00BF500210008E
:20150000676174745F656E74727900002DE9F047DFF80C91434909F104024846F2F7F2FDD7
:20152000002879D0404E1C2089F81A000122A9F818004D23307896F87A1022EA000089F83C
:201540001C003420DFF86C8A4143384A0020D8F80040A047C9F80C00D0B396F87B009C211B
:20156000D8F800405423314A41430020A0470028C9F810004CD096F835005B23D8F8004078
:201580002A4A00EB400081000020A047C9F8140018B996F8350000283ED1DFF890A0002756
:2015A000002496F87A00844216D296F833005246D8F80050632341010020A847D9F80C1014
:2015C000C85110B996F8330030BB34370134E8E796F87A0000BBC0E796F83510D9F81400EC
:2015E00001EB4101890020F0CBFCD9F81400002196F83520914203D220F80C1B0131F7E77D
:2016000001201E2189F81D0089F81B10BDE8F08796F87B000028AED00020BDE8F08700BF5A
:2016200050021000C9140304E4001000E22505042DE9F0438DB0064600200D46CC79ADF831
:20164000300001210B90304601F022FEB01D0BA9062220F09AFC0746D6F806000990708914
:20166000ADF82800287A0BF0F1F92878002F5FEA1F9258B105F10C03297A687ACDE9000301
:2016800009AB10462246F3F703FD17E095F80890E989A8892E8A6F8AB5F814C0B5F816E05A
:2016A000B5F818806D8B09ABCDE9003902AB83E8C0502346CDE90685F3F724FA0DB0BDE80E
:2016C000F08300BFB0B5084D0446A88B012808BF002C03D1E87E0BF0ADF9A88B21460AF016
:2016E000ADFE0020A883B0BD5402100070B50D4E05460C46B08B01280DD1B17F0120012947
:2017000008BF002D05D1F07F96F820100BF0F2F8B08B0021B177294622460BF03DF8002042
:20172000B08370BD54021000B0B504460A480021857F81772CB128462146BDE8B04007F087
:201740008DBB2DB1022DF6D1C07F0BF013F9F2E70BF03AF9EFE700BF54021000044A014690
:20176000002392F8270082F8273007F01DBC00BF54021000034A01460023907E937607F00A
:20178000C5B900BF54021000B0B50D4601F076FE58B10446807D800707D5A18A28460AF043
:2017A000D5FFA07D00F0FD00A075B0BD2DE9FE4F0D9E0C468146012198461746304601F0DE
:2017C000DBFDB4F59E7F08D14FF4C1704FF49E7103B0BDE8F04F06F003BB05461099DDE9C7
:2017E0000EA0DDF830B055B16CB155B12846042101F04EFDA91D20460AF03AFE01E0EFB3AD
:2018000064B1BDE8FE8F4DB10F46009048460421A5F8149001F0E0FE90B90AE000900F46C3
:201820003046012101F052FD002840D00546A0F814904846042101F0C1FDD8B30021C170D2
:2018400085F80CB02C46306844F8060FB088A0800020E06100982083207B6783A4F816A029
:20186000A4F814A084F81280B0B12846052101F00FFD284600F072F9BDE8FE8F07460020B0
:20188000ADF808000D46019001A8012101F074FD294605463846A7E72846022101F0F8FC4E
:2018A000AA8A2046297B0AF08DFDBDE8FE8F0548064901E003480449002220F052FBBDE8FB
:2018C000FE8F00BF0038102624510C18E0500C18B0B50C4601F0D2FD50B10546C07B40B172
:2018E0002846214600220123BDE8B04000F0AEB9B0BDA91D20460AF0BBFD28460421BDE85E
:20190000B04001F0C5BC7FB500F060F888B1089935B900220184C0F82220C6838483448369
:20192000808A2246CDE900610221234602950AF031FC7FBD7CB50D460121064601F01CFD9C
:20194000044611480021324603681048984703460F4810490222009520F003FB4CB14DB1EE
:20196000A01D29460AF068FC2046BDE87C4001F0A5BD7CBD2046022101F08AFCA01D0021AC
:20198000BDE87C400AF058BC84AE1300000030260238102668510C187FB500F017F8A0B16C
:2019A000837D0022089943F001038375C0F8222023460184C68384834583808ACDE9006114
:2019C000012102922A460AF0E5FB7FBD1E4614460D4601F053BD000080B501F0FDFD20B1C8
:2019E0000421BDE8804001F04FBC80BD80B501F0F3FD18B1BDE8804001F092BD80BD2DE94D
:201A0000F84F0A9F064601200D46102F50EA1099184649469846144601F0AEFC8246E8B1D3
:201A2000DDE90BB84FF005098AF80E9040F2011AC3455BEA388715B32188304601F0BEFCC5
:201A4000E8B1A0F88A700234A0F886B0013DA0F8848080F87490A0F802A0ECE740464946DF
:201A600001F034FC58B18246102F07738682D7D110208AF818003046FEF77BF8D0E7BDE807
:201A8000F88FF8B51C4615460E46074686B12988384601F0A1FD40B1B0F88610A0F8844034
:201AA000A14251EA3481A0F88A100235013EEDE7F8BDF8B51C4615460E46074686B129882F
:201AC000384601F089FD40B1B0F88410A0F88640A14254EA8181A0F88A100235013EEDE7E7
:201AE000F8BD70B5441C054601210126204601F0EDFB60B1A18841812168C0F80610E97924
:201B0000017329468674FFF793FD00B170BD204640F60141BDE870400AF08EBBB0B5012187
:201B2000144601F029FC40B105460420002C18BF0020E873287B102800D1B0BD28460521AA
:201B400001F0A6FB28461CB1BDE8B04000F006B840F21311BDE8B04000F044B87FB505461F
:201B6000808A042101F038FDA0B304460120A0702E461A486B46B4F88A2090F833008DF825
:201B8000080056F8060FCDF80100B079B17C8DF80700B08A8DF80010ADF80A00B069F18921
:201BA0000390B088ADF8050030460AF095FBF08902F024FBB07910280CD00948A97C407EB5
:201BC00049B1C00706D0B4F88800172824BF2046FEF73CFD7FBD8007F5D4FBE7E400100022
:201BE0005402100070B50446007B10280BD0144E0D46A37B01221349304620F0B2F9A07BE4
:201C0000C11E022900D270BD05280FD12046032101F03EFB25F0FF00B0F5807F18BF132533
:201C2000E9B2A08ABDE87040F2F7BCBE06493046002220F096F9BDE87040F2F7ADBF00BF38
:201C400003381026A8510C18D0510C18B0B5044632B1A21D08461D4611460AF009FC25B183
:201C60002046BDE8B04001F029BCB0BDBCB505460C48144600212A4603680B4898470090FE
:201C800002220A4823460A4920F06BF92846012101F072FB20B12146BDE8BC40FFF7A2BF80
:201CA000BCBD00BF84AE13000000302603381026FC510C187CB50D46064600901446094864
:201CC000022209492B4620F04CF9304601F0D6FB38B129462246002302B0BDE87040FFF7B0
:201CE000B5BF7CBD0338102634520C18F0B587B0074680680E46124915461C46808A022271
:201D000000902B460D4820F02CF94FF4A0600596ADF808000120ADF80C00B888ADF81200E4
:201D2000B868ADF81050ADF80E40808A069002A90220F7F755FA07B0F0BD00BF033810264D
:201D400064520C18B0B550B1144690F87420042A07D8012505FA02F212F0190F01D001208B
:201D6000B0BDDAB22346BDE8B040FFF74BBA00BFF8B51446D688D76801F02EFC58B105469F
:201D8000807880B93E44304602F01AFA58B1A86F38B1164900E014491648002220F0E1F806
:201DA0000AE0A87888B11248E168E388228901602846FFF7C7FF38B1E06810A140F2F51281
:201DC000BDE8F840F1F7B0BDF8BD2846214602F009FA0848012233780130074901B0BDE85D
:201DE000F04020F0BEB800BFF8520C18CC520C18540210000038102690520C186761747434
:201E00005F68616E646C655F646174615F696E6400000000BCB5818E0446002001F0D8F9B8
:201E2000A168256B228F8B8AA188009181B2284606F040FCBCBD00BF2DE9F04387B0884630
:201E4000DFF85490018E074600201E461546D9F8004001F0BDF9B96880B2BA883B8E898AE3
:201E600003AF0EC72A4643460E990291B1B2019100900F98001B81B2204606F031FC40B1B4
:201E8000D9F8000005A1302207B0BDE8F043F1F74BBD07B0BDE8F083540210006761747415
:201EA0005F73656E645F617474725F77726974655F696E6400000000F8B507460D46084640
:201EC0003946164601F0BBFB38B10146002400222046BDE8F84006F065BB01F0D3FB48B1F9
:201EE000044646810781456001F002FC30B162890021EDE7002440F60141E8E7002240F631
:201F000007416280E4E700BF2DE9F0478046294829A20E464FEAC801622304680020A04770
:201F2000814628B3341D09F104054FF0000A47463FB334F8041C206801F081FB20BB01F0D6
:201F4000A1FB18B306462068706034F8040C3081A0887081304601F0CBFBD0B170890C3489
:201F600045F8046C013F288008350AF1010ADFE74046002140F601424B46BDE8F04706F040
:201F800021BB0022C24608E0024606E040F6014203E0002040F6074270805FFA8AF14046E0
:201FA0004B4606F00FFB0C4801684846BDE8F047084700BF24BE1300676174745F68616E20
:201FC000646C655F737276335F72656769737465725F72657100000014BE13002DE9F04F3A
:201FE0008FB0189C0F461A991546ADF838104FF00109DDF8648061891B9E414407900B9042
:202000007E481FFA81FB7E49ADF8362003302289D4F804A0CDE9032606220A93ADF832805A
:202020000994ADF83A60ADF834708DF823908DE810091FF096FF1C98012806D0022807D15C
:202040004FF002090121002206E00022002103E0002101224FF000092089404519D90691A3
:2020600038462946144601F0B7FAB8B1064690F87400052819D1C8EBC80000250AEB800397
:202080009869C0F30121022912D0032917D102210FE04FF0000A40F6074503E04FF0000A40
:2020A00040F6044509AF002616E040F6044510E00121B268127C0A4208BF40F60F450005F2
:2020C00006D5B068007C400702D44FF4416500E035B309AF4FF0000A4D49012247482B4609
:2020E0001FF03FFFD7E90023798A388AFC89CDE9004506F099FABAF1000F05D0424802685F
:20210000B0682830514690479DF8230028B1079840A14FF4AC72F1F707FC0FB0BDE8F08FA1
:20212000B9F1000F0BD0B9F1020F0BD109AF4FF0000A40F60C45002CCED100242DE040F6BA
:202140000A45C6E72F4805930168B06828308847A8B1824602208AF804000AF10C070E984F
:202160000AADCAF81C002ECD09982EC7574647F8080F7CB12448026806F19000C2E72349A7
:2021800000221E484FF0000A1FF0EBFE40F6014509AFA1E7059B00250124069828B196F8CB
:2021A000600010B140F6044596E70DF1230049465A46CDE90070304602F0B4FAB0F1FF3F97
:2021C00004DD48B1012040F60E4502E0012040F601458DF823007FE7069840B10120A6F8A0
:2021E000628086F86000D7E90001C6E91901002C3FF472AFBAF1000FBCD185E700381026F4
:2022000020530C18B8BE1300ACBE130098530C18CC530C18676174745F68616E646C655FF5
:20222000617474725F7570646174655F726571002DE9F04F87B080460C46ADF808100846AB
:20224000114699461746ADF8062001F0C5F9054680B395F8740005282CD13048DDF840A09B
:202260000168A86828308847002844D006460322DDE9040106F108033271B346039A83E8A0
:2022800003013346504672613246B24622F81E0F23F81C9F40442AF81A7F41462BF8184F7B
:2022A00000902846FEF7A0FC00282BD468B340F60E4706E00DF1060A0DF1080B40F604473C
:2022C00000261848012218493B461FF04AFEBAF800103A46BBF8000006F0BEF916B110485B
:2022E00000F080FE11A1404640F2AF1207B0BDE8F04FF1F719BB0DF1060A0DF1080B40F699
:202300000147DDE740F60147DBE7054905F190000A68314607B0BDE8F04F1047B8BE130039
:20232000ACBE130000381026FC530C18676174745F68616E646C655F617474725F6D756CFD
:2023400074695F6E6F746966795F7265710000007CB51C46154601F03FF9079E28B1069BCB
:2023600029462246009602F0FDFD04A130464FF4E17202B0BDE87040F1F7D6BA6761747424
:202380005F68616E646C655F617474725F726561645F63666D0000007CB51D46164601F0E7
:2023A0001BF9079C28B1069B31462A46009403F02BF844B104A1204640F2D31202B0BDE8ED
:2023C0007040F1F7B1BA7CBD676174745F68616E646C655F617474725F77726974655F63E0
:2023E000666D0000B0B51C46154601F0F5F828B129462246BDE8B04002F0F0BFB0BD00BFF8
:202400002DE9F04F8BB09046DDE914B28A468146BBF1000F0A930CD0981E03280BD8042512
:20242000DFE800F017020E131625072A08BF08250FE000250DE01546062A18BF142508E0C7
:202440001546042A18BF122503E01546082A18BF1625884840F24D23884A807D013020F0E1
:20246000010705FB0B7081B283480078F1F7F2F80026002800F0FA8005A9CDF8208081E85D
:20248000200600EB07090021DDF8588009F1040E0A9C09F10203DDF854C00026049009F1FF
:2024A000060009914FF0000A39465E4500F0C280A21E032A4CD8DFE802F0020F2335B8F8FC
:2024C000002029F8262009EB8602B8F802A008F10408A2F802A091E0B8F800A0BCF1070FE2
:2024E0004BD129F836A009EBC60298F802505580B8F803509580B8F8055008F1070825E02C
:202500005C46C3463BF802ABBCF1040F62464CD129F826A009EB8602B8F8025008F1040841
:20252000558069E0B8F80070BCF1080F099749D129F8367009EBC602B8F802505580B8F8D5
:2025400004509580B8F8065008F10808D58055E0B8F80020BCF1060F56D106EB460729F861
:20256000172009EB4702B8F802A0A2F802A0B8F8047008F10608978040E01625102706FB84
:2025800005F229F802A006FB059298F802505580B8F8035008F105089580024677B318F892
:2025A000015B013F02F8015BF8E706EBC602102729F812A01A46F7B11BF8015B013F02F8D6
:2025C000015BF8E7162506FB05F229F8027006FB0592B8F8025000275580B8F8045008F167
:2025E0001608C2F806709580C2F80A70C2F80E70C2F8127002E0D846A3460A9C0EF1140E20
:2026000012331630013650E706EB860729F8272009EB87021027B8F802A008F10408A2F836
:2026200002A07246002FE9D018F8015B013F02F8015BF7E70998052C50EA0A86179800B17C
:2026400086800598224600905B460698049D01900798029008980390284606F091F828B144
:202660000649284640F2CB22F1F75EF9B0B20BB0BDE8F08F5402100005001000EC25050469
:202680002DE9F04F8DB007465248807D013020F00100051F0A2DC0F09180DDF858808946EA
:2026A0001A9E9346DDE918414CA240469A46A64218BF00EB4100284440F2013381B2464898
:2026C0000078F0F7C7FF002878D01B9BB8F1000F12D0199A00EB05080B9757000C90A642ED
:2026E00019D0002A44D0002090420ADA36F8021B013028F8021BF7E700214FF0000C199A27
:2027000048E000F069FC199A3919DDE90B701B9B94FBF2FC3EE0002A53D0CDE9079508EB13
:202720000709179D571E1698CDE909BA4FF0000B284490FBF2F0A0F1020ACDF818A0934524
:202740001FDA34F8020B002F28F8020B504608BF401B002D50EA1A8A4846214652461FF08C
:202760000AFC199A5444D144013F0BF1010BE6E700F032FC199A4FF0000CDDE90B701B9BCB
:2027800012E01699DDE9085BDDE90AA70C981B9BDDE906C939B9012A05D131884FF0000C12
:2027A0000224415300E00C46CDE9033C514605922A4623468DE8800A09F072FF0DB0BDE866
:2027C000F08F4FF0000C40F607470C981B9B169CEAE700BF540210000500100067617474E4
:2027E0005F617474725F726561645F636D706C0010B504464188008800F0EEFE48B190F8FC
:202800007410052904BF817B00290BD040F6044001E040F60840A38862882188BDE81040B7
:2028200009F009BF218911B16289914202D940F60740F0E7A188CA1E032A04D221460022E1
:2028400001F074FDE7E701390129F0D82146002201F013FDDFE7B0B588B01D46144600F082
:20286000BBFEB0B30C9955EA010232D0428A4FF6FF739A420DD1828823468068818A002090
:20288000CDE90000CDE9020040F20A40FFF7B8FD1FE0002D55EA12928A421AD8ADF8181009
:2028A00000F116010791818AADF81A10E11E0329ADF81620ADF8144004D205AA002101F008
:2028C00035FD06E0611E012903D805AA002101F0D4FC08B0B0BD00BF70B586B0044680883A
:2028E000042805D1A089802804BF206900282CD06188208800F070FE48B190F87410052973
:2029000004BF817B002911D040F6044001E040F60840A388022B27D0012B04D104F10806C2
:202920000123012524E00025002621E0A388591E04290DD8DFE801F00F14032A0300218994
:20294000022925D240F60740E3E740F60140E0E740F60740DEE72189D1B940F60740DDE719
:202960002189A9B940F6074004F108060125022362880DF1080C21880024CDE90044ACE829
:2029800070000594FFF77CFE06B070BD218929B1214601F0FBFC0028BBD1F5E7002504232C
:2029A00040F60740C0E700BF2DE9F04786B0994614468A46074600F00FFEDDF83C80054682
:2029C00080B195F87400052812D1022C36D0052C0CD1A868017B0630FAF782F870BB40F6E5
:2029E0000F4007E0002640F6084004E0A87B18B340F604400026032C0AD1354952468B7D63
:202A00000021CDE900110291394609F0C1FD06E0394652462346CDF8009009F025FE16B167
:202A20002A4800F0DFFA2BA140464FF49A62F0F77BFF06B0BDE8F087052CCAD0B9F1000F13
:202A40003CD00E98621EADF814000026B8F80200CDF810800430ADF8160040F60740042AC4
:202A6000C9D804A9DFE802F0170417030400C2E715480168A8682830884710B30646A0F8C9
:202A80000690022C5FEA0F90307131460598F060049841F8080FB8F8003028460091214653
:202AA0004A4601F0C3FC0028A5D1002EC1D007483146026805F190009047BAE740F60740CE
:202AC00098E740F6014095E7B8BE1300ACBE130054021000676174745F68616E646C655F3E
:202AE000617474725F77726974655F72657100007CB516460C46054600F06EFD78B190F8B4
:202B00007430817B052B08BF00290BD0009102220C480D491FF025FA40F604400BE040F6F2
:202B2000084008E0012E04D8314601F0B5FC10B97CBD40F607402946224602B0BDE87040E4
:202B400009F068BD0038102630540C18F8B500F043FD48B100210122CDE900110023CDE987
:202B600002111E21FDF770FC8FBD80B5042100F033FD18B1BDE88040FDF768BD80BD00BF9A
:202B8000F0B585B02D4F04461546B88B60B124F00100022805D12A49284640F21E52F0F767
:202BA000C3FE40F604413AE0601EBC83042817D80A46DFE800F00318233A3C00EB7BE98855
:202BC000A8882A7895F802C095F801E0AE7B0835FB76CDE90065CDE902ECF1F711FF29E0CF
:202BE00040F6074119E042F208002946F1F738FF1349064628464FF4A76209E042F209000C
:202C00002946F1F72DFF06460D49284640F23D52F0F78AFE86B94FF4B4710020B883204689
:202C200005B0BDE8F04009F009BC012000E00020F1F738FF0028EED005B0F0BD540210005E
:202C4000242605042DE9F04F8FB0454F04460D46B88B78B124F00100022807D1287928B15F
:202C6000A86840F26B523F49F0F75EFE204640F6044131E0601EBC83042808D8DFE800F018
:202C8000030A17323600B87FD0B30120EFE740F607411EE000F098F942F23700F2F76DF940
:202CA0000646287990B1A8684FF4B3620BE000F08BF942F23800F2F760F90646287928B1AB
:202CC000A86840F2A5522749F0F72EFEAEB94FF4B4710020B883204600220FB0BDE8F04FE3
:202CE00009F05ABD6978AA1C012002E06978AA1C0020F2F762F90028E9D00FB0BDE8F08F4B
:202D000001202B78B87768680E90A8680D9068886E7B0C90687EFB7787F8206095F80CC080
:202D200095F80EE095F8158095F8169095F817A095F818B0A97EEA7E089005F10F00099164
:202D40000A92CDE900C6CDE902E004A880E8000F18460E9ADDE90C13F2F7C3F8CBE700BFA0
:202D60005402100004260504B0B50F4D0446A87F08B1052112E0E977AC772CB1022C07D151
:202D80000846F2F73CF901E0F2F73EF910B1B0BD042101E04FF4B4710020A8772046BDE8E0
:202DA000B04006F05BB800BF54021000B0B5134D044695F8270008B1052119E085F8274076
:202DC00034B1012C07D0022C0ED142F2480004E0F2F7F0F903E042F24700F2F7D7F900B103
:202DE000B0BD4FF4B47100E00421002085F827002046BDE8B04006F0D7B800BF5402100090
:202E0000B0B5114D0446A87E08B1052117E0AC7634B1012C07D0022C0ED142F2120004E067
:202E2000F1F727FF03E042F21100F1F726FF00B1B0BD4FF4B47100E004210020A876204620
:202E4000BDE8B04005F062BE5402100070B50D46064600F013FB78B10446808A2946F7F7C6
:202E600007FE0146A07D40F00200A07559B1A08ABDE87040FEF788BC40F606403146BDE848
:202E8000704009F063BC70BDF0B585B00D4600F0F5FAB8B10446807DC00713D0E38B002D3C
:202EA000A28B5FEA0F95618BA08A268C678CB4F824C08DE8C0100395F7F7A4FDA07D00F034
:202EC000FE00A07505B0F0BD2DE9FF4104462D481E460D4600212A4603682B48984703461A
:202EE0000B9F2A4805222A49DDF828800396CDF80880CDE900471FF034F80EB1BDE8FF819D
:202F00002846012100F038FA0028F7D0E11E0529F4D8DFE801F0040F080A031EEEE7002123
:202F20000182BDE8FF81017C19E0017C477441F004010174B8F1080FE0D8DFE808F006054E
:202F40000505061F05151500D8E7017C41F0010107E000214174017C21F00401017401F0EE
:202F6000FC010174BDE8FF81017CB8F1080F41F009020274C2D141F00B01F2E7017C41F074
:202F80000301EEE784AE130000003026033810267C540C18E0B5034600280848074A407EF3
:202FA0000CBF884308435076C0B20322CDE90010034804491EF0D5FF8CBD00BF5402100025
:202FC00003381026D8540C18AE686978AA78EB782879CDE9000670472146169C4046224699
:202FE0001EF0C9BF31460268A86828301047000042880088514000F0010008435FEA1F9084
:20300000704710B54FF420510446FFF7F1FF08B1012010BD204642F60101BDE81040FFF71E
:20302000E7BF42F60211FFF7E3BF42F60301FFF7DFBF10B504461088C00704BF5088B0F589
:20304000205F08D04FF0FF304FF42052002300F00DF8024640B1A068407B012804D110884C
:2030600000055CBF002010BD012010BD2DE9F84F07460120984615460C4600F0A9F82C49F9
:2030800091F83510884240DA2A4900EB4000096901EB8009B9F80200B8B30020214600262E
:2030A00000F096F8B9F8081088422FDAD9F80420C0EBC00A02EB8A0642B33FB3012342F6CC
:2030C000030E012F53EAA3B42044C4EBC403C0EBC00C4FEA830B4FEA8C07002819D4884258
:2030E00017DAD35BDB070DD1D3195B88AB4213D023F00106B6F5205F07D0B5F5205F01D03D
:20310000734502D05A442044E7E700263046BDE8F88F02EB8A06F9E7B8F1000F1EBFB9F8EA
:203120000A100844A8F8000002EB8C06EEE700BFE40010005402100070B51D46144686684C
:20314000FFF777FF38B1A0691F4A35B11F49084216D0010905E0C32070BD111D084201466C
:2031600010D00A40022A2AD0032A0DD0B2F5803F0FD0082A10D1327C52070DD40F2070BD59
:20318000032070BD022070BD327C920704D4052070BD327C1207FAD5C0F30330727C00288D
:2031A00050EA00930020934288BF0C2006D811F004011EBF2088082121EA400070BD327C22
:2031C000D207E4D0E8E700BF0B000100F0001000F0B502461248047E0369124890F835007C
:2031E00005467DB15E8856B15E8914B18E4202D905E08E420ED21F8937448F4207D8013D6C
:203200000C33EEE7002A08BF4FF0FF30F0BD12B9881BF0BD0AB11888F0BD0020F0BD00BFDF
:2032200054021000E40010000146002000220023FFF71CBF10B5124991F8352011490969ED
:203240000A3192B131F8083C63B151F8063C834208D831F8024CC4EBC40403EB84041C3C83
:20326000844204D2013A0C31EBE7002005E0C01A1C220988B0FBF2F0084480B210BD00BF23
:20328000E40010005402100080F87410704700BF70B542798173A2B10B4B0025094ADB682A
:2032A00092F87B40E6B2B5420BD25E7836B19E68864204BF83F8741092F87B409C330135C6
:2032C000F0E770BDE4001000540210002DE9F8438846074600F050F8214D68B1214928468D
:2032E00000221EF03EFE23492846002200241EF038FE2046BDE8F8831C49DFF86C9089684F
:2033000099F87A000C3901300138ECD001F13406097C00293146F7D13446302154F8285D82
:20332000201D1EF02DFE0120256020713868C4F80600B88860810020002DA07384F80D80F4
:20334000D7D0DFF82C80002799F833008742D0D2D8F8002030462946904701372035F3E7DA
:20336000003810261C550C18E400100054021000ACBE130040550C18F8B505460D480C461B
:2033800090F87A700C488068861D77B116F8020C40B13046294606221EF0F7FD10B9F07966
:2033A000A04204D0013F3436EFE70020F8BDB01FF8BD00BFE4001000540210002DE9FE430E
:2033C0000E46814600F05AF8F8B128490746DFF89880CD6898F87B0005F10801024662B1A0
:2033E00011F8073C33B10B68BB4204BF31F8043CB3422FD09C31013AF1E7002438B169783F
:2034000039B101389C350134F8E7012323E0032321E078799C210130787128461EF0B0FD65
:203420000120AF602C70172168700322AE804B46B8F83600A5F88800002085F874007879BF
:20344000A5F88A100B49CDE90060094802301EF088FD06E002230648012207491EF081FD5D
:2034600000252846BDE8FE83E4001000540210000038102664550C18A4550C1880B5034653
:203480000A4890F87A100A48806839B1027912B1828A9A4208D001393430F6E705480122BB
:2034A00005491EF05EFD002080BD00BFE4001000540210000038102660560C182DE9FC4144
:2034C0000446838A407902220090114811491EF048FD6079B8B1DFF8408000260F4F0025A0
:2034E00098F87B10C8B285420DD2F8683044427832B18268A24203D100F012F898F87B1069
:203500009C360135EEE700202071BDE8FC8100BF03381026D4550C18E40010005402100024
:20352000B0B5044683881648012216491EF019FD204600210025FCF79DFE20460121FCF718
:2035400099FE20460121FCF7FFFEE06D28B10EA140F2AA22F0F7E8F9E56520460121A585C5
:2035600000F01AF8A068657084F87450417901394171090618BFB0BDBDE8B040FFF79EBF4B
:203580000338102600560C18676174745F667265655F6368616E6E0010B50446806F58B121
:2035A00041B1B4F87C10C90704D004A140F61302F0F7BAF90020A06710BD00BF6761747450
:2035C0005F667265655F64656665727265645F6D73675F6C6C0000001CB503460C4890F877
:2035E0007B200C48C0685AB1447834B184888C4203D18468A48A9C4209D0013A9C30F2E7A9
:2036000000910222044805491EF0ABFC00201CBDE4001000540210000038102620560C184B
:2036200080B5FFF7D9FF30B190F87400053818BF40F6044001E040F6074080B280BD70B52A
:20364000D8B1D1B1002242F6021342F605148A4216DA0588EE0704D146889E4218BFA6421F
:2036600002D101321C30F2E7AD07FAD5057E15F0700FF6D040F6054070BD40F6074070BD7D
:20368000002070BD70B5154C002315480225216990F8352013489A4205D04E884EB10C312B
:2036A0000C350133F7E71149002200241EF059FC11E000220330C1E900228A60012221690B
:2036C0004A532944012221F8023C07491EF049FC20692844841E204670BD00BF5402100074
:2036E000E40010000038102694560C18B8560C1870B5234B234A1969147892F83520E40750
:2037000011D100240AB381421CBF4D88002D07D00D894E893544A6B2013DB54255EAC48475
:203720000C31013AEEE70023BAB181421CBF4C88002C07D00C894D892C449DB2013CAC42E4
:2037400054EAC3830C31013AEEE7418969B1A0B2002488420CD21C7609E019041ABF03F131
:20376000100121F00F01012100E0611C418101248BB20548054901221EF0F3FB204670BD27
:2037800054021000E400100003381026DC560C182DE9F8431D46254B1646234ADDF82080A6
:2037A0001B6992F8352003F10A0700236AB137F8084C3CB157F8064C8C4203D150B1B342BA
:2037C00007D00133013A0C37F0E76FF00100BDE8F883002637F8020C013886421FDAC6EBFB
:2037E000C60001EB80042046FFF70BFCB8B138883044288037F8029C04F11C053446013657
:203800004E4505DA2846FFF7FCFB1C350028F5D038882044A8F800000020BDE8F8834FF05A
:20382000FF30BDE8F88300BFE40010005402100001888A0744BF0430704749074CBF00209D
:2038400040697047B0B554891C44013CA5B22D0A68B1108998420AD1064B108893F835305B
:20386000013B834201DDD08908B9FF24FF254D700C70B0BDE40010002DE9F04F97B0894603
:2038800023991C88074600201D460860012021460D92FFF79DFC064600202146FFF798FC7D
:2038A0008046DFF8980590F83500864280F299820220CDE90257B9F1030F08BF052008904B
:2038C00000F110000790A9F10100DDF898C04FF0FF3A249D4B462099DFF8642515905FEAB7
:2038E0001F900690002000270C90CDF8509006EB4600126902EB80025088002800F07A82EE
:20390000144634F80A0F0E94884200F2738202F1080013905068C8EBC8010B9200EB8102D8
:20392000CDE9116502F11406069A0C9DDDF83490C2EBC202CDF814C000EB820000EB810089
:20394000394600F1020B0020674610900491099113980088804580F2E98136F8140CC10764
:203960000CBF36F8124C00246FEA0A010AEBD17A159902293CD3032B6FD0052B00F08580AE
:20398000B3F5804F69D044F20100834240F0458214B12198022806D0002C40F0E48021988D
:2039A000102840F0E080DDE92120A6F112011EF0ECFA002840F0D7800E98A6F11404002373
:2039C00022460088404481B20398FFF7B5FB00280F9540F0C5812046FFF72AFF024620B11F
:2039E00036F8140C000700F1398136F8029C3CE1B4F5205F1CBF42F60100844240F0B38079
:203A00001098C00715D010962E46129D48460B9A4346A91CCDF828A0FFF714FF25993D4433
:203A200012953546149BDDF828A0109E0868C01B0860B9F1000F49D0B4F5205F46D1012B7A
:203A40004ED1B7F1FF3F40F3AE8036F8021CB8B20431884200F0AA80E2E142F6030084426D
:203A600018BFB3F5804F7ED13BF8020C0F95102510F00100DDE9070108BF881C08BF022567
:203A8000002F3ED487423DD064E142F602018C4269D13168002966D00C4610F0400002BF3C
:203AA00036F8022CC2EBC20201EB8204628A102A4FF0080208BF062200285FEA0F90002F2A
:203AC00000F1A280974200F0A08042E1B9F1000F04BF42F601008442B1D00020109042E0E9
:203AE00036F8140CDDE92042800754BF3168A6F1100122981EF049FA002875D0002010903D
:203B00004AE0074625980068B842C0F223810E9A01F0B9FC032B487015D136F8140C8007CA
:203B200054BF3068A6F1100012990E9A00784C1D8870108840440130C87010884044013035
:203B4000000A087100E08C1C204659462A461EF012FA2599DDF834900868C01B0860601948
:203B60000F9D12900135209CBAF1010F80F23B8101202146FFF72CFB119981420CD100200D
:203B80002146FFF725FB804506D115984FF0000A149B012801D9C2E0149B1C360BF11C0B9E
:203BA00008F10108D4E636F8020C071D25980068B842C0F235810E9A1299209C1088404437
:203BC000087010884044000A487036F8140C800754BF3168A6F110011298013536F8022C2A
:203BE00004301EF0C8F90CE02598002F48BF04270068B842C0F214810E9A013501F043FC01
:203C0000487001201090AFE71746259A1268BA42C0F29F8036F8022C16AB00930DF15A0327
:203C2000FFF7B6FD08B1209C76E00E9B129A19884144117019884144090A5170082FBDF82E
:203C40005A105180BDF85810918056D12188890755D46169129A0988D18055E01046144635
:203C60001EF0A2F9224600F1010909F10203002F03D49F4240F08B803B4625980068032846
:203C800071D30E99129D08884044287008884044000A687002350F9801300F90B9F1020F7F
:203CA0000AD14AB12198022806D1229842F602110088884202D15AE0002A58D025981146AA
:203CC0000768B81E484550EAB9842846224612931EF051F9259925440868001B209C023820
:203CE0000860B81E484512981295DDF8349057EAB0870F9D0020099036E7063205E0129A4C
:203D0000217991716179D171083212920135259A209C1168C91B116000283FF425AF1098B7
:203D2000C0077DD00F954FF0010905E01098C00708D04FF000090F95119E404C129DDDF8AB
:203D400024B02EE0BC460C95099F119E3B4C129D3AE00F95119E394C129DDDF824B01BE00C
:203D6000119E834616E04FF0000B1F4611E00E985F4202994FF0000B0088404408801098CD
:203D8000C00756D04FF00109119E2C4C09E04FF0000B119E294C129D1098C00744D04FF0FE
:203DA00001090D98A91C0B9A4346FFF74BFD25990868C01B0860B9F1000F35D1149B3D44C3
:203DC000BC460F985F460C9094F83510701C1C4A4FF0000801398E4220990646FFF687ADB7
:203DE00008E00A2715E01098BC46099F00F00100281A0C900C9923980129016003DB25980E
:203E0000C0F800C005E025990020002F086008BF0A27384617B0BDE8F08FDDE9047CE9E759
:203E2000BC460C95099FE5E70F98BC460C905F46E0E70F98BC460C900027DBE7E400100098
:203E4000540210002DE9F04F8BB0DDF850A006460846994690460D46DAF800B0CDF828B0E6
:203E6000FFF7E2F9159990B10746304629463A4600230024FFF760F900286BD13846FFF762
:203E8000D0F838B100246FF0010B002062E00120002460E03846FFF7C8F850B3ADF82250AD
:203EA0000AA909AA00244FF0FF300DF12203CDE902420022CDE90491032106903046CDE99A
:203EC0000054FFF7D9FCDDF828B0002842D1ABEB0800B0F1020BCDF828B042D408EB0900E0
:203EE0005946023071B310F8012B013909F8012BF8E77C8ACCB11BF101001FD0A5B24545F3
:203F000022DD3846FFF794FCC0B1A5EB08018B45C4BF0A918B46BBF1010FB6DB00EB080194
:203F200048465A461EF027F8AFE73888410701D401071AD400244FF0FF3BA6E700204FF034
:203F4000FF3B07E000200DE04FF000004FF0000BB8BF072015990C80CAF800B00BB0BDE800
:203F6000F08F072015995C46F5E7800754BF7869381D1EF019F8441CBDE700BF2DE9F04F68
:203F800089B0054608461C4690460E46D3F80090FFF74AF948B10746284631463A46012360
:203FA000FFF7CAF818B10646AAE00126A8E03846FFF737F810B16FF00109A0E0A7F11C06F4
:203FC0003046FFF732F8002800F0838031881298890754BF57F8081CA7F11801022809785B
:203FE00008BF11F004020AD0052808BF11F0400205D00026012808BF11F0080100D10326F3
:20400000052865D108EB090A4048414901225AF80C3C0230049002931DF0A3FFA868017BD2
:204020000630F8F76BFDD8B38346AAF108000390102138485A460368374898470346374986
:20404000049801221DF08DFF0DF1140AA8F10301A9F10502584653461DF0A1FF0AF1080BBC
:20406000DDF80CA00822584651461DF08EFFC8B1284E082128485246CDF810B033688346BD
:20408000984733680546049A5846082198470090022223492B461D481DF063FFC22617E0D3
:2040A000052615E0A868017B0630F8F744FD029A904203D9801A10F1FF0F08D3A8680132DD
:2040C000017B0630F8F73FFDA9F10C0900E0C126B6B93846FFF7ACFB798A31B128B1894577
:2040E00006DD4FF000090D260AE04FF0FF3906E0B9F1010FA2BF41464A461DF03CFF00267B
:20410000C4F80090304609B0BDE8F08F0038102604570C1884AE13000000502624570C18B9
:2041200044570C18B0B5054608460C46FFF77CF838B10246284621460023BDE8B040FEF753
:20414000FBBF0120B0BD70B5064608460D46FFF76BF840B104463046294622460123FEF70B
:20416000EBFF10B170BD012070BD2046FEF759FF08B1802070BDA4F11C052846FEF755FF73
:2041800068B12888800754BF54F8080CA4F11800007800074FF0000058BF032070BD00206A
:2041A00070BD418842F6030291421CBF4FF0FF307047018889074EBF007940690078704782
:2041C000017800201B2904D80122054B8A401A4203D1522918BFD22900D17047012070470C
:2041E0000C000008CA6882670A89A0F87E20CA88A0F880208988A0F87C1070472DE9F84300
:20420000FFF73CF960B3DFF85C800446DFF858900027002698F87B00C1B28E4220D2D9F846
:204220000C10CD19697811B1A968A14202D09C370136F1E7A9780029F9D0A96F0029F6D017
:20424000B5F880302846B5F87E20C9F80010FDF779FD01462846FFF79FF998F87B00E6E7F2
:20426000BDE8F883E4001000540210000E2110F47B4F08BFC1B2084670472DE9FE430446E7
:2042800081B18E88012E11D08889B1F80A80B1F80890102823D1098A0227ADF80A100DF19C
:2042A0000A051EE02AB31688012E26D14FF420500029ADF80A0001F1080008BF901C0588CB
:2042C00001F10A000DF10A0308BF101D02880220294600902046FCF7DEF901261EE00D696D
:2042E0001027A08204F1160029463A461DF043FE0DE040F60740BDE8FE83D08810271028C6
:2043000008BF02279568B2F80480B2F802902046494642463B460095FCF7B0F908B1BDE8B9
:20432000FE83002026826082BDE8FE83BCB5044621B10A1D01F10A00083102E012B3101D6F
:20434000911C158809880288052D05D0042D11D0032D07D1032000E0022028238DF80600DC
:204360008DF807300DF10600009020460223FCF79FF902E02046FCF775F900B1BCBD0020E4
:204380002582BCBD40F60740BCBD00BFBCB504468888013804280BD80D46DFE800F0030C1C
:2043A000171D270029892046FCF78FF998B3BCBD40F60240BCBD6A8920462989FCF791F9D2
:2043C0000028F4D12889A082688927E0EA6820462989FCF792F90EE0A88910280ED1288A55
:2043E0000223ADF806000DF1060009E0EA6820462989FCF78BF90028D9D110E02869102399
:204400006A89298900902046FCF752F90028CED144F2010005E02889A0820020E08244F255
:2044200002002082A88860820020BCBD7CB5044606980E4601391546022903D3032E10D019
:20444000052E1ED10146063008C92A46CDE9000120463146FCF764F9022E18BF052E13D17A
:204460007CBD0146063040C92A46CDE90001194620463346FCF7DEF90028F1D144F204002A
:2044800007E040F602407CBD0028E9D1658244F20300208200207CBD10B50446FCF7F6F996
:2044A00000B110BD44F20501218210BDF0B587B0044603F58060002918BF40F60D40111F21
:2044C0004FEA71010E2953D8012202FA01F144F2FF6211424CD0238A44F20101591A042933
:2044E00013D8DFE801F003031E273300A168638AA288DD1E898AADB2012D2DD80025CDE900
:204500000055CDE9025504952FE08BB3A1680025A288898ACDE90055CDE90255FDF770FF6D
:2045200026E0A168A288638A898A0093012308F09BF81DE010490025A2888B7DA168898A37
:20454000CDE90055029508F023F811E0A168A288898A08F05FF80BE00025012704F11406D9
:20456000CDE90055CDE9025704960595FEF788F80020208207B0F0BD540210007FB58668CA
:204580000025048A92B2058289B285880E30B68A8DE80E0023462A46039000203146FDF75D
:2045A0002FFF7FBDF0B587B01D46038A04460C98052B17D044F20106B34216D1A7684A430B
:2045C000A688638A4FF0000CBF8ACDE90201521BCDE90025CDE9040C002039463246FEF759
:2045E0004FF814E0062A08BF0121A6680025258204F10E07A58892B2B68A89B2CDE90012CF
:20460000CDE90207002031462A46FDF7F9FE0020208207B0F0BD00BF2DE9F04186B001394D
:20462000044604290ED84FF0000C00270020DFE801F005030E090E00B4F816C004F114001B
:20464000012704E04FF0000C002700200022A1684FF00008658AA688898ACDE90028CDE986
:2046600002373246CDE9040C00202B46FEF708F8A4F8108006B0BDE8F081BCB50446828880
:2046800080680B460025818A608A0090002007F0EBFF2582BCBD00BF7FB514460A46816890
:2046A0009BB20C4E8088898A35680290CDE9003123460898401B81B2284604F050F940B1EF
:2046C000306805A140F6B82204B0BDE87040EFF72BB97FBD54021000676174745F68616ED1
:2046E000646C655F6E6F746966795F696E6400002DE9FF4104460A48A6884FF00008857D8A
:20470000A068878A00208DE80E0032462B46394607F03EFFA4F81080012004B0BDE8F0812A
:2047200054021000F0B585B00B9C01251E88257075070A9D08D4B40754BF5E691E1D5B8A7D
:204740000024049300230AE0002323702B4633F8166F33F8024C049453F80E4C264404AFE7
:2047600001295FEA1F910296CDE900272246FCF7C5F90CB10499A98205B0F0BDF0B585B0C7
:204780008668002280F86020B0F86240D0E919528088337BB78A0636CDE900612946CDE934
:2047A0000270204603F065FF05B0F0BD2DE9F04389B00546808D0C4630B10E262089C6EACE
:2047C000004009B0BDE8F083606840F62533B5F88A10404A0E1A3E48B1B207960078EEF796
:2047E00039FFDFF8F490C9F8040090B3A5F852600DF11C0E63890DF12008A2784FF0FF3C01
:204800002188D4E903678DE8C80104F10803CDE9040E2846CDF818C0FFF72EF8079A0646AE
:20482000B2F1FF3F17DD0899012905DB26B9D9F8043028466769B847D9F80400002842D0C8
:20484000244940F65932EFF76FF80020C9F8040039E01126B2E708995042B5F852204FF07E
:2048600000080139A5F856804143A5F83880A5F854000231A5F85810511AA5F8521044F2E1
:2048800001010790A98501202189D9F81070FEF79FFC00EB400007EB800028632089A886A6
:2048A0006089E886E0686887E26822B1216905F13C001DF060FBD9F80400E8652846C9F8D8
:2048C0000480FDF7A7FA002E7FF478AF002078E703001000602605045402100010B586B075
:2048E0000C46022B20D108990988B1F5205F1CBF42F6010399421ED1104BADF80A200222C2
:204900000593002301920122B1F5205F5FEA1F918DF802106946CDE90333ADF80840ADF844
:204920000020FFF743FF00E00420002818BFC0EA044006B010BD1020F7E700BF510903047D
:2049400070B586B00C46B3F5205F1CBF42F601018B4218D1DDE90A51CDE9035101210191D9
:204960000221ADF80010B3F5205F5FEA1F91094E8DF8021069460596ADF80A20ADF808404B
:20498000FFF714FF00E01020002818BFC0EA044006B070BD65090304F0B587B00C9D0C46E2
:2049A00044F2010C022B44F201060CD12F8842F6030642F60201B74244F2010608BF032614
:2049C0008F4208BF05260E490691022102910021ADF80E20ADF804608DF80610664555EAEE
:2049E000018253EA018105920491ADF80C4001A9FFF7DCFE002818BFC0EA044007B0F0BD8D
:204A000081090304FEB5ADF808100221094B01914FF4804105930023ADF800106946CDE9B3
:204A20000333ADF80A208DF80230FFF7BFFE06B080BD00BF290A03042DE9F04F87B0044645
:204A4000C81E022801D2002710E0022907BFB2F80360B2F80190B2F801900026A08D8846C7
:204A600040B10E27002F18BFC7EA0947384607B0BDE8F08FB4F88A0040F66B43364A471EB1
:204A80003448B9B206970078EEF7E4FD334A002850603ED044F20200A4F85270B8F1020FA1
:204AA00008BF44F20600039000200DF1180A04900120C0072FD053680DF116001FFA89F53F
:204AC00093460190204629463246CDF800A0FFF7B9F988BB069F00205A4617F1020FE8D396
:204AE00003982946A085106902900120049001202687A4F83490FEF76BFB00EB4000029978
:204B000001EB800020632046FDF784F95A460020CFE70027A6E70498C0070BD10B212046D4
:204B2000B8F1020F08BF0D21536814463A46FBF785FF2246002701E007465A46506800287E
:204B400090D00549144640F6AB42EEF7EDFE0020606087E7030010004B2605045402100019
:204B60002DE9F04F87B00390022092FBF0F88F48DFF83C925E1C8B46002482460025029312
:204B8000454514DA0AF1020036F8014C494602222B4600941DF0E5F95CB158462146FFF77A
:204BA000C1FA023601350028EAD0074603E0002701E000240127BBF82C00002818BF0E2753
:204BC000002F40F0EA80BBF88A0040F6E643794E471E794ABDB2069730782946EEF73AFD42
:204BE000DFF8D8912946744A40F6E743C9F804003078EEF72FFD0546D9F80400002869D0E9
:204C0000002D67D002984FF00009039E049500F1020AA8F10105ABF85890ABF85270C8457B
:204C200060DD0EB1B81E06903AF8024C06A8049B0022A6B200900DF116000190584631467B
:204C4000FFF700F900285ED1069F012F30DB039EBBF85800002E594B1FBF5968BDF8162026
:204C60000A54BBF858001FBF59680844110A41703A461FBFBBF852000238ABF85200BBF8CF
:204C800058001CBF0230ABF85800596811FA80F004991DF070F9BBF858003844ABF85800E3
:204CA000BBF85200C01BABF8520087B2069705E017F1020F2CD2BBF85200039E010411D0C1
:204CC00016B180B201280DD00AF1020A013D09F10109A4E73A49504601223B461DF041F9FD
:204CE000112753E0DFF8D4905846BBF858200692D9F804300EB1212100E00F21FBF79EFE09
:204D0000049D002737E00746049DDFF8B09032E04DB169000BF13C008AB2ABF83A1051463E
:204D20001DF029F902E00020ABF83A0003990027DFF8889044F20700002950EA0090ABF8E0
:204D40002C0001203146049DABF83870ABF83440D9F81080FEF73CFA00EB4000D9F80410F0
:204D6000C9F8047008EB8000CBF830005846CBF85C10FDF74FF8D9F8040038B10E4940F645
:204D80004C52EEF7D1FD0020C9F804002DB10A49284640F65D52EEF7C7FD002F18BFC7EAF9
:204DA0000447384607B0BDE8F08F00BF0038102670570C18030010007A2605045402100015
:204DC000A8570C182DE9F04F85B08246488FB1F8525000240E468C854FEA500B5C485D49D5
:204DE00002222B460495CDF800B01DF0BAF85A4829465A4A40F676530078EEF72BFC0028F1
:204E000062D006F13E07814600244FF00008C34558D0BAF1000F1CBFA81E049037F8024C56
:204E200004A800900DF10E0001903046214600224B46FFF707F8002848D1049D012D1ADB0F
:204E4000BAF1000F1DD0464BB6F85800BDF80E2059680A54B6F8580059680844110A417033
:204E6000B6F852000238A6F85200B6F858000230A6F8580007E015F1020F29D2B6F85200E1
:204E800014E0B6F85800F16D2A4611FA80F049461DF071F8B6F858002844A6F85800B6F8B4
:204EA0005200401BA6F8520085B20495010409D0BAF1000F02D080B2012803D0023708F1BB
:204EC0000108A4E7002532E0112539E005462EE0ABF10100404502D1002070870FE06FEA0B
:204EE000080039465844400082B2708748461DF042F8728F06F13C0049461DF03CF8002526
:204F000044F20700BAF1000F50EA0090B085214613483587B48607690120FEF759F900EB20
:204F2000400007EB800030633046FCF773FFB9F1000F05D00949484640F6CF52EEF7F4FCB7
:204F4000002D18BFC5EA0445284605B0BDE8F08F02381026EC570C18030010003B260504BA
:204F600054021000F0B589B0044621B111F47B4F18BF0E2190E0A08D44F201011546421A70
:204F80000E210020072A00F22B810E9EB7883E4406F1060C0027DFE802F0040E83838317EB
:204FA000213DB4F85600002800F0B280A84200F0B1800120AFE0B4F85200A84250EA3582B3
:204FC00020460B21089207E0B4F85200A84250EA3582089220460D2163465AE0B4F85800D0
:204FE000E16D0844B4F85210A94251EA358561462A461CF0C0FF00F03DFAA4F8580009041F
:205000001CBF618F002940F07780E36D82B220460F213EE0E16DB4F85820B4F852008B54EE
:205020000238B4F85810E26D11441A0A4A70B4F852100239A4F85210B4F858100231A4F876
:205040005810A84250EAB585E06D2A46089510FA81F061461CF08FFF00F00CFA89B2022918
:20506000A4F8580011D3618F79B101202146FFF7A9FE44F20801002846D1A08D884200F0B4
:20508000B480E36DB4F8582001E0E36D82B220462121FBF7D3FC0021002708061FD0002035
:2050A000A28D44F201030025D31AA28E072B11D8DFE803F00406101010080A0D082509E001
:2050C0000A2507E00C2505E0020C0E2501E0020C20250146CBB220462946FBF70DFC4FB993
:2050E000E06D0025A58528B151A140F6F262EEF71BFCE56509B0F0BD00202146FFF762FE36
:2051000044F2070100286DD0A18500270021C7E7A4F856500020B4F85410022909D1B4F8AD
:205120005220A91CAA4252EA358538BF911CA4F8541088B1E08EA086B4F858000238A4F80B
:205140005800B4F8542080B2B0FBF2F1E36D20460791FBF715FC9EE76FF0010010FA81F066
:20516000A8423BD1B4F858002A46E16D084461461CF001FF2346B4F8580033F8341F284421
:20518000A4F85800DA8B521BDA8392B208925A889142D6D2E66D0131A1864FF0FF3CA18D5D
:2051A00016FA80F0658F07AE04F13C078DE8A4000022CDE9036020460DF1200ECDE905EC01
:2051C000FEF75AFB0898002815D4B4F85420B4F858000799B0FBF2F00144B7E70E21002051
:2051E00000275DE7A08D884201D101271CE0E36DB4F858200BE7B4F852000127A18E023862
:20520000A4F85200B4F858000230A4F85800074805690120FDF7DCFF00EB400005EB80002E
:2052200020632046FCF7F6FD002136E754021000676174745F726561645F726573756D6560
:20524000000000002DE9F04F91B00D461C9904460120264699460870904636F82C0F38B15A
:20526000052D4FF0010B18BF022D03D00E275EE04FF0000BDDF86CA0E8B200902046CDF8E5
:20528000409010AB41465246FEF778FE074600283FD11098B0F1FF3F3BDC10F1020F38D3B9
:2052A000BBF1000F04D003A8314634221CF063FECDF808B0012DD34605D0052D06D0022DAA
:2052C00008D1002005E044F2030002E00020A9F10C09308022484146A4F83080D0F810A0A1
:2052E0000120FDF775FF00EB40001A99CDE9001B2A460AEB800120464B46FCF79DFD1C9957
:2053000000200870029820B103A9304634221CF032FE052D0AD1C7B1A0680022818A47F4E1
:20532000806080B203F040FB052500E0AFB10D4803220D492B46CDE900781CF012FEC7EA87
:205340000844204611B0BDE8F08FA06800220024818A002003F028FBF3E70024F1E700BF92
:20536000540210000038102618580C182DE9FC47DDF82C80054601200F4688F80000A88D75
:2053800008B10E2006E0284639461E461446FEF7DAFE18B1C0EA0740BDE8FC8744F20400AC
:2053A0003946A8850C48DDF828906E86D0F810A001202F86FDF70CFF00EB40000322234666
:2053C000CDE900690AEB80012846FCF735FD002088F80000BDE8FC875402100010B5044668
:2053E00061B111F47B4F01D00E2101E0080605D0CBB220461821FBF77FFA02E02046FBF747
:2054000071FB0020A08510BDBFB515460446A1B111F47B4F01D00E2101E008060DD0A08DDB
:2054200044F204021225CBB2904208BF1625228E20462946FBF760FA19E0A08D44F2040176
:20544000884209D10898628E218E1844009020462B46FBF7FBFA0AE000201321CDE90000CB
:205460000122CDE9020020460023FAF7EDFF0020A085BFBDB4F85210B4F85800491BA4F818
:20548000521028447047129910884044087010884044000A7047000010B501880420A1F266
:2054A0000112A82A00F2AD80DFE812F01701FF00FF00FF00FF00FF000F01FF00FF00FF00FF
:2054C0000101FF00FF00FF001101FF00FF000501FF00FF0003011901FF000501FF00FF0098
:2054E000FF00FF00FF00A900FF00FF00F400FF00A900FF00FF00FF00FF001B01FF00FF0056
:20550000CA00FF00F400FF00FF00EC000701FF000F01FF001101FF00EC00FF001101FF00C1
:20552000FF001101FF001D01FF00FF00F400FF00FF00FF00FF00FF00FF000301FF00FF004F
:205540000101F400FF00FF00F400A900FF00FF00FF00FF00A900FF00FF00A900FF00F4007B
:20556000FF001F01FF00EC00FF000701FF000901FF00FF00FF00FF00FF00A900FF00FF006F
:20558000FF00FF00FF00F400FF00A900FF00FF002101FF00CA00FF00CA00FF000701FF00BA
:2055A000EC00FF002301FF001101FF00FF00FF00CA00FF000501FF000101FF002501FF00DA
:2055C0000F01FF00A900FF000901FF00A900FF000901FF00F400FF001301FF00FF00FF0056
:2055E000FF00FF00EC00FF001101FF001101FF00EC00FF000F01FF00FF00FF00EC00062096
:2056000010BDA1F10902302A1CD8DFE802F0604E194E434E4E504E4E605E4E4E4E624E766B
:205620004E60604E4E4E4E4E194E604E644E4E664E524E4E4E434E4E43524E644E4E780097
:20564000072010BDA1F2E2320E2A1DD9A1F540720C2A20D901291DD0B1F5DD7F37D040F2B8
:20566000BD10814223D0B1F5E27F0BD0B1F5387F1BD040F2E32081421DD040F2E52081429E
:2056800025D012E0022010BD012340F215549340234216D010BDDFE802F00A080A0808089D
:2056A0000A081A0807081A00F4E78420F2E70C2010BD0A2010BD1C2010BD012010BD03202B
:2056C00010BD062A03D00E2AC0D1102010BD082010BD092010BD122010BD182010BD1E2007
:2056E00010BD3C2010BD0E2010BD052010BD282010BD112010BD1A2010BD262010BD142066
:2057000010BD00BFB0B586B00D460446EDF72EFEC0B12046FFF7C0FE031D1F481F49022217
:2057200000941CF01EFCA5B11D4888211D4A40F2262302F03DF830B32146882205461CF0F7
:2057400038FC07E012480022124900241CF009FC1AE0254688200124ADF80C004FF480700C
:20576000ADF804004FF40E730F480E4A04950078029401A9EEF72EFB30B9049840F23A229B
:205780000849EEF7D1F80024204606B0B0BD00BF0037102658580C18033E112684580C18E5
:2057A00002001000952605047C0210001C2A3CBF002070471144C0B289B202A24FF41273FF
:2057C000EDF748BF627469665F6275666665725F67657400FF22027049B1112909D01029E8
:2057E00009D001291CBF00207047084904E0044902E0044900E0044909780170012070474C
:205800000000100007001000060010000100100002A140F27622EEF787B800BF6274696645
:205820005F6275666665725F707574000A46014601480078FFF7BABF00001000EDF796BDC9
:2058400080B5A2B001900120ADF80000684601F099FF22B080BD80B5A2B08DF80A100921D4
:20586000ADF8001001F091FF68468DF80B20FFF749FF22B080BD80B5A2B08DF80A100B21F5
:20588000ADF8001001F081FF6846FFF73BFF22B080BD00BFF8B507460E4815460C46073101
:2058A0000DA200784FF42C73EDF7D4FE78B10646847187800D2030801CB1F01D294601F0A1
:2058C0007EFF30460021BDE8F840FFF71BBF0020F8BD00BF00001000627469665F76656E16
:2058E000646F725F636D645F7265710010B5A2B0269C8DF80E40259C8DF804001020ADF85E
:205900000C40249C01F034FF68468DF80A408DF8093001F050FF22B010BD00BF80B5A2B0F7
:205920008DF80A10132101F08BFF06498DF80B2051EA008001F029FF6846FFF7E3FE22B0EF
:2059400080BD00BF4A22050480B5A2B08DF80A10142101F075FF06498DF8103051EA008047
:20596000039201F012FF6846FFF7CCFE22B080BD4A22050480B5A2B08DF80A10182101F04E
:205980005FFF07498DF80C3051EA00808DF80B2001F0FBFE6846FFF7B5FE22B080BD00BF1E
:2059A0004A22050410B5A2B08DF80A101A21259C1C2AADF800100F498DF82940249C8DF83A
:2059C000284028BF1C22002851EA00800468002B808851EA038101946C46ADF8080004F110
:2059E0000C008DF80B201CF0C6FA204601F0CAFE22B010BD4A22050480B5A2B08DF80A10C6
:205A000007498DF80B201C22002851EA008001F0BCFE6846ADF80020FFF774FE22B080BDD0
:205A20004A22050480B5A2B08DF80A101D2101F007FF06498DF80B2051EA008001F0A5FE48
:205A40006846FFF75FFE22B080BD00BF4A22050480B5A2B08DF80A102321ADF8001001F0F2
:205A600094FE6846FFF74EFE22B080BD80B5A2B0502001F083FE6846FFF744FE22B080BD37
:205A800080B5A2B0ADF804005220ADF80000684601F078FE22B080BDB0B5A2B01446024642
:205AA0000020FC2C1CD8029054208DF806408DF805108DF80420ADF8000064B109480AA2DF
:205AC0001D46214640F29F3301F072FE029030B1294601F074FE684601F054FE00E0002061
:205AE00022B0B0BD02001000627469665F636F6E6669677572655F646174615F706174688A
:205B00005F7265710000000080B5A2B0562001F035FE6846FFF7F6FD22B080BD80B5A2B090
:205B20008DF80910582101F072FE68468DF80A20FFF7E8FD22B080BD10B5A2B01C4600230A
:205B4000F72C21D88DF809105A21ADF800100168007903938DF80B408DF80A2001918DF84D
:205B600008005CB10A480BA221464FF4777301F01FFE039038B1249901F021FE684601F087
:205B800001FE034600E00023184622B010BD00BF02001000627469665F726561645F6C6F12
:205BA00063616C5F737570706F727465645F636F6E74726F6C6C65725F64656C61795F728E
:205BC0006571000080B5A2B0ADF804002520ADF800002498ADF8061001218DF80A006846FF
:205BE0008DF809208DF80830FFF78CFD22B080BD10B5A2B0ADF804002720ADF80000279841
:205C0000ADF8140026988DF80C002498ADF80610259C01688088CDF80D100121ADF8110019
:205C200068468DF81340ADF80A3001F0B5FD22B010BDF0B5A3B0289D2A24ADF80440052D97
:205C40001CD8DBB1DDE929762B9CADF808206A00ADF80C101946ADF81C60ADF81A70ADF84C
:205C60001E408DF81850ADF80A0001AC04F10A001CF081F9204601F085FD00E0002023B04C
:205C8000F0BD00BF1CB50C46049911B108B10B2C08D8009102220948234609491CF061F91F
:205CA00000201CBD41812C21018000210381C2808480BDE81C40FFF725BD00BF003710266B
:205CC00088580C1880B5A2B0ADF80400302001F04FFD6846FFF716FD22B080BD80B5A2B0B6
:205CE000ADF80400332001F043FD6846FFF70AFD22B080BD80B5A2B08DF804003420ADF8B4
:205D0000000025988DF80C0024988DF80A1001218DF80B00684601F08DFD22B080BD052AC1
:205D200018D8B9B110B5A2B0249CADF814406C46ADF804003620ADF80000A01D8DF8102071
:205D40005200ADF812301CF016F9204601F01AFD22B010BD00207047052B1ED8EAB1B0B5E5
:205D6000A2B0DDE92654ADF804003920ADF816406C468DF812305B00ADF8000004F108001E
:205D8000ADF8061011461A46ADF814501CF0F3F8204601F0F7FC22B0B0BD0020704700BF72
:205DA00080B5A2B08DF80A10002808498DF80B204FF4DD7251EA0080ADF8002001F0E5FCB0
:205DC0006846FFF79FFC22B080BD00BF4A22050480B5A2B08DF80A10002808498DF80B20F2
:205DE0004FF4DE7251EA0080ADF8002001F0CDFC6846FFF787FC22B080BD00BF4A2205046C
:205E000080B520F00041B0F1FF3FC8BF4FF0FF310846F5F7BBFC00285FEA1F9080BDF5F7ED
:205E2000E5BCF5F7E9BCF5F7D1BBF5F7EDBC10B5A2B0269CADF81040259CADF804004FF4A8
:205E40009F70ADF80E40249C01F092FC6846ADF80C40ADF80A3001F09FFC22B010BD80B523
:205E6000A2B0ADF8040040F22D1001F081FC6846FFF748FC22B080BD80B5A2B0ADF8040023
:205E80004FF49870ADF80000684601F07BFC22B080BD80B5A2B0ADF8040040F2231001F067
:205EA00067FC684601F087FC22B080BD80B5A2B08DF804004FF49E70ADF8000000290648D1
:205EC0008DF80B2050EA018001F06AFC6846FFF719FC22B080BD00BF4A22050480B5A2B07D
:205EE0004FF4B471ADF8001048B181880068ADF80810012101906846FFF704FC00E0002007
:205F000022B080BDF5F740BD80B5A2B0ADF804004FF4AF70ADF80000684601F033FC22B0B2
:205F200080BD80B5A2B0ADF8040040F2BD10029101F024FC6846ADF80C20FFF7E3FB22B02C
:205F400080BD00BFB0B5A2B00C460021029140F2E5218DF80400ADF8001088B10C4900EB99
:205F6000400085000BA240F27D53097808462946EDF770FB029038B121462A461CF019F8B1
:205F8000684601F0FFFB00E0002022B0B0BD00BF02001000627469665F676174745F737260
:205FA00076335F7265675F72657100002DE9FC47DDF838900AAF98461646B0CF8A4657B1B4
:205FC0000D9B08B1172B12D813480222134900971BF0C7FF1DE008B1FFF71AFC104811A224
:205FE000882140F2AF5301F0E3FB90B100234FF482714582018000210682A0F80EA087821B
:20600000C0E90184C38280F80C90BDE8FC47FFF779BB0020BDE8FC8700371026C0580C18F6
:2060200002001000627469665F676174745F617474725F7570646174655F726571000000F7
:206040001CB553B1049C08B10B2C08D80A4802220A49009323461BF084FF00201CBD8180AE
:206060004FF438710180002144810381C280BDE81C40FFF747BB00BF0037102600590C1865
:2060800010B5A2B0249CCDE9012340F20712ADF80E100121ADF80C006846ADF81040ADF826
:2060A0000020FFF72FFB22B010BD00BF2DE9FC470C9F9846DDF838901646DDE90A4A0D46FA
:2060C00057B10D9B08B1152B12D814480222144900971BF046FF1EE008B1FFF799FB1148CF
:2060E00011A2882140F21D6301F062FB98B1002340F209114681018000210581838207820F
:20610000A0F80EA08481C0F80480A0F81290BDE8FC47FFF7F7BA0020BDE8FC87003710267A
:2061200048590C1802001000627469665F676174745F617474725F726561645F63666D002A
:2061400010B5A2B0ADF8040040F20B10249C01F00FFB6846ADF80E40ADF80C300292FFF76B
:20616000D1FA22B010BD00BF2DE9F8430A9F9846DDE9084916460D4657B10B9B08B1132BB3
:2061800012D813480222134900971BF0EAFE1CE008B1FFF73DFB104810A2882140F25C6329
:2061A00001F006FB88B1002340F20D11468101800021058143820782A0F80E908481C0F811
:2061C0000480BDE8F843FFF79DBA0020BDE8F8830037102684590C180200100062746966A9
:2061E0005F676174745F617474725F707265705F77726974655F63666D00000080B5A2B0BA
:20620000ADF8040040F20F1001F0B2FA6846ADF80A3001F0C1FA22B080BD00BF7CB51C464D
:20622000089B069D08B1112B07D80C4802220C4900951BF096FE00207CBD079E038203239A
:2062400081804FF48E7101800021C681858144810372C280BDE87C40FFF754BA00371026BE
:20626000C8590C1880B5A2B0ADF804004FF48F7001F07EFA684601F09EFA22B080BD00BFF9
:2062800010B5A2B0ADF804004FF48970259CADF80610ADF800002699064801F0A8FA6C468F
:2062A00004F1100001F0ACFA204601F06BFA22B010BD00BF4A22050410B5A2B0ADF80400F3
:2062C00040F21510249C01F053FA6846ADF80C40ADF80A3001F06FFA22B010BD10B5A2B0DB
:2062E000269CADF804004FF48B70ADF81040259CADF80610ADF800002799064801F077FA6F
:206300006C4604F1120001F07BFA204601F03AFA22B010BD4A22050410B5A4B00C46269995
:20632000022B1AD30B2B18D8B9B1ADF80E204FF48C72ADF810300028ADF80C4018BF40F298
:20634000E322ADF8082002AC04F10A005A001BF012FE204601F016FA06E0009102220348FC
:2063600003491BF0FEFD002024B010BD003710260C5A0C187CB51C46DDE9075308B1112B6B
:2063800007D80C4802220C4900951BF0EAFD00207CBD069E0382002381804FF48D71018062
:2063A0000021C381858146810472C280BDE87C40FFF7A8B9003710264C5A0C1880B5A2B07D
:2063C000ADF8040040F2211001F0D2F96846FFF799F922B080BD80B5A2B0ADF804004FF43D
:2063E000E270ADF80000684601F0CCF922B080BD10B5A2B08DF81B1040F2011101F020FA1D
:206400000B496C468DF81A3051EA0080002A036851EA028180881022ADF8080004F10A00B3
:2064200001931BF0A8FD204601F0ACF922B010BD4A22050480B5A2B08DF80A1040F22B1174
:2064400001F0FEF9044951EA008001F09EF96846FFF758F922B080BD4A22050480B5A2B0C4
:206460008DF8040040F23110ADF80000684601F089F922B080BD00BF10B5A2B08DF80400EC
:2064800040F23310ADF8000027988DF805108DF8060025990B480029249C50EA01808DF8C4
:2064A000134001688088269C03910121ADF8100068468DF81240ADF80A3001F06DF922B05E
:2064C00010BD00BF4A22050470B5A2B014460D460646202906D31248012212492B461BF0D5
:2064E00040FD1F2500208DF80550029040F235108DF80460ADF8000055B10B480BA2294615
:2065000040F2A27301F054F9029028B101F088F9684601F037F900E0002022B070BD00BF8C
:2065200001371026885A0C1802001000627469665F6C655F6164765F646174615F736574C2
:206540005F7265710000000080B5A2B04FF4B37001F014F96846FFF7D5F822B080BD022106
:20656000FCF718BDF0F75ABB80B5A2B08DF8040040F237108DF8051001F000F96846FFF7A6
:20658000C1F822B080BD10B5A2B08DF8040040F23910249C01F0ECF868468DF80B408DF880
:2065A0000A3001F0F9F822B010BD00BF10B5A2B08DF80C300029174B8DF80B204FF4947205
:2065C00053EA0181ADF800200B688988249AADF809102699259CADF80E408DF804008DF8B6
:2065E0000D20CDF8053040B102F007000022030604D0431E01321840F9E70122D2B26C4666
:2066000004F1100012011BF0B6FC204601F0BAF822B010BD4A22050480B5A2B0ADF8040058
:2066200040F241108DF8061001F0A8F86846FFF769F822B080BD0121FCF7ACBC80B5A2B093
:206640004FF4AE7101F0E3F86846FFF75BF822B080BD00BF10B5A4B014460F4AD28DA24238
:2066600008D20E4823460E49009202221BF079FC00200EE0269AADF80C004FF4A470ADF879
:206680000E100121ADF8142001F0DEF802A8FFF739F824B010BD00BFE40010000037102688
:2066A000C85A0C18B0B5A4B01446104AD28DA24208D20F4823460F49009202221BF051FCE4
:2066C000002011E0DDE92852ADF80C0040F24B10ADF80E100121ADF81620ADF8145001F071
:2066E000B3F802A8FFF70EF824B0B0BDE400100000371026085B0C1880B5A2B0ADF80400F0
:206700004FF4A67001F034F86846FEF7FBFF22B080BD80B5A2B0ADF8040040F24F1001F0A5
:2067200027F86846FEF7EEFF22B080BD80B5A2B0ADF804004FF4A87001F01AF8684601F06E
:206740002BF822B080BD00BF1CB51C46049B14B108B10B2B07D80A4802220A4900941BF07B
:2067600000FC00201CBD81804FF4A9710180002143810481C280BDE81C40FEF7C3BF00BF62
:2067800000371026485B0C1880B5A2B0ADF8040040F2551000F0ECFF684601F00CF822B0AE
:2067A00080BD10B5A2B04FF4AC74FF28ADF8004001D9002007E08DF806100121ADF80400CF
:2067C000684600F0FFFF22B010BD80B5A2B04FF4AD72FF28ADF8002001D9002007E08DF843
:2067E00006100121ADF804006846FEF78BFF22B080BDF4F7DBBF80B5A2B0ADF804004FF484
:20680000B87000F0B5FF684600F0C6FF22B080BD80B5A2B0ADF804004FF4B77000F0A8FF09
:206820006846FEF76FFF22B080BD80B5A2B0014640F27D10ADF8000041B1002010228DF83D
:206840000400684605301BF096FB02E001208DF80400684600F096FF22B080BD00F0FD00FA
:2068600001285FEA1F907047B0B5A2B08DF8040040F273106D46ADF80000A81D8DF8051094
:206880001AB191888180116801E000218180269C016005F10C0023B1194610221BF06BFB9C
:2068A00004E00021C0E90011C0E9021105F11C0024B1214610221BF05EFB04E00021C0E9CB
:2068C0000011C0E90211684600F05CFF22B0B0BD80B5A2B08DF8040040F27510ADF8000047
:2068E0000029054850EA018000F05AFF6846FEF709FF22B080BD00BF4A22050480B5A2B0A9
:206900008DF8040040F27710ADF800000029054850EA018000F044FF6846FEF7F3FE22B0C6
:2069200080BD00BF4A22050480B5A2B08DF8040040F27910ADF80000684600F023FF22B0E4
:2069400080BD80B5A2B0ADF8040040F27B10ADF80000684600F016FF22B080BD80B5A2B01F
:206960008DF8040040F27F10ADF80000002906488DF80B2050EA018000F012FF6846FEF7A2
:20698000C1FE22B080BD00BF4A22050480B5A2B08DF804004FF4B070ADF80000684600F03F
:2069A000F1FE22B080BD80B5A2B08DF804004FF4B1708DF8051000F0E1FE684600F008FF57
:2069C00022B080BD80B5A2B04FF4B27000F0D6FE6846FEF797FE22B080BD80B5A2B08DF8A5
:2069E000040040F28F108DF8051000F0C7FE684600F0EEFE22B080BD10B5A2B0ADF804001A
:206A000040F29110249C8DF8061000F0B7FE68468DF8094000F0D6FE22B010BD80B5A2B03D
:206A20008DF8040040F293108DF8051000F0A6FE684600F0CDFE22B080BD80B5A2B08DF846
:206A4000040040F295108DF8051000F097FE68468DF8073000F0BCFE22B080BD80B5A2B092
:206A60004FF4DA7000F08AFE6846FEF74BFE22B080BD80B5A2B040F28312ADF8002038B11A
:206A80008DF8041000F08CFE6846FEF73BFE00E0002022B080BD80B5A2B08DF8040040F2B6
:206AA0009D108DF8051000F069FE6846FEF72AFE22B080BD042984BF0020704780B5A2B090
:206AC0008DF8040040F289108DF80510ADF8000049B1684601EB410104304B000230114645
:206AE0001A461BF048FA684600F04CFE22B080BD10B5A2B08DF8040040F28510ADF80000E6
:206B00002E988DF81F002D988DF81E002C988DF81D002B988DF81C002A988DF81B002998B6
:206B20008DF81A002898ADF806108DF8190027990D48269C002950EA01808DF812400168A2
:206B4000259C80888DF81140249CCDF813100121ADF8170068468DF81040CDE90223FEF7BD
:206B6000D1FD22B010BD00BF4A2205042DE9F041A2B0289C984617460E460546FC2C06D33C
:206B800015480122154923461BF0EBF9FB2400208DF80840039040F287108DF807808DF8C6
:206BA00006708DF805608DF80450ADF800005CB10B480CA2214640F6832300F0F9FD03902D
:206BC00030B1299900F0FBFD684600F0DBFD00E0002022B0BDE8F08101371026885B0C1857
:206BE00002001000627469665F6C655F6578745F6164765F646174615F7365745F72657119
:206C00000000000080B5A2B08DF8040040F28D108DF8051000F0B2FD684600F00BFE22B0E3
:206C200080BD10B5A2B08DF8051002F005018DF8040040F28B10ADF8000000208DF80620A8
:206C40000A0603D04A1E01301140F9E7C1B26C46490051FA80F0420004F1080019461BF0B5
:206C60008AF9204600F08EFD22B010BD80B5A2B08DF8040040F29F1000F07AFD6846ADF866
:206C80000A3000F089FD22B080BD00BFB0B5A2B0154600228DF8040040F2A11002928DF8BD
:206CA00006508DF80510ADF800005DB109480AA21C46294640F6D52300F07AFD029028B163
:206CC00000F0AEFD684600F05DFD00E0002022B0B0BD00BF02001000627469665F6C655FDD
:206CE0007365745F706572696F6469635F6164765F646174615F72657100000080B5A2B0D9
:206D00008DF8040040F2A3108DF8051000F036FD6846FEF7F7FC22B080BD00BF80B5A2B05D
:206D20008DF8040040F29710ADF80000002A09488DF8051050EA02808DF80C300168808849
:206D4000CDF806100121ADF80A006846FEF7DAFC22B080BD4A22050480B5A2B0ADF804005A
:206D600040F2A910ADF80000684600F00BFD22B080BD80B5A2B08DF8040040F2A510ADF832
:206D8000000026988DF812002598ADF810002498ADF80E001868CDF8070098888DF80510B7
:206DA0000121ADF80B00684600F012FD22B080BD80B5A2B040F2A71000F0E0FC6846FEF766
:206DC000A1FC22B080BD80B5A2B0ADF804004FF44C708DF8061000F0D1FC6846FEF792FC4F
:206DE00022B080BD80B5A2B0ADF804004FF4507000F0BEFC684600F0DEFC22B080BD80B5EB
:206E0000A2B0ADF8040040F2423000F0B1FC684600F0C2FC22B080BD80B5A2B08DF80400BB
:206E20004FF4517000F0A4FC68468DF80A3000F0B3FC22B080BD10B5A2B0ADF8040040F2B1
:206E40004630249C8DF8061000F098FC68468DF80C40ADF80A3000F09FFC22B010BD00BF96
:206E6000B0B5A2B000F0B8FC4FF440708DF80A408DF808508DF807308DF806208DF8051017
:206E8000ADF800000BD0094809A2214640F6923300F08EFC039030B1299900F090FC68463A
:206EA00000F070FC00E0002022B0B0BD02001000627469665F6C655F72656365697665729C
:206EC0005F746573745F76335F72657100000000B0B5A2B000F080FC40F202308DF80A408E
:206EE0008DF808508DF807308DF806208DF80510ADF800000BD0094809A2214640F6B633B2
:206F000000F056FC039030B1299900F058FC684600F038FC00E0002022B0B0BD0200100092
:206F2000627469665F6C655F7472616E736D69747465725F746573745F76335F7265710092
:206F400080B5A2B04FF4417000F018FC6846FEF7D9FB22B080BD00BF10B5A2B000248DF8AD
:206F6000040003944FF44470249C8DF808408DF807308DF806208DF80510ADF800005CB13F
:206F800009480AA2214640F6E23300F011FC039030B1259900F013FC684600F0F3FB00E0A8
:206FA000002022B010BD00BF02001000627469665F6C655F616F785F7365745F636F6E6E0D
:206FC000656374696F6E6C6573735F6374655F7472616E736D69745F706172616D735F7258
:206FE0006571000080B5A2B08DF8040040F212308DF8051000F0C2FB6846FEF783FB22B0FD
:2070000080BD00BF10B5A2B00024ADF8040003944FF44570249C8DF809408DF808308DF831
:2070200007208DF80610ADF800005CB109480AA2214640F6114300F0BBFB039030B1259916
:2070400000F0BDFB684600F09DFB00E0002022B010BD00BF02001000627469665F6C655FAE
:20706000616F785F7365745F636F6E6E656374696F6E6C6573735F69715F73616D706C69B9
:207080006E675F656E61626C655F72657100000010B5A2B01C460023ADF8040040F2063001
:2070A00003938DF808408DF807208DF80610ADF800005CB109480AA2214640F6364300F071
:2070C00077FB039030B1249900F079FB684600F059FB00E0002022B010BD00BF0200100047
:2070E000627469665F6C655F616F785F7365745F636F6E6E5F6374655F726563656976657F
:207100005F706172616D735F72657100B0B5A2B015460022ADF804004FF4427002928DF8FA
:2071200007508DF80610ADF800005DB109480AA21C46294640F6554300F03AFB029028B17E
:2071400000F06EFB684600F01DFB00E0002022B0B0BD00BF02001000627469665F6C655FDC
:20716000616F785F7365745F636F6E6E5F6374655F7472616E736D69745F706172616D73C0
:207180005F7265710000000010B5A2B0ADF804004FF44370249C8DF8061000F0EFFA6846B0
:2071A0008DF80B408DF80A3000F0F6FA22B010BD80B5A2B0ADF8040040F20A308DF806108A
:2071C00000F0DCFA6846FEF79DFA22B080BD80B5A2B08DF804004FF458708DF8051000F0FB
:2071E000CDFA6846FEF78EFA22B080BD70B5A2B0279C05460020F22C25D806904FF4607025
:20720000ADF800001868269E029018798DF8144004968DF807208DF80610ADF804508DF82A
:207220000C005CB109480AA2214640F6BE4300F0BFFA069030B1289900F0C1FA684600F070
:20724000A1FA00E0002022B070BD00BF02001000627469665F6C655F69736F63685F736542
:207260007475705F646174615F706174685F72657100000080B5A2B0ADF8040040F28230F5
:207280008DF8061000F07AFA6846FEF73BFA22B080BD80B5A2B0ADF804004FF46170ADF81F
:2072A0000000684600F06EFA22B080BD80B5A2B0ADF8040040F28630ADF80000684600F05E
:2072C00061FA22B080BD80B5A2B0ADF804004FF46270ADF80000684600F054FA22B080BD5F
:2072E00080B5A2B0ADF8040040F28A308DF8061000F044FA6846FEF705FA22B080BD80B5C3
:20730000A2B0ADF804004FF463708DF8061000F035FA6846FEF7F6F922B080BD80B5A2B07A
:20732000ADF8040040F28E30ADF80000684600F029FA22B080BD80B5A2B0ADF8040040F2DD
:20734000A1308DF8061000F019FA6846FEF7DAF922B080BDB0B5A2B0299D2A9CADF81650EB
:20736000289DADF81450279D8DF81250269D8DF804004FF469708DF818408DF811508DF8E4
:207380001030CDE90212ADF800003CB168462B9904EB84021A3052001AF0EDFD684600F03C
:2073A000F1F922B0B0BD10B5A2B06C4640F2A632A31DADF800208DF80400820018461AF0D9
:2073C000DAFD204600F0DEF922B010BD80B5A2B08DF804004FF46A70ADF80000684600F09A
:2073E000D1F922B080BDB0B5A2B02A9D8DF81650299D2B9C8DF81550289D8DF81450279D62
:20740000ADF81250269D8DF8040040F2AA308DF817408DF811508DF81030CDE90212ADF817
:2074200000003CB168462C99C4EBC402183052001AF0A1FD684600F0A5F922B0B0BD80B585
:20744000A2B0ADF8040040F2AD30ADF80000684600F098F922B080BD80B5A2B0ADF804000F
:2074600040F2AF308DF8061000F088F96846FEF749F922B080BD10B5A2B02A9C8DF8144045
:20748000299C8DF81340289C8DF81240279C8DF81140269C8DF81040259CADF80E40249C10
:2074A0008DF805108DF804004FF470702B99ADF80C406C46ADF8000004F1150000F0B4F9D3
:2074C000204600F05FF922B010BD80B5A2B08DF8040040F2C5308DF8051000F04FF96846A8
:2074E000FEF710F922B080BD10B5A2B02E9C8DF81A402D9C8DF819402C9C8DF818402B9CAC
:207500008DF817402A9C8DF81640299C8DF81540289C8DF81440279CADF81240269CADF891
:207520001040259C8DF80E40249C8DF805108DF8040040F2C2302F99ADF80C406C46ADF850
:20754000000004F11B0000F06FF9204600F01AF922B010BDB0B5A2B0279DADF81A50269D6E
:207560008DF804004FF472708DF819506D46ADF8000005F10900289C8DF808201022ADF8D0
:20758000061019468DF81C401AF0F5FC299905F11D0000F014F9284600F0F4F822B0B0BD3F
:2075A00080B5A2B08DF804004FF47370ADF80000684600F0E7F822B080BD80B5A2B0ADF838
:2075C00004004FF4DF70ADF80000684600F0DAF822B080BD10B51BB110B1029C0C2C01D2F6
:2075E000002010BD81804FF4E0710180002144810381C280BDE81040FEF784B880B5A2B02F
:20760000ADF8040040F2C31000F0B2F8684600F0D2F822B080BD80B5A2B04FF4787000F009
:20762000ADF86846FEF76EF822B080BD80B5A2B0ADF8040040F2E23000F09AF86846FEF7F4
:2076400061F822B080BD80B5A2B0ADF804004FF479708DF8061000F091F86846FEF752F865
:2076600022B080BD80B5A2B0ADF8040040F2E6308DF8061000F082F86846FEF743F822B0CE
:2076800080BD80B5A2B0ADF804004FF47B708DF8061000F073F868468DF80720FEF732F8E0
:2076A00022B080BD10B5A2B0259CADF804004FF47A70ADF80A40249C8DF8061000F05EF87D
:2076C00068468DF8094000F07DF822B010BD80B5A2B0ADF8040040F2EA308DF8061000F023
:2076E0004DF86846FEF70EF822B080BDB0B5A2B02A9C8DF8104000240394289C279D8DF873
:207700000950269D8DF804004FF47C708DF80A408DF808508DF807308DF806208DF80510E8
:20772000ADF800005CB1094809A2214640F6B16300F03EF8039030B1299900F040F86846B8
:2077400000F020F800E0002022B0B0BD02001000627469665F6C655F7472616E736D69742A
:207760007465725F746573745F76345F72657100ADF806100121ADF8000070470121ADF8EF
:20778000000070470121FDF7BDBF0168808801910121ADF808007047ADF80820FDF7B2BFE5
:2077A00001688088CDF805100121ADF8090070470078EBF74FBF8DF80820FDF7A3BF224624
:2077C0001AF0D9BB8DF808308DF80720FDF79ABF8DF80620FDF796BF0024279D0394289C1E
:2077E0008DF80950269D002C8DF804007047ADF80E400029249C50EA0181ADF80C4070473C
:207800008DF808201022ADF80A301AF0B4BBADF8001001680079019101218DF808007047A2
:2078200021462A461AF0A7BB8DF80620102202931AF0A1BBADF80830ADF80620FDF762BF70
:20784000ADF8001000287047ADF81230ADF81040ADF8080070470000FEB50E480EA2212357
:20786000007801A9ECF782FB88B1BDF80400B0F5C06F06D0B0F5807F09D1049803F026FFB8
:2078800005E0BDF80A109DF8090004F097FB06B080BD00BF7C021000627469665F656E7485
:2078A00072790000B0B5104890F8200050B10F490FA2442300240D6841010020A8470F49C5
:2078C000086170B10D4C0E49221D2046ECF71AFC30B10C48016804F118008847012400E051
:2078E00000242046B0BD00BFE400100024BE1300627469665F696E69740000007C021000A3
:2079000059780304B0BE130041880820A1F58072B92A00F2BE80DFE812F032012E012E0128
:20792000F9002E01220136012E0120012E012E012E012E012E0130012E012E012E012E019D
:20794000F9002E012E012E012E012E012E012E0122012E012E012E0130012E012E012E0177
:207960002E0130012E012E011C012E01200132012E0138012E0130011C012E012E011C0149
:207980002E01BA002E011C012E01BA002E01BA003A012E011C012E011C011E012E011E01A0
:2079A0002E012E012E012E012E012E0130011C012E012E01300130012E012E0130012E01E1
:2079C00030012E012E0120011C012E01BA002E011C012E01BA002E011E012E01BA002E0156
:2079E000BA002E011C012E011C012E01BA002E012E012E012E012E01BA002E011C011E013C
:207A00002E011C012E01F9002E01F9002E01BA002E01BA002E010D012E01BA002201BA00F5
:207A20002E011E012E011C012E011C012E011C012E01BA002E01BA002E01BA002E011C010D
:207A40002E01BA002E01BA002E011C012E012E012E012E012E011C012E01BA002E01BA002E
:207A60002E01BA002E01BA002E01BA002E01BA00F9003C0134012001BA002E01F900F900FB
:207A800034012E0130012E012E0122013201022070478A1E362A3AD8DFE812F038006D003C
:207AA0006D0038006D006D0061006D005D006D005F006D006D006D006D00370038006D00C0
:207AC0006D0037005F007D006D0038006D005F006D006D005D0038007F006D006D006D0080
:207AE00061006D0038006D00810083006D0085006D0038005F006D006D00380038006D0062
:207B00006D005D006D0087004C00C0E77047A1F2E132102A10D9A1F201320E2A21D8DFE876
:207B200002F0082A082A2C2A182A182A182A18091800ACE714207047DFE802F01F1D0A1D00
:207B4000091D0B1D0B1D0B1D0B0B0D1D0A00DDE79DE7042070470A2070470C207047102026
:207B60007047A1F2E121052905D8DFE801F0060404040403CAE72C20704706207047072025
:207B8000704712207047182070471A207047292070472020704728207047012070470E2069
:207BA00070471C207047222070471620704700BF7CB51A4E0446307AC8B120460D46FFF7C1
:207BC000A3FE031D16481749022200941AF0C9F9A5B115483021154A40F2AA2304F079F9DA
:207BE000C8B12146302205461AF0C5F907E0638801220F480F491AF0B4F90CE025467168B5
:207C000019B12846884701207CBD084928464FF43072EBF789FE00207CBD00BF800210004C
:207C2000033E1226005C0C1802001000AF27050400371026C85B0C1880B592B00B49097A58
:207C400089B1ADF822000520ADF81A006846F0F709FCBDF804000121ADF8200000980790D6
:207C600006A8FFF7A5FF12B080BD00BF8002100080B58CB08DF80B2008228DF80A10016819
:207C80008088ADF802200191ADF808001BB159681868049101E0002004900390684604F06A
:207CA000DBF80CB080BD10B58CB08DF80A100A2404F0C7F86846ADF80240ADF80C308DF87C
:207CC0000B20FFF775FF0CB010BD80B58CB0ADF80C000C20ADF8020008680190888804F08C
:207CE000DBF8684604F031F90CB080BD2DE9F8430646164803F10A09174615A21C460078FC
:207D00008846494640F21633EBF7A4FCA0B10899054644720672C780A0F804800E20688025
:207D200021B11CB105F10A0004F02DF928460021BDE8F843FFF73CBF0B4801220B494B46CF
:207D400001B0BDE8F0431AF00CB900BF00001000627469665F6863695F76656E646F725F78
:207D6000636D645F7273700000371026045C0C18F8B5054611484F1D11A20C4640F23633CD
:207D800000783946EBF766FC78B1064604710F20708025B11CB1701D294604F0F4F83046AA
:207DA0000021BDE8F840FFF703BF0B4801220B493B4601B0BDE8F0401AF0D3B80000100097
:207DC000627469665F6863695F76656E646F725F6576745F696E640000371026405C0C1809
:207DE00080B58CB0ADF8041004F022F86846FFF7DFFE0CB080BD80B58CB08DF80A1012238C
:207E000004F01FF8684604F096F80CB080BD80B58CB08DF80A1040F2B91204F012F8684675
:207E2000ADF80220FFF7C4FE0CB080BD80B58CB00391162304F005F8684604F05FF80CB0E6
:207E400080BD80B58CB0039140F2BB1303F0F9FF684604F053F80CB080BDB0B58CB0172433
:207E60008DF80A1001688088ADF80240ADF808006846DDE910450D308DF80B2001911BB14A
:207E800019461AF078F802E011461AF06FF868460121ADF82A508DF80C40FFF789FE0CB066
:207EA000B0BD80B58CB08DF80A10192303F0C9FF684604F040F80CB080BD80B58CB08DF885
:207EC0000A101B2303F0BDFF6846ADF802300392FFF76EFE0CB080BD80B58CB0ADF804000C
:207EE0001E2303F0FDFF6846ADF802308DF80C20FFF75EFE0CB080BD80B58CB08DF80B10C0
:207F00001F2303F09EFF684603F0F8FF0CB080BD10B58CB0044608480849012223461AF07C
:207F200020F8202003F084FF68468DF80440FFF73FFE0CB010BD00BF003710267C5C0C1818
:207F400080B58CB0ADF80C002420ADF802000F98ADF812000E98ADF810000868019088884A
:207F600003F09AFF684603F0F0FF0CB080BD80B58CB0ADF80400512003F054FF6846FFF777
:207F800017FE0CB080BD00BF2DE9F047DFF8A8A015460746294A99460E469AF80000102197
:207FA00040F21343EBF756FB80B30446DDF820800020E571C4E902005720A671A78060805A
:207FC00076B19AF8000076001C4A314640F22643EBF740FBA060D8B14946324619F0CBFF7A
:207FE00075B105EB85059AF80000144A40F236432946EBF72FFBE06078B1414603F0BBFF2E
:2080000020460021BDE8F047FFF7D2BDBDE8F0870A49204640F22A420AE0084D204640F22E
:208020003A422946EBF780FCA068294640F23B42BDE8F047EBF778BC020010005627050447
:208040002DE9F843DFF8689090460746194A1C460D4699F80000102140F24E43EBF7FAFA6A
:20806000D8B10646047385718780592070800020B06064B199F8000021460E4A40F26143E3
:20808000EBF7E8FAB06050B1414603F07CFF30460021BDE8F843FFF78BBDBDE8F8830549F3
:2080A000304640F26542BDE8F843EBF73DBC00BF020010007E27050480B58CB0ADF804001D
:2080C0005B20CDE9021203F0B3FE6846FFF770FD0CB080BD80B58CB08DF804002620ADF8C8
:2080E00002006846ADF80610012103F001FF0CB080BD10B58CB08DF8040035200E9C03F08B
:2081000091FE6846ADF80C40ADF80A3003F0C8FE0CB010BD80B58CB0ADF804000868CDF8C1
:208120000A00888801218DF8063028238DF810200E9AADF80E006846ADF8023003F088FEEF
:208140000CB080BD80B58CB0ADF806002920ADF8020011988DF81C000F98ADF804001098D8
:20816000ADF81E108DF80A2001688088ADF81A0068460C300E9AADF80820CDF8161023B12F
:2081800019460A2219F0F7FE01E003F0F7FE684603F062FE0CB080BD10B58CB0ADF80800E5
:2081A0001098ADF806002B20ADF802000F988DF824001C20ADF81C000E988DF80A10139C39
:2081C00001688088ADF822006846ADF81A400C30129CADF81840119CADF81640ADF8043052
:2081E000CDF81E1012B103F0A2FE01E003F0C6FE684603F031FE0CB010BD80B58CB0ADF82F
:2082000006102D2103F080FE6846ADF80A3003F01FFE0CB080BD98802E201A815880019881
:20822000D9800021588100980E3898811846FFF7BFBC80B58CB0ADF80610312103F064FE52
:20824000684603F055FE0CB080BD80B58CB0ADF80610322103F058FE684603F049FE0CB0C5
:2082600080BD10B58CB0ADF808000E98ADF806003720ADF802006846109C0C30ADF8184031
:208280000F9CADF816408DF80A10ADF8043012B103F04DFE01E003F071FE684603F0DCFD02
:2082A0000CB010BD10B58CB0ADF806003820ADF8020068460F9C0430ADF816400E9CADF8B3
:2082C00014408DF80810ADF804301AB1063003F02EFE05E00021C181C0F80A10C0F80610CC
:2082E000684603F0B9FD0CB010BD00BF2DE9F0410D460421174603F08FFE9DB3044688B36E
:208300001A4808211A4A40F2655303F0E2FD48B3064618487FB180461748154A302140F2D4
:208320006D5303F0D6FDB8B129463022074619F022FE404600E02F466B8802300F4901229C
:20834000012519F00EFE00203146C6E900070C480268201D904706E06B88404609490122EF
:2083600019F0FFFD00252846BDE8F08100001000BD2605040037102602001000D45C0C1880
:20838000ACBE1300A85C0C182DE9F0470C460421054603F041FE1A4A48B300F10408DFF8C4
:2083A0006490DFF864A045462D68D5B16F68901C1646494601227B8819F0D3FD38461CB190
:2083C0000021FFF7F5FB04E0514640F29C52EBF7ABFA2846514640F29F52EBF7A5FA324653
:2083E000E2E70A4801684046BDE8F04708471046074901222B46BDE8F04719F0B2BD00BFFB
:20840000003710263C5D0C18A3260504B0BE1300FC5C0C1880B58CB08DF80A104FF480711F
:20842000ADF8021003F00DFD6846FFF7C1FB0CB080BD00BF80B592B040F2B310ADF81A0045
:208440006846F0F70FF8DDF80A101C20ADF82600DDF80600CDE9070101210D480078ADF85D
:2084600024000C4890F833008DF828009DF80F008DF829009DF80E008DF82A00BDF81200B1
:20848000ADF82B0006A8FFF793FB12B080BD00BF07001000E40010002DE9F0418CB0044644
:2084A0004FF49670ADF80200DDE91668DDE91470DDE912CE14B1258AADF80650ADF816006E
:2084C0000868CDF80D0088880121ADF811006846ADF81860ADF814708DF80C208DF80BE05D
:2084E0008DF80AC0ADF80830ADF80480FFF760FBB8F1000F04D11CB1208A0121FFF744FF77
:208500000CB0BDE8F08170B58CB00E460446ECF781F90546204603F059FE4FF4DB71ADF8FE
:208520000640ADF80210ADF804601DB16A682968CDE9021218B1684603F08EFC02E06946B5
:2085400003F0CAFC0CB070BD80B58CB0ADF8040040F22F1003F066FC6846FFF729FB0CB015
:2085600080BD80B58CB0ADF804004FF4977003F059FC684603F06CFC0CB080BDB0B58CB06F
:208580000D46044603F022FE40F2271103F0E3FC03D0684603F060FC02E0694603F09CFC03
:2085A0000CB0B0BD80B58CB0019040F20310ADF8081003F03DFC6846ADF80A20FFF7F8FAFD
:2085C0000CB080BDB0B58CB01C4600238DF8040040F2E6200293ADF806208DF80510ADF81C
:2085E000020069B10948CD0009A2294640F2596303F06FFC029030B121462A4619F0D9FCB3
:20860000684603F029FC0CB0B0BD00BF02001000627469665F676174745F737276335F7228
:2086200065675F727370000010B58CB0ADF80C0040F20510ADF802000E980F9CADF80E1006
:208640000121ADF810006846ADF8124001920293FFF7AEFA0CB010BD80B58CB0ADF8040035
:2086600040F2E12003F0DEFB684603F0F1FB0CB080BD80B58CB0ADF810001198ADF80E00F3
:208680001098ADF80C004FF48370ADF802000E98CDE901128DF81A30016880880F9B0591B5
:2086A0000121ADF818006846ADF81230FFF780FA0CB080BD80B58CB002900E98ADF8060089
:2086C0004FF48470ADF80C1003F0B2FB6846ADF80E20ADF80430FFF76BFA0CB080BD00BF95
:2086E0002DE9F8430C46162926D30DF1280E013ADDF8348096B2DDE90879042E9EE82050F0
:2087000009D8D6B21721F140C90704D011B20D4A32F811104180A4F1160181820021458226
:20872000A0F81080A0F80E9087818360A0F806E0A0F804C0FFF73CFA162C5FEA2F90BDE8FB
:20874000F88300BF0220050480B58CB0ADF804004FF4877003F066FB684603F0A1FB0CB013
:2087600080BD80B58CB0ADF8040040F2131003F059FB6846ADF80A3003F092FB0CB080BD00
:208780002DE9F843DDE90A958846044629461E4617464846FAF744FFC8B9781E81B20429A2
:2087A00015D8DDE9082101302072204661814FF48A716180A8F1120121820021E5800025B9
:2087C000E281A681A4F80490FFF7F2F900E001252846BDE8F88300BFF8B51C4616460D46ED
:2087E000074638B91C481DA2302140F23F7303F070FB68B1DDE908C1DDE90A32418140F2E7
:2088000017110672C280838041801FB1162D13D201241FE00021012E81820161C16008BFF9
:20882000BCF1010F12D10C990122817542820222090AC281C17509E0DDE90621A0F812C026
:208840000182A5F11601C2818481818200210024FFF7AEF92046F8BD0200100062746966E9
:208860005F676174745F617474725F726561645F72737000F8B507461D4614460E460846C7
:2088800039B9134813A2302140F27D7303F021FB78B1DDE90632052F0899C18040F21911BB
:2088A0000381828008BF4FF4397141801EB10E2C04D201240AE00021418102E0A4F10E0166
:2088C0004581818100210024FFF772F92046F8BD02001000627469665F676174745F617415
:2088E00074725F726561645F6D756C74695F72737000000010B58CB00024ADF80610CDF8B4
:208900000E4040F21B14ADF8024001210E9CADF804006846ADF80C40ADF80A3003F0C0FA21
:208920000CB010BD828110394381009A0281029AC280019A828040F21D12C1810021428080
:20894000FFF736B980B58CB0ADF8040040F21F1003F068FA684603F07BFA0CB080BD10B58E
:208960000E390381049B002A029CC380039B81814FF490714481838018BF4FF491714180F9
:208980000021FFF715F9002010BD80B502810C39029AC28040F2E22241810021838042800C
:2089A000FFF706F9002080BD2DE9F0438DB005460E4608460421144603F02EFB07464FF4C7
:2089C000DC70ADF80600CFB1387D072816D107F11608797D4046F4F7AEF8797D81464046EF
:2089E000F4F79AF8CDE9040901218DF80C40ADF80860ADF80A5001A8FFF7DAF80DB0BDE865
:208A0000F08380B58CB0ADF804004FF492708DF8061003F00DFA6846ADF808308DF80720B8
:208A2000FFF7C6F80CB080BD80B58CB0ADF804004FF49C70ADF80200684603F00DFA0CB015
:208A400080BD80B58CB08DF80A1001688088ADF80C2040F22912019103F01EFA6846ADF82A
:208A60000E30ADF80220FFF7A3F80CB080BD10B58CB0ADF804004FF4A0700E9C03F0D2F902
:208A80006846ADF80C40ADF80A3003F0E1F90CB010BD80B58CB04FF49571ADF80210417DD3
:208AA0008DF80A10D0F81610408B019103F0F4F96846FFF77DF80CB080BD80B58CB08DF8E4
:208AC00004004FF4997003F0ADF96846FFF770F80CB080BD80B58CB08DF804004FF49B7060
:208AE00003F0A0F96846FFF763F80CB080BD80B58CB0ADF8040040F267108DF8061003F0A1
:208B000097F96846FFF754F80CB080BD80B58CB08DF8040040F23D1003F084F96846FFF74F
:208B200047F80CB080BD80B58CB0ADF8040040F23F1003F077F96846FFF73AF80CB080BD30
:208B400010B58CB0ADF804004FF4A1700E9C03F069F96846ADF80C40ADF80A3003F078F936
:208B60000CB010BD80B58CB0ADF8040040F25F10ADF80610ADF802002AB121B910798DF88C
:208B80000C0010680290684603F066F90CB080BD80B58CB0ADF8040040F2651003F042F9D7
:208BA0006846FFF705F80CB080BDB0B58CB0054608460C4603F00AFB40F27111ADF80640F8
:208BC000ADF80450ADF8021018B1684603F044F902E0694603F080F90CB0B0BD80B58CB0A7
:208BE000ADF8040040F26F10ADF80200684603F033F90CB080BDF0B58DB01D4616460F46B8
:208C0000044603F0E3FA1299ADF810104FF4B971ADF80E50ADF80C60ADF80A70ADF808403D
:208C2000ADF8061018B101A803F016F902E001A903F052F90DB0F0BD80B58CB0ADF80400B7
:208C40004FF4BF708DF80610ADF8020032B16846114604301022033019F08DF9684603F0AF
:208C6000FBF80CB080BD80B58CB08DF804004FF4BA7003F0D7F86846FEF79AFF0CB080BDAA
:208C800080B58CB0ADF804004FF4BB70ADF8020003F026F96846FEF78BFF0CB080BD80B538
:208CA0008CB0ADF804004FF4BC70ADF8020003F017F96846FEF77CFF0CB080BDF8B50746A5
:208CC0001248144612A21D460E460078142140F69313EAF7BFFCB8B1DDE906218774C174CA
:208CE00040F2811186724180457421684160A18801811168C0F80B109188A0F80F1000212C
:208D0000BDE8F840FEF754BFF8BD00BF04001000627469665F6C655F6469726563745F6177
:208D200064765F696E666F0080B58CB0ADF804004FF4C97003F076F86846FEF739FF0CB0C0
:208D400080BDF0B58DB0074608461D4616460C4603F03CFA12998DF80E1040F2AB118DF85E
:208D60000D508DF80C60ADF80A40ADF80870ADF8061018B101A803F06FF802E001A903F093
:208D8000ABF80DB0F0BD80B58CB0ADF804004FF4C670ADF80200684603F05EF80CB080BD9C
:208DA0002DE9F84F05462B4892462B4A1F4689460078242140F6E213EAF74CFC00283FD0CF
:208DC0000446139800902946129DDDE91080DDE90E32DDE90CC6DDE90ABEA1804FF4D671C3
:208DE00084F807A084F8069061803968A160B988A18184F81680A282A374667484F810C0E5
:208E000084F80FE084F80EB00168C4F817108088A4F81B000020206265775DB10D48294652
:208E20000D4A40F6FA1303F054F8206250B1009903F0A1F820460021BDE8F84FFEF7B8BED3
:208E4000BDE8F88F0449204640F6FE12BDE8F84FEAF76ABD040010003A27050480B58CB00A
:208E60008DF804004FF4CF7002F0DCFF6846FEF79FFE0CB080BD80B58CB0ADF804004FF484
:208E8000C270ADF802001068CDF8070090888DF806100121ADF80B006846FEF789FE0CB04A
:208EA00080BD10B592B004466846EFF7DBFA40F2B510ADF81C40ADF81A000121BDF8140019
:208EC000ADF81E00BDF81000ADF8200006A8FEF76FFE12B010BD80B58CB08DF804004FF469
:208EE000C57002F09FFF6846FEF762FE0CB080BD80B58CB0ADF806004FF4C3708DF8041086
:208F000002F096FF6846FEF753FE0CB080BD80B58CB08DF804004FF4C47002F083FF68464A
:208F2000FEF746FE0CB080BD80B58CB0ADF8040040F2B1108DF8061002F07AFF68468DF8B9
:208F40000A3002F085FF0CB080BD00BF70B505460D4814460DA20E460C21007840F66C231D
:208F6000EAF778FB70B14FF4D9714671057141802168C0F80610A18841810021BDE8704049
:208F8000FEF716BE70BD00BF04001000627469665F6C655F7363616E5F7265715F726376DE
:208FA000645F696E666F000080B58CB08DF804004FF4CC7002F036FF6846FEF7F9FD0CB04D
:208FC00080BD00BF2DE9F84FDFF87CB0914607461E4A9A460E469BF80000102140F69123C7
:208FE000EAF738FB28B30DF128080446002198E8210160724FF4D770E160A57284F808A06F
:2090000084F80790A671A780608065B19BF8000029460E4A40F6A323EAF71CFBE06050B17A
:20902000414602F0A8FF20460021BDE8F84FFEF7BFBDBDE8F88F0549204640F6A722BDE8A8
:20904000F84FEAF771BC00BF090010001927050480B58CB0ADF8040040F2AF10ADF80200E8
:20906000684602F0F9FE0CB080BD80B58CB0ADF8040040F2AD10ADF8020011988DF814006E
:209080001098ADF812000F988DF810000E98ADF806108DF8093001688088CDF80A100121A4
:2090A000ADF80E00684602F0FBFE0CB080BD80B58CB0ADF8040040F2413002F0B3FE68465D
:2090C000FEF776FD0CB080BD80B58CB0ADF8040040F2433002F0A6FE6846FEF769FD0CB015
:2090E00080BD80B58CB0ADF8040040F2473002F099FE6846FEF75CFD0CB080BD10B58CB0F1
:20910000ADF804004FF45270ADF8020013988DF818001298ADF8160011988DF81400109863
:209120000F9CADF80610016880888DF80D400E9CCDF80E100121ADF8120068468DF80C40A1
:20914000ADF80A3002F084FE0CB010BD80B58CB0ADF8040040F20130ADF80200684602F06F
:209160007BFE0CB080BD80B58CB0ADF8040040F20330ADF80200684602F06EFE0CB080BD52
:2091800010B58CB0ADF8040040F205300E9C8DF8061002F04DFE68468DF809408DF8083003
:2091A0008DF80720FEF704FD0CB010BD80B58CB0ADF8040040F2153002F034FE6846FEF72C
:2091C000F7FC0CB080BD00BF2DE9F84FDFF890A093468046234A99460F469AF80000182175
:2091E00040F66433EAF736FA80B30446DDE90C20DDE90E1C0026DDE90A53E08140F2163010
:209200006080A1F1090049286661217462732373E57284F80A90A4F808B0A771A4F80480A2
:209220000ED89AF800004D000E4A294640F67A336646EAF70FFA606150B1314602F09BFE65
:2092400020460021BDE8F84FFEF7B2BCBDE8F88F0449204640F67E32BDE8F84FEAF764BB87
:209260000B001000EF26050480B58CB0ADF8040040F2073002F0D6FD6846FEF799FC0CB079
:2092800080BD80B58CB0ADF8040040F2093002F0C9FD6846FEF78CFC0CB080BD80B58CB0BF
:2092A000ADF8040040F20D3002F0BCFD6846FEF77FFC0CB080BD80B58CB0ADF8040040F288
:2092C0000B3002F0AFFD6846FEF772FC0CB080BD2DE9F04F85B0994617468A4602F076FFAE
:2092E000002842D00446DDE91360274A1821019040F6CB331298029011980390109804908E
:209300002048DDE90E8B02F0E4FD70B30546002068610298E881039868730498287340F27A
:209320000E306880A6F1090049282E7485F80BB085F80A80A5F80890EF7185F806A0AC8031
:209340000CD810487400104A214640F6E13302F0C0FD686160B1019902F015FE284600219B
:2093600005B0BDE8F04FFEF723BC05B0BDE8F08F0549284640F6E53205B0BDE8F04FEAF724
:20938000D3BA00BF0A001000CF26050410B58CB002F07EFD58B1ADF8060040F20F30ADF831
:2093A000020068460121ADF80440FEF701FC0CB010BD10B502F06CFD28B101462046BDE82C
:2093C0001040FFF751BF10BD10B502F061FD28B101462046BDE81040FFF753BF10BD10B540
:2093E00002F056FD28B101462046BDE81040FFF755BF10BD10B502F04BFD28B10146204651
:20940000BDE81040FFF757BF10BD80B58CB0ADF8040040F26130ADF80200684602F01CFD41
:209420000CB080BD2DE9F84F80461948924619A29B46894600781C2140F65C43EAF70AF9FE
:2094400018B31299DDE91032DDE90E54DDE90C76DDE90AEC017640F2623141800021C2750D
:20946000837584820561C681077380F80BC080F80AE0A0F808B080F807A080F80690A0F80D
:209480000480BDE8F84FFEF793BBBDE8F88F00BF0C001000627469665F6C655F6269676943
:2094A0006E666F5F6164765F7265706F72745F696E666F0080B58CB0ADF8040040F28130CC
:2094C00002F0B0FC6846FEF773FB0CB080BD80B58CB0ADF8040040F2833002F0A3FC6846A6
:2094E000FEF766FB0CB080BD10B58CB00E9CADF8040040F2853002F095FC6846CDE90334C4
:2095000002F0A6FC0CB010BD10B58CB0129C0DF1080C0894119C0794109CADF8040040F202
:20952000873006940F9CADF806100121ADF80200684605940E9CACE81C00FEF739FB0CB025
:2095400010BD10B58CB0ADF8040040F28930ADF806100DF1080CADF80200684601210E9CBB
:20956000ACE81C00FEF724FB0CB010BD80B58CB0ADF8040040F28B3002F054FC6846FEF7B2
:2095800017FB0CB080BD80B58CB0ADF8040040F28D3002F047FC6846FEF70AFB0CB080BDE1
:2095A00010B58CB0ADF8040040F28F30ADF806100DF1080CADF80200684601210E9CACE88E
:2095C0001C00FEF7F5FA0CB010BD10B58CB0199C0DF1080CADF82440189CADF82240179CC3
:2095E000ADF82040169C8DF81E40159C8DF81D40149C8DF81C40139C8DF81B40129C8DF8EB
:209600001A40119C8DF81940109CADF804004FF468708DF818400F9CADF806100121ADF8EB
:209620000200684605940E9CACE81C00FEF7C0FA0CB010BD80B58CB0ADF8060040F2A2302F
:20964000ADF802006846ADF8041002F005FC0CB080BD80B58CB0ADF8060040F2A330ADF84A
:2096600002006846ADF80410012102F0F1FB0CB080BD80B58CB0ADF8040040F2A53002F075
:2096800072FC02D0684602F086FC684602F0E4FB0CB080BD80B58CB0ADF8040040F2A730CD
:2096A000ADF80200684602F0D7FB0CB080BD80B58CB0ADF8040040F2A9308DF8061002F0E6
:2096C000B7FB6846FEF774FA0CB080BD80B58CB0ADF8040040F2AB3002F045FC02D06846F4
:2096E00002F059FC684602F0B7FB0CB080BD80B58CB0ADF804004FF46B7002F093FB684672
:209700008DF8093002F0CCFB0CB080BD80B58CB0ADF8040040F2AE3002F084FB6846FEF79B
:2097200047FA0CB080BD80B58CB0ADF804004FF46C7002F077FB6846FEF73AFA0CB080BD82
:2097400080B58CB0ADF8040040F2C1308DF8061002F06EFB6846FEF72BFA0CB080BDB0B5B0
:209760008CB0169DADF81850159DADF81650149D8DF81450139D179C8DF81350129D8DF817
:209780001250119D8DF81150109DADF804004FF471708DF81A408DF81050CDE902238DF835
:2097A0000610ADF802002CB1684618991C30620018F0E1FB684602F04FFB0CB0B0BD80B5D6
:2097C0008CB0ADF8040040F2C6308DF8061002F02FFB6846FEF7ECF90CB080BD80B58CB0D3
:2097E0008DF8040040F2C73002F01CFB6846FEF7DFF90CB080BD80B58CB0ADF8040040F2EE
:20980000C3308DF8061002F013FB6846FEF7D0F90CB080BD80B58CB0ADF8040040F2C93010
:209820008DF8061002F004FB6846FEF7C1F90CB080BDB0B58CB0149DADF81250139D159C8C
:20984000ADF81050129D8DF80F50119D8DF80E50109DADF8040040F2CA308DF814408DF8FF
:209860000D508DF80C3002928DF80610ADF802002CB1684616991630620018F07CFB6846E5
:2098800002F0EAFA0CB0B0BD80B58CB08DF8040040F2CB3002F0C6FA6846FEF789F90CB00F
:2098A00080BD80B58CB0ADF8040040F2CD308DF8061002F0BDFA6846FEF77AF90CB080BDCF
:2098C000B0B58CB002F02FFB40B1ADF8040040F24910ADF80200684602F0F0FA0CB0B0BD4C
:2098E000B0B58CB00D46044602F088FC4FF4A57102F031FB03D0684602F0AEFA02E0694691
:2099000002F0EAFA0CB0B0BDB0B58CB002F00BFB40B1ADF8040040F24D10ADF80200684631
:2099200002F0CCFA0CB0B0BDB0B58CB00C460421154602F071FBA0B1017D082911D8012269
:2099400002FA01F111F4C47F1CBF008A002808D0ADF804004FF4A770ADF80200684602F022
:20996000ADFA0CB0B0BD80B58CB0ADF8040040F2511002F057FA684602F06AFA0CB080BD2A
:2099800080B58CB0ADF8040040F2531002F04AFA684602F05DFA0CB080BD70B502F009FBD7
:2099A00048B10499A0804FF4AA7002F0B3FABDE87040FEF7FDB870BD70B58CB01E4602F012
:2099C000B2FAB8B1ADF806004FF4AB70ADF8020009481099ADF80410012190F82300ADF89D
:2099E0000E006846ADF80C60ADF80A50ADF80840FEF7DEF80CB070BDE400100010B58CB005
:209A00000C4602F0FBFB58B1ADF8040040F25710ADF8020068460121ADF80640FEF7C8F8AA
:209A20000CB010BD80B58CB0ADF8040040F25910ADF80200684602F00FFA0CB080BD80B56A
:209A40008CB0ADF8061040F25B1102F05DFA6846FEF7AEF80CB080BD80B58CB0ADF80400CC
:209A600040F2BF1002F0DEF96846FEF7A1F80CB080BD70B502F09DFA48B10499A0804FF440
:209A8000E17002F047FABDE87040FEF791B8002070BD80B58CB0ADF8040040F2C11002F053
:209AA000C1F9684602F0D4F90CB080BD80B58CB0ADF8040040F2E13002F0B4F9684602F0EA
:209AC000C7F90CB080BD10B58CB0ADF8040040F2E5300E9C02F0A6F968468DF80A408DF89F
:209AE000093002F0DDF90CB010BD80B58CB0ADF8040040F2E73002F095F96846FEF758F806
:209B00000CB080BD80B58CB0ADF8040040F2ED3002F088F96846FEF74BF80CB080BD70B56C
:209B20008CB0044608461E46154602F04FFBB8B1DDE910321299ADF8060040F2EF308DF8B9
:209B40000C1002F075F968468DF80B208DF80A308DF809608DF80850ADF80440FEF728F8A3
:209B60000CB070BD7CB5064608461C46154602F02DFB38B101460698009030462A462346AD
:209B8000FFF7A1FF7CBD10B502F082F928B101462046BDE81040FFF7B5BF10BD80B58CB0A1
:209BA000ADF8040040F2E93002F03CF96846FDF7FFFF0CB080BD80B58CB0ADF8040040F2A5
:209BC000EB3002F02FF96846FDF7F2FF0CB080BDB0B58CB015460C4602F0F8FA68B1ADF8D4
:209BE000040040F2EE30ADF80200684601218DF807508DF80640FDF7DBFF0CB0B0BD10B537
:209C000002F046F928B101462046BDE81040FFF7C5BF10BD10B502F03BF928B101462046E0
:209C2000BDE81040FFF7C7BF10BD80B58CB0ADF8040040F2F130ADF80200684602F00CF92D
:209C40000CB080BD10B58CB0124C4FF0011101910221ADF80210217A31B1032002F01CF948
:209C60006846FDF7A5FF12E0012121720121406860600020ADF808006846FDF799FF2078CE
:209C8000C00704D00020FDF7D7FFFEF7D3FB0CB010BD00BF80021000B0B5817A051DC27AE4
:209CA00004462846EEF760FA0423002818BF0023A17A2846E27ABDE8B040FDF7F4BF817949
:209CC000EAF768BD1CB5044634F8040FA278E11CEAF782FE40B921880020009000204FF4F7
:209CE000B4720023FEF702F81CBD1CB5C18811F4744F1ED1027A042A1BD8838913F4744F0F
:209D000017D1837B042B14D8ADF8001002F08701027963F3C501407A0024CDF8024041EA6C
:209D2000C21141EA80108DF803006846F1F73AFA1CBD11200421BDE81C40FEF751B8C279DA
:209D40008179012A5FEA0F92F1F790BA027B83688179012A5FEA0F92F1F7AABAB0B58CB05E
:209D6000044690F82400A0F11101052920D88DF80B0004F10801A0798DF80A002068E2790B
:209D80000190A088002AADF808005FEA0F90ADF80C0001AD05F10C0018F0EDF894F825103C
:209DA00040F608400229294638BF002002F0E4F90CB0B0BDF0B595B086790446C7790CAD50
:209DC000A81C202118F0D2F800202946ADF80C002222207AADF8000020680190A088ADF803
:209DE000080068460E308DF80B708DF80A6018F0C2F8072F24BF6846F2F7ECF815B0F0BDB8
:209E00008179C279F1F706BB8179C279F1F75EBB8179EAF7D6BC80B5EBF7B3FD00B180BD0C
:209E20004FF4B4700021BDE88040FEF7A0B880B50088EBF7AAFD00B180BD53204FF4B471D9
:209E4000BDE88040FDF7CCBF10B50446436800786178A278EBF79EFD10B9552002F035F81F
:209E6000606830B103A141F23242BDE81040E9F75BBD10BD627469665F68616E646C655F65
:209E8000636F6E6669677572655F646174615F706174685F72657100E0B5EBF796FD28B969
:209EA0000020002102F004F8FEF76EF88CBD80B541798279EBF78DFD00B180BD02F070F831
:209EC0000023BDE88040FEF7BBB800BF1CB5417904468279C379806800902046EBF78FFD7B
:209EE00018B902F05DF8FEF7E7F8A06838B104A141F2534202B0BDE81040E9F715BD1CBDE6
:209F0000627469665F68616E646C655F726561645F6C6F63616C5F737570706F7274656427
:209F20005F636F6E74726F6C6C65725F64656C61795F726571000000BCB50446028881782B
:209F400063790079A579002B5FEA0F930095EEF743FD0323002818BF00232288618820794A
:209F600002B0BDE8B040FEF7B5B8F0B585B0818884780388C27BC588067A078A8DE8E200DC
:209F800000F10901204604F06BFE05B0F0BDF0B585B00346818813F8062B40889C7A9D8935
:209FA000DE891F8A8DE8F00004F022FF05B0F0BDFEB501210490ADF808108188ADF80A10C7
:209FC0008168C0884FEA31410391EFF701F901A9EFF706F906B080BD4188008804F09CBF0F
:209FE0004188008804F0BCBF1CB50146C389027B31F8020BCC89009404F0BDFF1CBDBCB5A7
:20A000000246837B418832F8040BD5899489CDE9004504F0FAFFBCBDBFB50446007840B1F5
:20A02000E079A17910F0220F8DF8081004D002200AE00420002516E0C10604D4000754BF07
:20A040000020052000E001208DF80900207A8DF80A006088ADF80C0002A8F1F7ADFB217897
:20A0600000295FEA0F95A388A279618800902846FEF73FF8BFBD8179C279F1F7E1BA817943
:20A08000C279F1F735BB00BFB0B501F0D5FE70B10546007D082813D0042818D11248012237
:20A0A00023881249023017F05CFF062010E0238801220D480E4917F054FF2088042101E06E
:20A0C000288A05210022BDE8B040FEF74ABA082028752846EAF758FB628805F11600697DB5
:20A0E000BDE8B040F7F7C2BD01371026B45D0C186C5D0C18704780B5838882898168184685
:20A10000F7F7DAFE012080BD10B5044681680079F7F7FAFEA06820B103A141F21B52E9F7C7
:20A1200003FC012010BD00BF627469665F68616E646C655F676174745F737276335F7265D1
:20A140006769737465725F7265710000F0B585B00546018AC089F9F763FA58B1EC89D5E948
:20A160000123298A6D8ACDE900502046FEF75CFA012424E0B5F814E0BEF1000F5FEA1F94D6
:20A1800003D0B5F816C028460CE00E480EA21C2141F2395301F09DFE0028E9D0B5F814E0FF
:20A1A0004FF01C0C2A8AE9896E8AD5E901732D7BCDE90076CDE902EC0495F7F70FFF204675
:20A1C00005B0F0BD00001000627469665F68616E646C655F676174745F617474725F757030
:20A1E000646174655F72657100000000BCB50546C1888088F9F714FA044628B1E988224613
:20A20000A888FEF729FA07E02B89EA88A988688900902846F8F70CF8002C5FEA0F90BCBD49
:20A22000704700BF7CB5054641890089F9F7F8F908B101241FE02B8A002B5FEA1F9403D06C
:20A24000A88A811F28460AE00C480DA21C2141F2875301F03EFE0028EBD02B8A162181808A
:20A2600069682E890160AA8969896D8ACDE900503046F8F76DF820467CBD00BF0200100099
:20A28000627469665F68616E646C655F676174745F617474725F726561645F63666D000095
:20A2A0001CB501F0DCFD00B11CBDA2890023E188A088CDE900330023F8F76EF81CBDBCB5EF
:20A2C000044641890089F9F7ABF908B10120BCBD258AA2896189002D208954EA1583648A9C
:20A2E000CDE900432B46F8F757F8002D5FEA1F90BCBD10B501F0B3FD00B110BD638922899D
:20A30000E188A088BDE81040F8F76CB810B501F0A6FD0246E188A0881AB1BDE81040FEF7BD
:20A3200011BB227ABDE81040F8F7E2BB10B586B001F095FD40B10346227AE188A08806B099
:20A34000BDE81040FEF70DBA207A80B161680228D4F80A20ADF808000191039213D1E08977
:20A3600058B1ADF814001020ADF810000BE0E1880022A08840F60743E1E78020ADF81000FB
:20A3800004F11000059001A8F8F732FA06B010BD1CB501F064FD00B11CBD6389227AE1883E
:20A3A000A088A4890094F8F756FA1CBDB0B58CB001F055FD227A80B1012A25D1A18800257C
:20A3C000E288A3890124CDE90055CDE9024004A80EC000210020012221E0012A03D0022AB6
:20A3E00010D1012000E0002061680791D8B10420ADF82000E0680990208AD8B1ADF82C00A3
:20A4000010201BE040F60740A188E3880024CDE90044CDE9024004A81AC000210020002300
:20A42000FEF7DAF915E06189A08951B1ADF82610022107E004F112000B908020ADF8280056
:20A4400004E00121ADF82400ADF8201007A8F8F743FA0CB0B0BD70B588B003240E46002854
:20A4600018BF052436F8040F0D467188F9F7D8F858B13188002372888DE8070020460021AD
:20A480000022FEF7F7F908B070BD68680390B01D06902889ADF81040ADF8140003A8F8F711
:20A4A0001BFA08B070BD00BFBFB501F0D8FC0546207A0138C0B2042804D21C49C00021FAD8
:20A4C00000F205E017480022174917F04AFD01227DB1227AE188A088032A1AD1CDE90050DA
:20A4E000204602911821002200230025FEF71AFA14E0E089D2B22080208A63890438608084
:20A50000E188A088A589CDE90054F8F74DFA002504E063890095FEF7EDF90125284604B08F
:20A52000B0BD00BF00371026FC5D0C180102030510B501F094FC00B110BDE188A088BDE800
:20A540001040F8F703BB80B5808801F093FC38B1017D072904D1008ABDE88040F8F705BB37
:20A5600080BD10B50446808801F084FC28B1017F042904BF017D072907D0A08800210022DD
:20A580000423BDE81040FEF73CBA417D1630237AE288BDE81040F1F773B9E0B5827DC17DCE
:20A5A000012A5FEA0F920092821D0023F0F71AFE8CBD00BF70B586B00421054601F050FD22
:20A5C00010B3334E0446037D01223249B01C17F0C8FC237D022B34D1A9793048012938D199
:20A5E000032104F1160521752D492A460B68002198472D4901F0CAFC617D2846012206B0E6
:20A60000BDE87040F7F78ABA254800212A46002403682248984703461D482449012201306E
:20A6200017F09FFC07202946CDE90440002000220023CDE90044CDE90244FDF72DFF06B0B7
:20A6400070BD15493046012206B0BDE8704017F088BC134904F116052A460B680021984731
:20A66000104901F093FC208A0021FDF78DFE617D28460022F7F752FA208A00210022F7F734
:20A6800019FB204606B0BDE8704001F009BD00BF00371026605E0C180C5F0C18000030268B
:20A6A00084AE1300D05E0C18945E0C18245E0C180078012802D030B9052000E004200021A1
:20A6C0000022F8F75DBA0421FEF7F7B91FB50446807BFCF7C3F88DF80E00A0680290A0896B
:20A6E000ADF80C0020788DF8000060686178A2780190E07B8DF801206A468DF802101021C7
:20A700008DF80F000120F8F73BFA1FBD027802234178012A426853EA13931846F8F730BA3D
:20A7200080B5EAF799F900B180BD4FF4B4700021BDE88040FEF7DBB980B50278417810464F
:20A74000EAF7D4F900B180BD4FF49C704FF4B471BDE88040FDF744BBBCB50478828841888E
:20A76000C379857920460095EAF7ACF900B1BCBD4FF49D704FF4B471BDE8BC40FDF730BBBC
:20A7800070B5C17A041D042903D3202918BF102935D1651C0421284601F062FCE17901F028
:20A7A000FD0101295FEA1F91E17130B10523601C0022BDE87040FEF744B92846042204267A
:20A7C00001F082FCC0B1E179067510291CBF618900290CD00B4A01EB8101038A127843EABA
:20A7E00002624B0002F5803207A1E9F7B1FF2046BDE87040F7F775B9E1790323D7E704238D
:20A80000D5E700BF7C021000627469660000000010B501F011FB48B1A178013918BF4FF462
:20A820004061008ABDE81040F8F72EBB10BD80B5EAF70BFA00B180BD40F25D104FF4B47143
:20A84000BDE88040FDF7CCBAB0B501F00DFB30B1008AEAF727FA00B1B0BD4FF4B47520881C
:20A8600029460022BDE8B040FEF77CB90078EAF75CBA0378417882781846EAF75BBAEAF7B6
:20A8800065BA10B50446C079FF2803D0FBF7E6FF024600E0FF2214F8010B2146BDE81040C3
:20A8A000F8F7AEBA10B501F0C7FA28B1008A2146BDE81040F8F7CABA208840F60741BDE8CD
:20A8C0001040FEF730B9EAF715B8BCB501F0B4FA38B1054601F0A0FC0246288A4AB10021B5
:20A8E00002E020880021042202B0BDE8B040FEF7E7BFE388A288618824890094F0F74CFBB8
:20A90000BCBD1CB501F098FA01F086FC00B11CBD2389E288A1886088A47A0094F0F78EFB24
:20A920001CBD10B501F088FA01F076FC024620B96088F0F7C1FB024628B160880021BDE828
:20A940001040FEF7E1BF10BD10B501F075FA01F063FC00B110BD60880221BDE81040EEF76D
:20A960009DB910B501F068FA01F056FC024628B9A1886088F0F7E4FA024628B16188208875
:20A98000BDE81040FEF7EFBF10BDB0B586B00446808801F06FFA01F03FFC05460120ADF8CE
:20A9A0000800A068E18804944FEA3040ADF80E10CDF80A000DB12A4606E001A90220EEF786
:20A9C0000FFC20B9E1880522A088FEF7D9FF002D5FEA0F9006B0B0BD7047E0B58188ADF8DC
:20A9E00004108179B0F80700ADF8010068468DF80010F0F7E1FEFFF715F88CBD1CB5044684
:20AA0000828880790021009100285FEA0F9301200021EDF7E1FF0321002818BF0021A088FC
:20AA2000BDE81C40FFF70BB8B0B501F01DFA40B1A2886188008AEAF78DF900B1B0BD4FF499
:20AA4000B47521882846BDE8B040FEF7AEB880B541880088EAF78AF900B180BD4FF4B47087
:20AA6000BDE88040FEF7BAB810B5017821B10020BDE81040F1F730B8441C2046F1F72CF843
:20AA8000002000212246BDE81040FEF7D5B810B50446007860B102280DD0012814D1607811
:20AAA000A11C04F1080204F11803EAF765F906E0EAF795F903E06078A11CEAF78AF900B1A9
:20AAC00010BD4FF4B47100E004212078BDE81040FEF7C9B8E0B5014611F8010BEAF783F9EB
:20AAE00040B900206946ADF8040000904FF4B470FEF7C6F88CBDE0B5014611F8010BEAF720
:20AB000078F940B900206946ADF8040000904FF4B470FEF7C4F88CBD80B50078EAF76FF96C
:20AB200000B180BD4FF4BD704FF4B471BDE88040FDF756B980B50088EAF766F900B180BDFC
:20AB40004FF4BE704FF4B471BDE88040FDF748B980B5014611F8010B8A79EAF75AF900B149
:20AB600080BD4FF4C0704FF4B471BDE88040FDF737B90378417882781846EAF790B910B5F9
:20AB8000047841788278C3782046BDE81040EAF792B980B50378417882781846EAF759F9D0
:20ABA00000B180BD4FF4C8704FF4B471BDE88040FDF716B9BCB504460088A178E27823794A
:20ABC00065790095EAF751F900B1BCBD01F06CF9BDE8BC40FEF7A8B810B50478838842884B
:20ABE00041782046EAF73FFA00B110BD4FF4C7704FF4B471BDE81040FDF7F2B810B50478E8
:20AC0000031D417882782046EAF702FA00B110BD4FF4C6704FF4B471BDE81040FDF7E0B83E
:20AC2000014611F8010BE9F73DBE01460078012803D028B90520F8F705B80420F8F702B8A3
:20AC40000421FEF748B901460120F7F7FBBF014600780222012852EA1290F7F7F3BF0278C5
:20AC600041781046F8F780B880B501201021E9F7D9FD20B10020BDE88040E9F7DDBD40F25F
:20AC8000B510FE21BDE88040FDF7AAB880B5C388828841880078EAF73BFA00B180BD4FF403
:20ACA000D0704FF4B471BDE88040FDF799B800BF10B50446436800786178A278EAF73CFA47
:20ACC00018B94FF4D17001F000F9606830B104A141F60322BDE81040E8F726BE10BD00BF47
:20ACE000627469665F68616E646C655F6C655F7365745F706572696F6469635F6164765F62
:20AD0000646174615F7265710000000080B5027841781046EAF72EFA00B180BD4FF4D270B8
:20AD20004FF4B471BDE88040FDF75AB8024612F8020B12F8011C9379F8F738B880B5008812
:20AD4000EAF740FA00B180BD4FF4D5704FF4B471BDE88040FDF744B87FB543890478417870
:20AD600082788589867B8DE86800C31C2046EAF72EFA00B17FBD4FF4D3704FF4B47104B010
:20AD8000BDE87040FDF72CB880B5EAF74AFA00B180BD4FF4D4704FF4B471BDE88040FDF7F6
:20ADA0001FB880B581780088EAF743FA00B180BD40F231304FF4B471BDE88040FDF710B8DE
:20ADC00080B5027941880088EAF739FA00B180BD40F241304FF4B471BDE88040FDF700B854
:20ADE00080B5828841880088EAF73EFA00B180BD40F243304FF4B471BDE88040FCF7F0BFA8
:20AE000010B504788288418883792046EAF74FFA00B110BD40F245304FF4B471BDE8104010
:20AE2000FCF7DEBF1CB50488C38882888178007A00902046EAF724FA00B11CBD40F2473035
:20AE40004FF4B471BDE81C40FCF7CABFF0B585B001F013F88DE8E010EAF740FA18B940F2B4
:20AE6000013001F032F8A06838B105A141F6832205B0BDE8F040E8F757BD05B0F0BD00BF75
:20AE8000627469665F68616E646C655F6C655F72656365697665725F746573745F76335FD8
:20AEA00072657100F0B585B000F0E7FF8DE8E010EAF72CFA18B940F2033001F006F8A06801
:20AEC00038B105A141F6942205B0BDE8F040E8F72BBD05B0F0BD00BF627469665F68616E49
:20AEE000646C655F6C655F7472616E736D69747465725F746573745F76335F726571000003
:20AF0000E0B5EAF71BFA28B90020002100F0D0FFFEF736F98CBD00BF7CB5044600786178CD
:20AF2000A278E378A6682579CDE90056EAF70AFA18B940F2113000F0C8FFA06838B104A16E
:20AF400041F6B02202B0BDE87040E8F7EDBC7CBD627469665F68616E646C655F6C655F61C0
:20AF60006F785F7365745F636F6E6E656374696F6E6C6573735F6374655F7472616E736D6A
:20AF800069745F706172616D735F72657100000080B5027841781046EAF7F3F900B180BDD1
:20AFA00040F213304FF4B471BDE88040FCF718BF7CB504460088A178E2782379A668657987
:20AFC000CDE90056EAF7E9F918B900F06DFFFEF7EDF8A06838B104A141F6CE2202B0BDE887
:20AFE0007040E8F7A1BC7CBD627469665F68616E646C655F6C655F616F785F7365745F6378
:20B000006F6E6E656374696F6E6C6573735F69715F73616D706C696E675F656E61626C65F3
:20B020005F72657100000000BCB500F01DFF78B1017D07290BD1A178E2782379008AA56893
:20B040000095EAF7CEF938B94FF4B47500E0052521882846FEF708F9A06838B104A141F672
:20B06000F22202B0BDE8B040E8F75EBCBCBD00BF627469665F68616E646C655F6C655F61E4
:20B080006F785F7365745F636F6E6E5F6374655F726563656976655F706172616D735F7280
:20B0A00065710000B0B500F0DFFE68B1017D072909D16368A178E278008AEAF7B4F938B9A0
:20B0C0004FF4B47500E0052521882846FEF7D9F8606830B103A141F61232BDE8B040E8F7E1
:20B0E00023BCB0BD627469665F68616E646C655F6C655F616F785F7365745F636F6E6E5FA6
:20B100006374655F7472616E736D69745F706172616D735F72657100BCB500F0A5FE80B163
:20B12000017D072909D1A288008AA178A379E5790095EAF799F910B1BCBD052501E04FF4B0
:20B14000B47521882846BDE8BC40FEF7A7B8B0B500F08AFE60B1017D072905D1A178008AA5
:20B16000EAF79AF910B1B0BD052501E04FF4B47521882846BDE8B040FEF79DB880B5027811
:20B1800041781046EAF78EF900B180BD4FF4B470BDE88040FEF739B97FB504468178E368D5
:20B1A000C2780088257C66698DE86800231DEAF785F918B900F078FEFEF77CF9606938B18E
:20B1C00004A141F6833204B0BDE87040E8F7ACBB7FBD00BF627469665F68616E646C655FC5
:20B1E0006C655F69736F63685F73657475705F646174615F706174685F72657100000000CD
:20B2000010B500F0D2FEEAF78EF900B110BD00F04BFEBDE81040FEF75AB91CB504460088EA
:20B22000EAF787F928B92188002000F041FEFEF75BF91CBD10B586B004460088EAF77EF98D
:20B2400060B921880020CDE900000022CDE90200002304904FF4B470FEF756F906B010BD97
:20B260001CB504460088EAF76EF928B92188002000F01EFEFEF765F91CBD10B500F095FEB9
:20B28000EAF766F900B110BD00F00EFEBDE81040FEF76CB910B500F088FEEAF75FF900B1C0
:20B2A00010BD00F001FEBDE81040FEF76CB91CB504460088EAF758F928B92188002000F054
:20B2C000F7FDFEF76DF91CBD10B500F06EFEE9F769FB00B110BD00F0E7FDBDE81040FEF7A5
:20B2E000A9B92DE9F04186B00446037BD0E9011204F116080078657BA67B278AB4F812C020
:20B3000094F814E08DE8E050CDF81480EAF731F910B106B0BDE8F08121784FF4B4700022F5
:20B32000002306B0BDE8F041FEF7A3B980B5014611F8020BEAF75BF900B180BD4FF4B470F1
:20B34000BDE88040FEF7A6B910B504460078EAF769F900B110BD00F0F4FDBDE81040FEF721
:20B36000A6B92DE9F04387B00446037BD0E9011204F114090078657B94F81380E689277CBF
:20B3800094F811C094F812E08DE8E050CDE90589EAF74DF910B107B0BDE8F08321784FF456
:20B3A000B4700022002307B0BDE8F043FEF78EB910B504460088EAF77AF900B110BD00F000
:20B3C00073FDBDE81040FEF7A1B910B500F0EDFDEAF772F900B110BD00F066FDBDE8104008
:20B3E000FEF7A1B92DE9F04788B004464368007804F1110A6178A278258994F80F80668951
:20B40000277B94F80DC094F80EE094F810908DE8E05005AD85E80007EAF754F910B108B019
:20B42000BDE8F08700F08DFD08B0BDE8F047FEF787B910B5044600786178EAF782F900B140
:20B4400010BD00F07EFDBDE81040FEF7B8B92DE9F04F8FB0044640680E9060780D90607DE3
:20B46000A67A257D2378A278B4F808B0A789B4F80EC094F810E094F8118094F8129094F8F4
:20B4800013A0A17DCDE9085004F117000A910B90CDE900B602A880E8805005A880E8000721
:20B4A0001846DDE90D13EAF758F910B10FB0BDE8F08F00F046FD0FB0BDE8F04FFEF79BB953
:20B4C000F0B585B0C38A0446418804F1190700782279657D267ECDE90053631DCDE90267DC
:20B4E000EAF787F908B105B0F0BD00F02AFD05B0BDE8F040FEF78EB910B504460078EAF78B
:20B50000AAF900B110BD00F01CFDBDE81040FEF7C8B910B504460088EFF704FB014620882B
:20B52000BDE81040FEF798BAB0B586B00446808800F0A0FCC8B10121ADF80810018ACDE9BD
:20B5400004416189ADF80A10D4F806104FEA3141039100F061FE0546024678B901A90220FD
:20B56000EDF73EFE40B100200FE0E1880422A088FEF78FFA012008E040F20522E188A08883
:20B58000FEF787FA002D5FEA0F9006B0B0BD704780B5EAF765F900B180BD00F001FDBDE851
:20B5A0008040FEF783BA80B5B0F90020B0F902101046EAF759F900B180BD40F2E3304FF4E1
:20B5C000B471BDE88040FCF70BBC1CB500F034FC008AA178EAF75AF940B9A2780020218883
:20B5E000002300904FF4B470FEF76DFA1CBD10B500F022FC008AA178EAF755F900B110BDD9
:20B6000000F052FCBDE81040FEF76FBA10B500F013FC008AA178E278EAF752F900B110BD6E
:20B6200000F042FCBDE81040FEF76CBA7CB500F003FC008AA178E2782379E6886579CDE911
:20B640000056EAF74EF900B17CBD00F02DFCBDE87C40FEF7A3BA10B500F0EEFB008AA17875
:20B66000EAF756F900B110BD00F01EFCBDE81040FEF7A1BAF0B585B000F0FFFB94F90CE090
:20B680008DE8E050EAF751F918B940F2F13000F01CFCA06803A141F6D34205B0BDE8F0402C
:20B6A000E8F742B9627469665F68616E646C655F6C655F7472616E736D69747465725F7421
:20B6C0006573745F76345F726571000010B5002800F09A83044604302388A3F20111C329B8
:20B6E00000F2CA80DFE811F06302C901C9016602C901C9018A03C9016A02C9016E02C9018A
:20B700007202C9017602C901C9017A02C901C9017E028202C9018602C901C400C901C4005D
:20B72000C9018802C901C9018C02C9019002C901C901C901C9019402C901C9019802C90181
:20B740009B02C901C9018A039E02C901A102C901A402C901A702C901AA02C901C901AD0282
:20B76000C901B002C901C901B302C901C901C901C901C901C901B602C901C901B902BC0283
:20B78000C901C901BF02C202C901C502C901C9018A03C901C901C902C901CD02C901D10249
:20B7A000C901D402C901D702C901DA02C901DD02C901E002C901E302C901C901C901C90174
:20B7C000C901E602C901E902C901C901EC02C901EF02C901F202C901F502C901F802C901B8
:20B7E000FB02C901FE02C901C901C9010103C9010403C9010703C9010A03C9010D03C90100
:20B800001003C9011303C9011603C9011903C9011C03C9011F03C901C901C901C901C901A5
:20B820002203C9012503C9012803C9012B03C9012E03C9013103C9013403C901C901C901AC
:20B84000C901C901C901C901C901C901C9013703C901C901C901C901C9013A03C9013D03EF
:20B8600040034403C9014703C901C9018A034E032046FEF719FEB0E2A3F10901302943D9A1
:20B88000A3F54071142940F27680A3F560710E2940F28B80A3F57871102940F29A80A3F282
:20B8A000A1310E2940F2AB80A3F150010A2940F2BA80A3F55071062940F2C580A3F5707126
:20B8C000082940F2CC80B3F5737F00F08082B3F5387F00F07F8240F2E3218B4200F08082E8
:20B8E00040F2E5218B4200F08082B3F54C7F00F08082B3F5587F00F07F82012B40F0BD80E3
:20B900002046FEF79FF979E2DFE811F03100B700BE00B700C100B700B700C500B700B70052
:20B92000C900CC00B700B700B700CF00B700D200B700D500D800B700B700B700B700B700FE
:20B94000DB00B700DE00B700E100B700B700E400B700E700B700B700B700EB00B700B70071
:20B96000EE00F100B700F400B700B700F7002046FEF792F942E2DFE811F015008000C300AE
:20B980008000C6008000C9008000CC008000CF008000D200800080008000D5008000D8007E
:20B9A0008000DB00FFF752FA28E2DFE811F00F006600C4006600C7006600CA006600CD004F
:20B9C0006600D0006600D3006600D600FFF7E4FB14E2DFE811F011005200C5005200C800E7
:20B9E0005200CB005200CE005200D1005200D400520052005200D700FFF7CAFDFEE1DFE891
:20BA000011F00F003C003C00C4003C00C7003C00CA003C00CD003C003C00D0003C00D30071
:20BA2000FFF752FCEAE1DFE811F00B002800B1012800B4012800B7012800BA012800BD01C4
:20BA4000FEF7E9F9DAE1DFE811F007001800B0011800B3011800B601FFF7B2F9CEE1DFE80A
:20BA600011F009000C00AD010C000C00B0010C000C00B301FFF7B6FCC0E1C1480122DFF821
:20BA80008C1316F06EFAB9E1FEF719F9B6E12046FEF718F9B2E12046FEF727F9AEE1FEF763
:20BAA0004EF9ABE1FEF752F9A8E1FEF783F9A5E1FEF754F9A2E1FEF7A3F99FE1FEF7A4F98B
:20BAC0009CE1FEF7A5F999E1FEF736FA96E1FEF74CFA93E1FEF75BFA90E12046FEF768FA19
:20BAE0007CE1FEF779FA89E1FEF77AFA86E1FEF793FA83E1FEF778FA80E1FEF780FA7DE1CC
:20BB0000FFF7D0F97AE1FFF7FBF977E1FFF78CFA74E1FFF7C7FA71E1FFF719FB6EE1FFF7A0
:20BB2000FBFA6BE1FFF7F8F968E1FFF731FA65E1FFF73EFA62E1FFF763FB5FE1FFF76DFBCA
:20BB40005CE1FFF777FB59E1FFF78AFB56E1FFF794FB53E1FFF79EFB50E1FFF7A8FB4DE114
:20BB6000FFF721FD4AE1FFF730FD47E1FFF73FFD44E1FFF75BFD41E1FFF76DFD3EE1FFF7FF
:20BB800045FD3BE1FFF776FD38E1FFF7AAFB35E1FFF7CCFB32E1FFF7D7FB2FE1FFF7E1FB9A
:20BBA0002CE1FFF705FC29E1FFF70FFC26E1FEF7F4FC23E12046FEF7C9FA0EE12046FEF71E
:20BBC00031FB0AE12046FEF76BFB17E12046FEF776FB02E12046FEF78CFB0FE12046FEF7B9
:20BBE000A5FB0BE12046FEF7D3FB07E12046FEF7DDFB03E10020F4E02046FEF787FBFDE0E3
:20BC00002046FEF795FCF9E02046FEF7AAFCF5E02046FEF7B5FDF1E0FEF7CCFCEEE0FEF72B
:20BC200033FAEBE0FEF744FDE8E0FEF74FFDE5E0FEF76CFDE2E0FEF77FFDDFE0FEF78CFD3A
:20BC4000DCE0FEF71EFED9E0FEF72CFED6E0FEF7DFFDD3E0FEF739FED0E0FEF752FECDE037
:20BC6000FEF75FFECAE0FEF76FFEC7E0FEF779FEC4E02046FEF789FEAFE02046FEF7ADFE38
:20BC8000BCE02046FEF7BAFEB8E0FEF7D0FDB5E0FEF7DAFDB2E0FEF7E9FDAFE0FEF7E9FD63
:20BCA000ACE0E9F753F8A9E0FEF73AFDA6E0E8F721FEA3E0FEF7CBFEA0E0FEF7B5FE9DE0AE
:20BCC000FEF7E5FE9AE0FEF705FF97E0FEF713FF94E0FEF721FF91E0FEF72CFF8EE0FEF71E
:20BCE000C3FE8BE0FEF734FF88E0FEF799FF85E0FEF7A9FF82E0FEF7AAFF7FE0FEF795FF11
:20BD00007CE0FEF77BFF79E0FEF766FF76E0FEF740FF73E0FEF74EFF70E0FEF72AFF6DE0CB
:20BD2000FEF72DFF6AE0FFF701F867E0FEF797FF64E0FEF7ABFF61E0FEF7BAFF5EE0FEF7D2
:20BD4000E5FF5BE0FFF708F858E0FFF71DF855E0FEF7F4FF52E0FEF787FF4FE0FEF78BF919
:20BD60004CE0FEF78CF949E02046FEF7C4F945E0FFF7CFFB42E02046FFF7D6FB2DE000BFDC
:20BD8000003710262046FEF7DEFB37E0FEF74FF834E0FEF759F831E0FEF77EF82EE0FEF7D6
:20BDA00086F82BE0FEF792F828E0FFF719F825E0FFF726F822E0FFF735F81FE0FFF747FBF7
:20BDC0001CE0FFF736FB19E0FFF77AFB16E0FFF793FB13E02046FEF709FA78B9002010BDF3
:20BDE00001202146FEF737FB08E02046FEF78CF904E0FEF7D6FF01E0FFF7C0F904A1204683
:20BE000042F2A342E7F790FD012010BD485F0C18627469665F68616E646C655F636F6D6D6A
:20BE2000616E6400ADF806100121ADF8020070470121ADF80200704704460088042100F02D
:20BE4000EBB80168808801910121ADF808007047ADF80820FBF7ACBE0121FBF7A9BE0446C8
:20BE6000C1888088F7F7DCBB044600880421042500F0D2B8042100F0CFB80446007861781B
:20BE8000A278E37825796679A779D4F808C070470446084600F09AB90121ADF808007047E4
:20BEA0008DF80820FBF784BE21884FF4B470704700904FF4B4700022002370470121ADF820
:20BEC0000850ADF80640FBF773BE4FF4B471FBF787BF0078E7F7BEBB20460122FCF706BA51
:20BEE0000868CDF8060088880121ADF80A007047ADF80820ADF80A30FBF75ABEADF80230E2
:20BF00008DF80A20FBF754BEADF802100121ADF8040070476080A5F10C002181002160810F
:20BF20002046E680704715460C4600F067B911460A2216F020B8ADF802308DF80B20FBF7E7
:20BF400037BE21784FF4B47070478DF80E308DF80A20FBF72DBE0028ADF80650ADF80440DA
:20BF6000ADF802107047002A8DF807208DF80610ADF8020070472A4615F0FDBF00210181B0
:20BF8000C0E900117047224615F0F5BF0346F01C012215F0E6BF52000830194615F0EBBF55
:20BFA0004FF4B47000210022704704468178008870471D4614460E4600F020B97CB5134C34
:20BFC0000D46134906460090022220462B4615F0C8FF012E19D12846042100F01DF8A0B10D
:20BFE0000546E8F7D1FB2B7D20460A4900F034FD287D052809D105F11600697D40F21312D4
:20C0000002B0BDE87040F5F731BE7CBD033710267C5F0C18B05F0C181CB503460C4890F86D
:20C0200020200C48C06852B1047D2CB1048A9C4204BF047F8C4209D0013A2030F3E7009194
:20C0400002220548054915F08CFF00201CBD00BFE40010008002100001371026EC5F0C1876
:20C06000F8B506460C480D4690F820700B48C46877B1207D48B1207FA84206D104F1160060
:20C080003146062215F081FF18B1013F2034EFE700242046F8BD00BFE400100080021000C5
:20C0A00060B110B50446037D05480122054915F058FF2046202115F063FF10BD704700BF75
:20C0C0000337102634600C18B0B5114B114C93F82030E4680133A4F12005013B10D005F1F3
:20C0E000200495F83450002D2546F6D1838863830068C4F81600012061752277207505E077
:20C10000054800220549002415F02BFF2046B0BDE400100080021000003710265C600C1869
:20C120001CB502460F480C46002103680E48984703460E480E490222009415F012FF0D4962
:20C14000002C5FEA1F900A7802F0FE02104408702046FBF771FD04B11CBDBDE81C40FCF733
:20C1600069B900BF84AE130000003026033710267C600C188002100010B58CB06C46ADF8E9
:20C180000000201D2C2215F0F6FE2046EFF7AEFD0CB010BDF8B50F4604211D461446FFF7C1
:20C1A0003BFF88B1DDE90663012F008A06D1009321462A463346FCF75AFCF8BD0899324652
:20C1C00000912146FCF7BCFCF8BD00BF10B504210446FFF721FF20B1017D072904BF008A32
:20C1E00010BD044801220449234615F0BAFE002010BD00BF00371026AC600C1880B50421ED
:20C20000FFF70AFF30B1017D41F00401072904BF008A80BD002080BD48B1007D0738C1B24B
:20C22000022904D8034940B231F81000704740F205207047FC1F05047FB50C4604210646A0
:20C24000FFF70EFF054640B900200421ADF80C00029002A8FFF704FF05461A480021324626
:20C26000036819489847194E034619490322CDE90045304615F075FEBDB12B7D3046154909
:20C2800000F0EAFB94B12846E8F77EFA05202A8A697D2346287505F11600FCF7D2FB2846C0
:20C2A00004B0BDE87040FFF7FBBE7FBD05202A8A287505F11600697D002304B0BDE87040F6
:20C2C000FCF7BFBB84AE13000000302602371026F0600C182C610C182DE9F04389B00F46EB
:20C2E00004211D4690460446FFF7BAFE064650B900200421ADF82000079007A8FFF7B0FE9F
:20C30000064600284BD02A48002122460368294898470346307D0290042227482749CDE995
:20C3200000768146023015F01CFE37823446D5F8010044F8160FB5F80500A080E87904F8DE
:20C34000010C10281CBF3046E8F71EFA337D052B18BF032B1BD128784FF0000CAF89727D6D
:20C36000297A6B89ED89CDE900103046CDE9023721464346CDE9045CFCF78EF807200121BD
:20C380003075308A09B0BDE8F043FBF7FDBF0C494846012209B0BDE8F04315F0E2BDE97962
:20C3A000204640F2131209B0BDE8F043F5F75EBC84AE1300000030260037102658610C1844
:20C3C000A0610C18F8B50546174816460C4600212A46036815489847154F022215492346AC
:20C3E0000090B81C15F0BDFD28460421FFF738FE58B111493846002215F0B3FD28462146CE
:20C400000022BDE8F840F5F789BB284621460422FFF75AFE0028F1D0022106820175BDE8F5
:20C42000F840FCF736BB00BF84AE13000000302601371026D4610C1804620C1801380428D0
:20C4400088BF7047DFE800F003070A0D10004FF49A70FBF7C5BC0020FCF73CBB0120FCF718
:20C4600039BB0120FCF729BB0020FCF726BB00BFF0B587B005460E4608460421FFF7F0FD4C
:20C4800004462C480021324603682B4898472B4E03462B490322B71CCDE90054384615F0CD
:20C4A00060FD9CB1237D3846264900F0D5FA237D981E06280CD8DFE800F004040B102D20F7
:20C4C0002900208A0021FBF75FFF28E007B0F0BD1D49304600F0C0FA21E0627D00210E20F7
:20C4E000CDE90011CDE904102046CDE9021104F116010023FBF7D0FF11E0208A0121FBF7DD
:20C5000043FF208A2946FCF71FF808E0208A0021FBF73AFF208A00212A46FCF722F8208AE6
:20C5200000210022F5F7C6FB204607B0BDE8F040FFF7B6BD84AE13000000302600371026A8
:20C5400030620C186C620C1898620C18E0B58DF8063093881268ADF804306B4600920922E9
:20C56000FBF786FB8CBD70B50E4604211C461546FFF776FD50B1017D072907D1008A3146B3
:20C580002A462346BDE87040FCF73BBA70BD00BF2DE9FF4781460E46084611461C461546C0
:20C5A000F7F73EF808B1BDE8FF87DDF8348011A240F27E2304EB080081B20D480078E7F78F
:20C5C00049F80028EFD00E990746DDF830A019B13819424615F0CFFC1FFA88F238462146AF
:20C5E0005346CDE900960295FCF79CF9BDE8FF8705001000627469665F68616E646C655F28
:20C60000617474725F707265705F77726974655F7273700070B505460E4608461146144648
:20C62000F6F7FEFF00B170BD304621462A46BDE87040FCF787B9F8B504460F46084611466C
:20C640001E461546F6F7ECFF00B1F8BDB01E294680B22346042828BF0126F2B2384601B0F8
:20C66000BDE8F040FCF77DB87CB514460D460646052B0AD0022B0AD0012B0FD128462146A1
:20C68000F6F7CEFF50B9012202E0042200E00222069B284621460096FCF72CF901207CBD2A
:20C6A0002DE9F04387B0DDE90F570E4604463946994690462846F6F7B3FF60BB0E98052EFB
:20C6C00006D0139B042EDDE911C10CD0032E0CD18DE8A1001FFA88F21FFA89F33046214607
:20C6E000FCF7C8F816E0022200E0012289B21FFA89F69BB2CDE90230CDE9006104A84FF060
:20C70000000EA0E8A0401FFA88F11FFA8CF32046FCF762F840B106A120464FF4417207B01B
:20C72000BDE8F043E7F700B907B0BDE8F08300BF627469665F68616E646C655F6174747272
:20C740005F726561645F72737000000010B504460846FFF73BFD20B12146BDE81040FCF77F
:20C76000E2B910BDB0B514460D46FFF72FFD28B129462246BDE8B040FCF7F4B9B0BDB0B566
:20C7800014460D46FFF73AFD28B129462246BDE8B040FDF7F5B8B0BD0138042888BF704709
:20C7A000DFE800F003070A0D100008461146FCF79FBB0020FCF7ABBB0120FCF7A8BB01208E
:20C7C000FCF789BB0020FCF786BB00BFFEB506460F468DE80E001C4615460A4804220A49B0
:20C7E000334615F0BEFB38460421FFF715FC38B1018A0120009030462A462346FCF7A1FA56
:20C80000FEBD00BF02371026CC620C18B0B50D460446FFF7DBFC28B128462146BDE8B040CB
:20C82000FCF782BAB0BD00BF05491431096829B18A89824204BF881D7047F7E70020704714
:20C8400080021000064A1432126822B193898342FAD150790870002A5FEA0F90704700BFEE
:20C860008002100070B5064615480C4600F114052846006840B10179B142FAD1A188418112
:20C880002168C0F8061070BD0E480FA2102140F2A7330078E6F7DEFE80B10146012048714D
:20C8A0000E712068C1F80600A0884881002088810F4802682846BDE87040104770BD00BFD1
:20C8C0008002100000001000627469665F6C655F6578745F6164765F7365745F75706461E3
:20C8E00074655F72616E645F6164647200000000ACBE130070B5064610480C4600F11405BF
:20C900002846006820B10179B142FAD1447170BD0B480CA2102140F2C7330078E6F79AFE0B
:20C9200050B101460020888111484C710E7102682846BDE87040104770BD00BF80021000EF
:20C9400000001000627469665F6C655F6578745F6164765F7365745F7570646174655F6F4D
:20C96000776E5F616464725F7479706500000000ACBE130010B501460A48143004462468C2
:20C9800074B122798A42FAD107490A682146904706A1204640F2E532BDE81040E6F7C4BF95
:20C9A00010BD00BF80021000A8BE1300627469665F6C655F72656D6F76655F6578745F61AE
:20C9C00064765F736574000070B5094809A5074E00F1140431682046884728B1294640F208
:20C9E000F232E6F7A1FFF5E770BD00BFB8BE130080021000627469665F6C655F636C6561EA
:20CA0000725F6578745F6164765F736574000000044A143212681AB113798342FAD19181A8
:20CA2000704700BF800210000148007C704700BF8002100001490874704700BF8002100053
:20CA40000148407C704700BF8002100001494874704700BF80021000012215F082BA000057
:20CA60002DE9F04F8FB091461E9A042A04D24FF0FF300FB0BDE8F08F82464FF0FF30102ACE
:20CA8000F7D80E4612F00101F3D1189C072CEED30D2C9CBFDDF868B0BBF57F4FE7D8C4F190
:20CAA0000E00BBF1000F009018BF40F04000F821984601EB8201224601F0F80108438DF84E
:20CAC0002C000BAD1946681C15F055FAC4F10F0700204946C2B2974204D9AA1A0130D1735E
:20CAE000090AF7E70029C2D10020CDE90900CDE9070007A90BAA102010B100F01BF9FBE7B1
:20CB000007A800F01FF90028B1D00BA9BBF1000F61D000205D46ADF83A00CDF83600CDF8B3
:20CB20003200CDF82E009BFA8BF0000CBBF10E0FADF82C0028BF0E25881C19992A4615F035
:20CB40001AFAABEB050407A90BAAAB46102010B100F0F0F8FBE707A800F0F4F800283FF43B
:20CB600086AF1998584401900BA802969CB356464FF0100A102C54EA3A8B5844CBF110016B
:20CB8000BBF10F0F88BF0021254615F0EFF90BA8019C5A46214615F0EEF907A80BA9BAF1BA
:20CBA000000F08D011F8012BAAF1010A03785A4000F8012BF3E707A83146B246024615F035
:20CBC000FDF900283FF453AF5C440194029EA5EB0B040BA8CAE700984146189C02968DF83A
:20CBE0000C0003AD05F1010B2246584615F0C3F90BEB04003946A84615F0B8F9DDE91B654D
:20CC000001208DF81B00B9F1000F6ED0CB46CDE90056B9F1100F28BF4FF0100B0298E0B902
:20CC20000BADCBF1100105EB0B00BBF10F0F88BF002115F09BF9019928465A4615F09BF968
:20CC400007A910202A4610B100F074F8FBE707A800F078F800283FF40AAF0BAA4046514690
:20CC600015F0ACF900283FF402AFDDE900560BAC0020C1B28B4505D9725C0130635C5A4092
:20CC80006A54F6E7029801281DD104EB0B00CBF11001BBF10F0F88BF002115F067F90BA837
:20CCA00029465A4615F067F907A90BAA102010B100F040F8FBE707A800F044F8DDE90056A9
:20CCC00000283FF4D4AEA9EB0B095E445D440020C1B28F4297D9A8EB01010130CA7B01327A
:20CCE000CA73D1B29142F3D18DE700200021CAB2974204D9A8EB02020131D073F7E703A861
:20CD00000BAA514615F05AF900283FF4B0AE0BA907AA102038B11378013811F8015B6B4064
:20CD200002F8013BF6E7DDE91D0207A915F023F900209EE612F8013B01380D786B4001F8DE
:20CD4000013B70475146024615F038B903460846194615F01FB910B588B003460020CDF80D
:20CD600013001446CDF817006A46CDF81B008DF81F000888ADF81000887819468DF81200FB
:20CD800004A815F007F9BDF8000020809DF80200A07008B010BD2DE9FE4FDDF8388000254C
:20CDA0009F8883461E6858EA0F25146856EA0F47D1F800C03D434F68D1F808E06F400D9DAB
:20CDC000C9689B79D5F802000290288801900F9D90799288B5F804A0D5F80090109D6F6073
:20CDE00042EA004754EA0F272A4681EA0700E86044EA030080EA0E00A8600C9946EA080094
:20CE00000843594680EA0C002860284615F0C2F82868696880EA090028600198AA684AEAC2
:20CE2000004048406860029859465040A86028462A4603B0BDE8F04F15F0ACB810B50446A4
:20CE4000106852685A601A46186008684968D960214698601846BDE8104015F09BB870B585
:20CE600092B00DF107060546701C144620228DF8073015F080F806F121002946202215F0EB
:20CE80007AF8169B20463146412215F088F812B070BD00BF2DE9F04196B00D46014622486B
:20CEA0001F46129020A01646D0E90123C0686C46DFF88480CDE913232022159012A82346C7
:20CEC000C0474FF480701022ADF810001C980168D0F80300CDF81210CDF815003868D7F819
:20CEE0000310CDF81900079104AF07F11000314615F041F807F12000294600F08DF800201D
:20CF00001D9B8DF8440039460C48352210902046C0471E9B01208DF844002046394635227A
:20CF2000C04716B0BDE8F081BE83605ADB0B376038A5F5AA9183886C01C10100656C7462A8
:20CF4000F0B591B0044618980D466F46164610220168D0F80300CDF80300179800910168B6
:20CF6000D0F80300CDF80710CDF80A001698018880788DF8100007F11100ADF80E1019464C
:20CF800014F0F9FF07F12100314600F045F807F13100294600F040F8199B2046394641221C
:20CFA00014F0FDFF11B0F0BD00220021202A04BF0846704710F8013B934019440832F5E724
:20CFC000F0B599B005AF14460D4606463846194600F022F807F110002946202214F0CBFF48
:20CFE00007F130003146202214F0C5FF01AD2046394650222B4614F0D2FF2846FFF7D4FF06
:20D000000449B0FBF1F202FB11001E99086019B0F0BD00BF40420F00102214F0ACBF0000A1
:20D020004FF0FF3014F0CFBF0421002219B1E0E802220139FAE7704710B500221146042AB5
:20D0400007D000F10803D0E900044A1C20431846F4D003295FEA9F9010BDD0E900121143C5
:20D0600005D1D0E90201084304BF012070470020704710B501F03F020023012454EA0D23B4
:20D080006FF0070202EAD101425808444068224000EA0301104610BD00F118010320002814
:20D0A00006D4D1E900231A4304D108390138F6E74FF0FF300130704710B50446FFF7ECFFEA
:20D0C00078B101466FF03F0000EB811004EBC10151E9022152EA010304D052EA5F010130D7
:20D0E000F8E7002010BD10B504222AB1F1E80234013AE0E80234F8E710BDF0B51831183074
:20D100000422013A10D4D1E90053D0E90064AF1B73EB04070AD308390838751B74EB03031A
:20D12000EFD24FF0FF30F0BD0020F0BD0120F0BD2DE9F041C2F140044FF0000EC4F1000C2C
:20D140004FF004080025B8F1000F11D0F1E80243A8F101081F46264654EA0DC356EA0D27B3
:20D160003D4346EA0E06A646E0E802651D46EAE770462946BDE8F081F0B500F12003002187
:20D18000002283420ED953E90245A3F10807264656EA5F052A43314343E90212E207002160
:20D1A0003B46EEE7F0BD2DE9F0474FF0000C4FF0040E4FF000084FF00009BEF1000F20D046
:20D1C000F1E80275AEF1010EF2E8024317EB080645EB090AA41943EB0A0384EA070683EAFF
:20D1E000050AE0E80243E41BAB4146EA0A064FF0000338BF0123002E58EA038859EA0C89B8
:20D20000DBE740464946BDE8F0872DE9F0414FF0000C4FF0040E4FF000080024BEF1000F0F
:20D2200018D0F2E80275AEF1010E17EB08076541F1E80263F61BAB41E0E8026347EA0503AF
:20D240004FF0000538BF0125002B58EA058854EA0C84E3E740462146BDE8F081F8B506998C
:20D26000079EA1FB02450460A1FB0314E6FB02144919A6FB022544F1000400274160891A4A
:20D2800074EB050138BF0127A6FB0312002F52EA02920919816042F10001C160F8BD70B523
:20D2A000DDE90451DDE90864AD196141069C12190260079A5A41426055F1000241F1000131
:20D2C0008260C16070BD2DE9F04F8DB0CDE903104FF0000B0020002100250024BBF1070F2D
:20D2E00058D0ABF10308CDE90645BBF1040F38BF4FF000080592A2EBC807039A4FF0000A88
:20D300004FF0000C054602EBC8090C46C34532D3B8F1030F2FD8F9E802236646D7E9000125
:20D32000CDE9000108A8FFF799FF08ABB4463E4608F101080FCBAD185C41079F3F180698EE
:20D34000079737464841069055F1000544F10004A81AA6F1080774EB03004FF0000038BF0F
:20D3600001201AF101014CF10002002852EA1C8C51EA1A8ACAE704980799059A40F83B1046
:20D3800000EBCB00083206990BF1010B416050466146A3E70498C0E90E540DB0BDE8F08F06
:20D3A0002DE9F04F8FB000230027002600250022039008460291072A69D0A2F10309042A77
:20D3C00038BF4FF0000902980491A2EB090AA1EBC90100EBC90098463C4633462F460026C1
:20D3E000002505924A4548DBD14546DCCDE906370890D0E900230991D1E90001CDE9000114
:20D400000AA8FFF72BFFDDE90A23DDE90C07D1450CDA39469B4650EA4F0116EBD77640EA10
:20D42000D37045F1000552EA4F0B01E039469B46069BAAF1010A079F09F101091B184F41E3
:20D4400018EB020854EB0B0453F1000347F10007181A77EB01004FF0000038BF0120711C72
:20D4600045F10002002851EA16860999089852EA15850839059A0830B4E70398049940F83A
:20D48000328000EBC20008314460013293E70398C0E90E370FB0BDE8F08FB0B51C46054625
:20D4A000FFF781FE084305D128462146FFF725FE002806D4284629462246BDE8B040FFF716
:20D4C000A4BEB0BDB0B51C460546FFF79EFE084306D0284629462246BDE8B040FFF763BEC7
:20D4E000B0BD00BF2DE9F04F97B00E460446FFF7FAFD0DF1380AF06A96ED0C1F4FF0000949
:20D500001190504651460122CDE90E998DED121FCDF84090FFF70CFEDFF898815246009065
:20D5200020460D912146C04706F13003CDE90B10CDF840900FCBCDF8549011AD0FC550463E
:20D5400051460122FFF7F4FDCDE90910204621465246C04706F12002CDE90710CDF84C9068
:20D5600007CACDE91199D6E90E370EAD07C5204621465246CDE91437C04706F1200306F171
:20D580003407CDE905100FCBCDE90E1286CFCDE9141000F0CFFCC04706F12803CDE90310F9
:20D5A000454D0FCB1093336ACDE90E122146CDE9143020465246CDF84C90CDE91199A8479A
:20D5C000CDE9011096ED0C1FF16A5246706A8AED001FCDE91299CDE9140120462146A8478B
:20D5E00006F1300306F12007834688460FCBCDE90E1286CF159000F09DFCCDF85090A84785
:20D6000006F13407AC460B9D8CCFCDE90E37D6E90937CDE9113715920C9A009BF66AD218B9
:20D620000D9BCDF84090CDF8509013966B410A9D5219099D6B41089D5219079D6B41069D4C
:20D640005219059D6B41049D12EB0509039A43EB0207029A019B12EB0B0243EB08031518E9
:20D6600043EB0106204621465246E0474019134D7141B9EB00068F4110D456EA070005D103
:20D6800028462146FFF739FD01280FD0204621462A46FFF7BAFD361A8F41EEE720462146D5
:20D6A0002A46FFF780FD36184F41F7D417B0BDE8F08F00BFA7D103040BD203041023050495
:20D6C000B0B590B06D4604462846FFF7FCFD20462946FFF707FF10B0B0BDB0B590B06D46F5
:20D6E00004462846FFF75CFE20462946FFF7FAFE10B0B0BD2DE9F04FA3B00546084691461A
:20D700000C46FFF799FC28B1284623B0BDE8F04FFFF78ABC01951AAE21463046FFF7E3FCE2
:20D720000DF1480B49465846FFF7DDFC0AAC2046FFF77AFC00200DF1080A0B9001200A908E
:20D740005046FFF771FC04F1180830465946FFF7D4FC002866D09DF86810C90702D100F0E2
:20D76000FBFB1EE09DF84810C90703D15846FFF703FD3FE0012827DB304631465A46FFF7C3
:20D7800044FD00F0E9FB20465146FFF7B6FCB0F1FF3F01DC00F0E8FB204621465246FFF7E5
:20D7A00034FD9DF82800C00702D10025002703E000F0DAFB05460F462046FFF7DDFC55EAD9
:20D7C0000700404629D1C0E7584659463246FFF71CFD5846FFF7D0FC50462146FFF78DFC7B
:20D7E000B0F1FF3F01DC00F0BAFB504651462246FFF70BFD9DF80800C00702D100250027B2
:20D8000003E000F0ACFB05460F465046FFF7B4FC55EA07000AF1180097D0416841F00041D7
:20D82000416092E70AA90198FFF75DFC23B0BDE8F08F10B50446FFF7FFFB28B104F120004F
:20D84000BDE81040FFF7F8BB002010BD2DE9F04391B00646104615468846FFF7EDFB0028E2
:20D860006CD108AF374C41463846A047DFF8D890684631463A46C84738463946A0474046E8
:20D8800041462A46C84728462946A0472F4F30462F4C31462A463B46A047284629462A46B3
:20D8A0003B46A047284631462A463B46FFF70AFE304631462A46C8472846314632463B46E2
:20D8C000A047304631462A463B46A0473078C00702D100F041FB0BE01C4A30463146FFF7FA
:20D8E00062FC074600F038FBF06940EAC770F06128463146FFF7F1FE144F6C46DFF85490B5
:20D9000000F020FB00F01EFB204621462A463B46C847304631462246FFF7D2FE08AC3146E0
:20D920003B4620462246C8470B4F30462946B84728464146B84740462146B84711B0BDE805
:20D94000F08300BFDBD60304C1D60304102305049BD40304C5D40304E7D003042DE9F041E8
:20D9600088B06F460D460646384611461446FFF7B4FEDFF82080304631463A46C0473846DB
:20D9800039462246C047284629463A46C04708B0BDE8F081C1D603042DE9F04188B00746FD
:20D9A0000E461046394698461546FFF79CFB40463146FFF798FB6846FFF736FB00200E9956
:20D9C00001900120009011B16846FFF78CFB6C46384631462246FFF7C1FF384631462246F6
:20D9E000FFF734FF284641462246FFF7B7FF08B0BDE8F0812DE9F04F89B0DFF88C80074669
:20DA0000DFF888A06D461E4689461446114628463A464346D04728462946FFF75EFEDFF8DC
:20DA200070B0384639462A46D847204621462A46D84700F08CFA28463146FFF74EFE2846D3
:20DA400029463A464346D0472846294622464346D047204621463A464346D0474846494648
:20DA60002246D847204639462A464346D047304631462246D84700F06AFA20462946FFF797
:20DA800032FB09B0BDE8F08F10230504C5D40304C1D603042DE9F04F99B0DFF8E49010AD5C
:20DAA000DFF8E0A004461F46884616461146284622464B46D047344A284629469047DFF858
:20DAC000CCB0204621462A46D847304631462A46D8472846394642464B46FFF7DEFC38469E
:20DAE000394642464B465546D0470DF1200A314622464B465046A847404641465246D847FB
:20DB00005046214632464B46FFF7C7FC1E4A3046394690473046314652464B46A847EB46DC
:20DB20002146584632464B46A847184B384639465A4698473846394642464B46A84710AE46
:20DB4000114A5846314690475846594652464B46A8475046594622464B46A8470B4B504620
:20DB60005146324698474046514642464B46A84720465946FFF7B7FA19B0BDE8F08F00BF3A
:20DB800010230504C5D40304DBD60304C1D603042DE9F04FADB00DF17009039009F1200677
:20DBA0001F4692460D463046FFF79DFA0CAC05F1200104F12008019502914046FFF793FAB4
:20DBC000304641464A4623460097FFF7E5FE36986FF0070BA0F10208B8F1010F2ADB08F04F
:20DBE0003F000122002152EA0D010BEAD8005AF80030504440681A4008400CA910435FEADA
:20DC00000F9009EB401701EB40165FEA1F9001EB401409EB4015384631462A462346FFF793
:20DC200039FF284621463A463346FFF7E3FEA8F10108D1E7DAF800000CA900F0010009EB41
:20DC4000401401EB401780F0010001EB401509EB40182046394642462B46FFF71BFFDFF86A
:20DC600074B00DF1100A09F120014A4650465B46FFF728FC184E504651463A46B047019AC7
:20DC800050465146B047504651465A46FFF732FD029A50465146B047504651462246B04722
:20DCA0004046294622463B46FFF7A4FE0CAD484652462946FFF752FE039C49462046FFF7D0
:20DCC00012FA04F120002946FFF70DFA2DB0BDE8F08F00BF10230504C1D6030410B518310F
:20DCE0001F30042242B150F8034C013A50F8073C083861E80234F5E710BD18301F31042239
:20DD0000D2B110F80839013A01F8073C437A01F8063C837A01F8053CC37A01F8043C037B9D
:20DD200001F8033C437B01F8023C837B01F8013CC37B01F80839E3E7704700BF2DE9F04F75
:20DD40009BB001910AAD81464021284614F040F9284E02AFDFF8A0B00024DFF8A0A0A046ED
:20DD60000F2C3FD8B0470290B0470390B0470490B0470590B0470690B0470790B04708907D
:20DD8000B047089909904A1E70F1FF3222BF089120F0807009903846FFF74EF978B95846BB
:20DDA0003946FFF7AAF9012809D13846FFF784F90090284651463A460023FFF7E9FE2846D4
:20DDC00008F10104FFF735FD0028C8D102A80C4C0199A04728464946A04705F1200009F1E5
:20DDE0002001A047B8F1100F5FEA2F901BB0BDE8F08F00BF21D00304F0220504B0220504AF
:20DE0000FBDC03042DE9F041AAB002AD124C0E46904629460746A04707F1200005F120017A
:20DE2000A04722AF30463946A0473846FFF744F9009012AE29463A4630460023FFF7A8FE29
:20DE400030464146FFF759FF3046FFF7F2FC80F001002AB0BDE8F081DDDC0304F0B5B1B0F6
:20DE600008A90446FFF73AFF04F120006946FFF735FFDDE90801084303D1DDE90A01084380
:20DE800006D0294908A8FFF738F9B0F1FF3F02DD002031B0F0BDDDE90001084303D1DDE94B
:20DEA00002010843F4D020496846FFF726F901460020B1F1FF3FECDC10AA20AB082129B18D
:20DEC000E2E802000139E3E80200F8E720AC08AD20462946FFF701FC134E2046134A2146BC
:20DEE0003346FFF7DAFA10AF21462A463846FFF7E7FB0F4A384639463346FFF7CEFA08203E
:20DF0000002118B1E4E802110138FAE720AC69462046FFF7E2FB10A92046FFF7EEF8002847
:20DF20005FEA1F90B5E700BF1023050470220504902205042046CDE910312146CDE9122749
:20DF4000524670472846294622463B464847304631464A46434650473046FFF70DB95046B8
:20DF600051464A46FFF71FB9204621464A46FFF71AB90000BFB50546C38980890C46CDE96A
:20DF8000000103220C480D4913F0EBFF200A04218DF80F001622A8898DF80C00000A8DF858
:20DFA0000E408DF80D000020CDE9001003AB28460021EBF767F8BFBD033B102624630C1882
:20DFC000BCB54B689C1C1A884C605D8804334B601146ECF77FF9F8B10446104810490122D7
:20DFE0002B4613F0BEFFB4F84A0000212844B1EB104F06D1A4F84A002046BDE8BC4000F0BE
:20E0000011B84FF43C700DF10602ADF80600204640F20711ECF7AAFBBCBD00BF033B1026B3
:20E0200060630C182DE9F04F8BB07D49054690F838008B46002800F0DC806868002800F06B
:20E04000D88078490079DFF8E09191F80080022818BF4FF0FF38B5F84A0001AF000400F0CB
:20E06000D180E86A08B1E88E1AE005F1240006A94A46A123E5F704FE002800F0C180DDE9BA
:20E080000801C5F83200BDF81C00E96240F00800BDF81E1020F030002986E886ADF81C0033
:20E0A000EA8A00F00C03082B02F11C0103D16B8E941E9C4204DB000730D4688E90422DD995
:20E0C00089B25FFA88F04A46B9233E46E5F7C2FA002800F0958057490746C0202A460090B2
:20E0E00038464B46E5F782FA002800F09380AB8E0222E88A504900F0AEFF1C20EC8AADF832
:20E100000A00E88EADF80C4040F001010007ADF80810049746D407F11C004CE089B25FFA0F
:20E1200088F04A46E723E5F795FA002868D08246AB8E688E02223D4900F08DFF288EE96ADC
:20E140006A8E01440AF11C0013F015FFE86A4B4637490560F520EA6A00905046E5F746FAE1
:20E16000002857D0E88E3A46CDF810A020F0380000F12001E9861C2140F02100ADF80A10CF
:20E18000698EADF80C10ADF808006968E889EAF72DFF00206886E862B5F84A000138A5F8A6
:20E1A0004A005BE795F83200023C387795F83300787707F11E00298E3746EA6A1144A2B231
:20E1C00013F0D9FE69683246E889EAF70FFF298EB5F84A0021442986698E0138A5F84A00E3
:20E1E000091B6986E98E41F0100121F00801E98634E7134958460022002613F0B2FE0BE0CF
:20E20000012609E0AB8E58460C490122012613F0A8FE01E00026EE6230460BB0BDE8F08F23
:20E22000013B102606001000BF2705046C640C1849E2030445E2030430640C18F0630C18E4
:20E24000BC630C18FFF7EEBEBCB5046805461948022219492B46009413F083FE17A128461B
:20E260005222E5F761FB94F8380008B3A07F06281ED1607F102809D160680179022912D1F6
:20E28000A18900224088FEF77AFA607F11280AD1606800F0DCFE30B961680023A289207FDD
:20E2A0004988F9F7AAFF2046BDE8BC40FFF7BABEBCBD00BF033B102690630C186C32635F5C
:20E2C000656366635F7364755F63616C6C6261636B0000007CB5044690F8380038B1CB88FF
:20E2E0000D461B2B0FD823480122234907E06068022222490023007900901E48013013F0A0
:20E3000030FE00207CBDE08A2A890238904215DBE868C618B01E314613F072FD287A06F8D8
:20E32000040C687A06F8030CA88840F00400A880288902302881E8880438E88004F1240099
:20E3400006A2294640F23B13E5F742FC0028D8D02046BDE87C40FFF765BE00BF6C32635F3D
:20E36000656366635F73656E645F7364755F6D7367000000003B1026D8640C18A8640C18B1
:20E380002DE9F04188B0754E0D4604468389B0F84800022272490090F01C13F0E2FD61687C
:20E3A000704809790078022918BF4FF0FF30B4F8481089B10139A4F84810E26B2F8972B1A7
:20E3C000B4F84200B4F84430C119994224D900913046664902220EE040F2F2260FE0EA880A
:20E3E000E96831F80280228A904546D9009230465F490222434613F0B4FD40F2F126E868D7
:20E400004FF4F4725849E5F78FFA2046314608B0BDE8F041EBF77EBEE988EB681944B4F8F7
:20E4200040301A4410443A4613F0A5FDB4F8420040F2AD124C493844A4F84200E868E5F79B
:20E4400073FAB4F84400B4F84210814261D1607F11284DD1606800F0FAFDD8B30120D4E91E
:20E460000F12ADF8100060680691CDF81220A189408803AAF3F77CFC39E0BE1E464509D115
:20E48000E163E888A4F844800230A4F84280A4F84000D6E708F11C01334AC0B289B24FF4BC
:20E4A000C673E5F7D7F80028E06353D01C21A4F84480A4F840101C30A4F84260E988EA6814
:20E4C0001144B2B2023113F056FDE86840F29B122549B4E76168E36BA289207F4988B4F864
:20E4E0004260B4F84050CDE90056F9F794FE607F10280AD16068B4F84030A189E26B40889B
:20E50000B4F842500095FBF748FA0020E063C4F84200B4F84E0010B9617F11290FD1B4F82A
:20E520004810814213D1B4F84C10081A81B22046FFF720FDB4F84C00A4F8480007E0B4F897
:20E54000480020B96068A1894088FBF757FA08B0BDE8F0814FF4017651E700BF003B1026AD
:20E560000C650C1805001000D927050474650C183C650C18F0B589B0038B0446B0F810C0F8
:20E5800000F15006B0F814E00825B0F8482090F85D700DF112000830ADF81230ADF814C05E
:20E5A000ADF816E0ADF8182037B136F8021B023520F8021B013FF7E70A480B4902920422C6
:20E5C000CDE900CE13F0CDFC0020A9B20DF11203CDE90010204600211722EAF753FD09B0ED
:20E5E000F0BD00BF033B1026AC650C182DE9F04188B088460E99944648B1068AB0F848704F
:20E60000828A8DF80E603D0A140A360A06E0402200268DF80E200024002700258DF8102010
:20E620004FEA1C228DF815200DF10E0209328DF80F6008268DF813508DF812708DF8114079
:20E640008DF814C039B133F8024B023622F8014C02320139F6E728B10948012209496346CD
:20E6600013F07FFC0020B1B20DF10E03CDE90010002041461822EAF705FD08B0BDE8F08132
:20E68000033B1026FC650C18B0B588B0036ECDF80E300DF10E031C1D042332B131F8025B98
:20E6A000023324F8025B013AF7E79AB200210DF10E03CDE9002100211922EAF7E3FC08B06C
:20E6C000B0BD00BF1FB504460B46ADF80E1001220748084913F045FC002002210DF10E0383
:20E6E000CDE90010002021461A22EAF7CBFC1FBD023B102620660C182DE9F04F8BB0044616
:20E7000048680E46811CB0F800A07160011DB0F802807160811DB0F804B071607178C28828
:20E7200008302172718870600839718089B24D080B2901D8022919D26048012261492B467A
:20E7400013F00FFC4FF00C08052500201FFA88F2ADF828002146CDE90800E8B2009008ABAC
:20E760000020FFF743FF0BB0BDE8F08F0DF1200900210792CAB2AA4206D230F8023B0131AA
:20E7800029F812307060F5E74C481FFA8AF74C49022203303B46009513F0E3FB2079022896
:20E7A0000DD101203946EBF7E5FB40B1B8F1400F28BFBBF1400F05D24FF00C08C5E74FF039
:20E7C0000208C2E702464FF6FD708345F4D807980028F1D0CDE903B8002000234FF0000875
:20E7E000059002925FFA83FBAB4550D239F81B70402F01D37F2F03D94FF009080133F1E722
:20E80000204639460693EBF765FD18B14FF00A08069BF3E720463946EBF718FCA8B307461E
:20E8200048301C2113F0ACFB059A5AB102EB4B00B989069BA0F8501092F85C00013082F82B
:20E840005C000CE0069B07EB4B00B98987F85D50A0F85010581C059787F85C003846029A27
:20E8600007997078A7F84A100221F977049979820399F98240F61101A7F81D1087F8210021
:20E880009078A7F818A03877B8E74FF00408059800283FF45AAF002181775FEA08411EBFF7
:20E8A00008F1500141F40071A0F85A1000224FF400710BB0BDE8F04FEBF758BF003B102687
:20E8C00084660C1850660C182DE9F04F87B0814648680E46811CB0F800807160011DB0F89D
:20E8E00002A07160811DB0F804B071607188C58808300839718089B270604B08ADF81A50BD
:20E900000B2902D95F48614977E004AA0021CCB29C4206D230F8027B013122F814707060F8
:20E92000F5E771784846EBF7A1FC002862D00446A0F812800830EAF74DF8A8B20F2875D8FB
:20E94000012101FA00F040F2116108426BD0CDE901BA04F1500BCDF80C800DF1100840F227
:20E9600001204FF0000A009094F85C0082454AD26068BBF800100079EBF746FB98B3B8F8B0
:20E9800000600746AEB148463146EBF7A3FCE8B10546F9200DF11A02ADF81A00384640F25F
:20E9A0000321EBF7E3FE284605210022EBF7DEFE19E00020BAF1000FABF8000007BF40F28E
:20E9C000032000903846EBF7BBFB0CE0BAF1000F1CBF0620B8770198A7F84A000398788281
:20E9E0000298FE81F8820BF1020B08F102080AF1010AB9E7737823482349012207B0BDE891
:20EA0000F04F13F0AEBA002084F85C00BDF81A0020B1503040F40070ADF81A0000980DF13B
:20EA20001A0281B227E010F4604F27D104F15006002794F85C0087420CD2606831880079DA
:20EA4000EBF7E2FA18B1A04218BFEBF779FB02360137EEE700200DF11A02A4F8580040F27B
:20EA60000321C4E9140084F85C0005F1500040F40070ADF81A002046EBF778FE07B0BDE816
:20EA8000F08F00BF003B1026F0660C18BC660C182DE9F04F89B04A684C78931CB2F800E0CA
:20EAA0004B60131DB2F802C04A884B60043A4A8004721FFA82F8B8F10B0F02D8B8F1020F2A
:20EAC00001D2032118E00DF11A044FEA58070026F5B2BD4206D233F8022B013624F815200F
:20EAE0004B60F5E71FFA8EFBBBF1400F24BF1FFA8CF2402A05D2042109B0BDE8F04FFFF77F
:20EB0000E1BD4FF6FD718A42F5D800264FF0000A0390ADF81860CDE904665FFA8AF9B945F2
:20EB20001CD234F81910402916D303981546EBF7D1FB88B10646408A83452BD3F08A2A469D
:20EB4000854202D2B8F1030F26D8B08904A90AF1010A21F81900E0E703211EE0DDF80C80F9
:20EB60002721144698F80400E9F79CFF30B1B8F80200F9B204AA5B46F2F79BFF337FF9B277
:20EB8000B8F80200CDE900B404AAF9F78BFB09B0BDE8F08F012100E002210398ACE700BF46
:20EBA000FEB50D46496811F8026B11F8017C69606978EBF75BFB70B104460830E9F70AFF34
:20EBC00046EA072080B10020A4F85800C4E9140084F85E00FEBD6B7801221F481F4903B0BB
:20EBE000BDE8F04013F0BDB904F1500500262F46606894F85E1000798E420CD23988EBF756
:20EC000003FA28B1B4F860100182B4F86210818202370136ECE72721E9F744FF40B16068F7
:20EC20002A46B4F8603094F85E104088F2F729FF60680027B4F86020237F94F85E104088D6
:20EC4000B4F86260CDE900722A460296F9F709FB84F85E70FEBD00BF003B102620670C1842
:20EC60002DE9F04F85B083465D481F460D469246002103682A465B4898470346119802900A
:20EC800004220F985949CDE90070574813F069F9109E6FB1052E0BD856B1BAF1100F14D141
:20ECA000002039464FF00008EBF764F9A0B91BE040F2052000905846294652463346F9F7E6
:20ECC00029FA002005B0BDE8F08F01203946EBF751F948B14FF002084046EBF7A5F9B04212
:20ECE00005D240F2F320E5E740F20220E2E728464146EBF777F80446BAF1100F0AD174B9AD
:20ED000028464146EBF78EF80028EAD004461020A07404E0002C49D06079032846D1119839
:20ED200000264FF000084008049010995FFA88F088423ED220460021A146EBF787F900283E
:20ED400049D0044648301C2113F01AF91120012160770498A4F84E001198A4F84C00A4F8A8
:20ED600048000F98A0820E9884F81CB02783E177208276B10820A189A07796F85C0006EB85
:20ED80004000A0F8501096F85C00013086F85C0008E01098264684F85D00A08984F85C1060
:20EDA000A4F8500008F101084C46BEE74FF43D7080E7109B00200090584629465246F9F7E7
:20EDC000A9F96079032804D1304604210022EBF7CDFC012076E740F2F320109E6AE700BFCF
:20EDE00084AE130000003026033B102658670C182DE9F04F85B00E9D9A460C4606464448E2
:20EE0000174644490F9BDDF84480ADF81220CDE900250422CDF8088013F0A3F83046214625
:20EE2000EBF734FA044600286BD00F2F5DD80120B84010F4C26F0FD110F4604F04D0204687
:20EE40004FF4817100225AE0002F4ED1B4F85A0000F00F00ADF812004FEA580040F201193A
:20EE60004FF0000B4FF00008039094F85D00804533D204EB480737F8501F59B36068007992
:20EE8000EBF7C2F830B3002152468D4209D03B8816889E4202D002320131F6E7C9B2A942D6
:20EEA00008D18442A7F800B00CBF40F20319EBF747F90FE003998442A0F84E101199A0F8A0
:20EEC0004C10A0F84810109981820F9901821CBF0621817708F10108C7E700201FFA89F1B2
:20EEE00084F85C000DF1120208E000200DF11202A4F8580040F20311C4E914002046EBF7CB
:20EF000035FC002C5FEA0F9005B0BDE8F08F00BF033B1026A0670C1870B50C4605460E485D
:20EF200001220E49234613F01CF828462146EBF7ADF978B10646406800F089F818B12846B5
:20EF40002146F2F749FD304605210022BDE87040EBF70CBC70BD00BF033B1026F8670C187B
:20EF600080B5EBF793F928B103210022BDE88040EBF7FCBB80BD2DE9F04F85B09946904655
:20EF80000F468346EAF714FF28B3DDF838A0054600265024CDF810800BE026B90646A0F8EF
:20EFA00062A0A0F860908089023730530234A8F10108B8F1000F1DD0398849B12879EBF747
:20EFC00023F828B14168A94204BF817F0629E4D00EB1337F00E0FF23002040F2F921CDE96E
:20EFE00000100021029058460022F9F73AF905B0BDE8F08F049A06F1500186F85E2030463A
:20F0000005B0BDE8F04FFFF73FBB2DE9F0411D4616460F46EAF7CCFE18B104461FB1F9B2D3
:20F0200010E0BDE8F081DDE9067855B131882079EAF7EAFF10B1A0F8168047820236013D36
:20F04000F3E700212046BDE8F041FFF73BBB27210079E9F727BD00900BF1020012F081BF38
:20F0600001498860704700BFE80310007FB5144C4D21144D0022039001208DF80B00266896
:20F08000E868114B009103A9B04778B152212869246800220C4B00910DF10B01A04720B903
:20F0A0000A4800220B4912F05CFF7FBD07480022074912F056FF0398F6F7AAFB7FBD00BFAF
:20F0C0003CBE1300E8031000F12705040035102620680C184C680C18FEB515460E4604466C
:20F0E000F6F7ACFBC8B1124F3878C00703D02046314606F0BFFA0F480FA12A4604230668C0
:20F100006B20CDE9001007F10C0010A1B0473C611048BDE8FE40F6F793BB03480022034926
:20F1200012F01FFF0020FEBD0035102678680C18E80310002CBE13006761705F737461721C
:20F14000745F62745F737461636B00006761704D736751006DF0030401282BD1BFB5164886
:20F160008021164C16A3009100220568E06803A9A847E8B1A26801208DF80B003AB10398F6
:20F180000DF10B01904710B19DF80B000CE0039800F01EF821788DF80B00C90704D0039838
:20F1A00001F0B4FD8DF80B0010B10398F6F730FBBDE8BF40704700BF38BE1300E80310008B
:20F1C0006761705F68616E646C655F6D7367000010B504464088A0F205111D2910D9A0F147
:20F1E0002601122916D9A0F151010A2925D9A0F2E12105292ED8DFE801F01B081508151BBA
:20F200000122334B8A401A420ED02046BDE8104010F0FABF01222D4B8A401A4228D0204616
:20F220000FF05EFA012010BD40F6AA231A422BD02046BDE8104012F009BADFE801F007064A
:20F2400028062C06300634063800EBE7201D00F09DF9E7E740F2B7118842E9D008282AD09C
:20F260000E282FD00528DDD1201D00F047F9D6E70529B8D120460FF033FA20460EF0AEFCFD
:20F2800020460DF0A8FFCDE70029D1D0A7E7201D00F08AF9C6E7201D00F096F9C2E7201D59
:20F2A00000F0A2F9BEE7201D00F0BCF9BAE7201D00F0D6F9B6E7204600F022FF20460EF027
:20F2C0008DFCAFE7201D00F025F9ABE78D99060000C0442D01494860704700BFE803100072
:20F2E00010B50346A0F202200A2825D8DFE800F0060E141B24062424240E140001291BD155
:20F300001078012818D81149087013E0022913D10E49108848800DE001290DD11078042818
:20F320000AD80A4905E0012906D11078012803D805494870002010BD05480122054912F073
:20F3400010FE032010BD00BFE80310001000100000351026A8680C18BCB50546A0F5007075
:20F360000324072815D8DFE800F00414141B2123142614480024ADF80440009450F8142F46
:20F380000A6082888A806946062212F0FEFDB0B902240E4801220E492B4612F0E2FD0EE07C
:20F3A000094882780A70C078487007E0064800E00448407801E004480078087000242046D8
:20F3C000BCBD00BFE80310001000100000351026D0680C181FB50B4843780B480478418899
:20F3E0004278002C5FEA0F90002B5FEA0F938DE80700F6F77BFA0721002818BF00210846B5
:20F4000004B010BDE803100010001000E0B58DF8070000200DF106028DF806004FF6825067
:20F420000221F6F737FA0721002818BF002108468CBDE0B501200DF107028DF807004FF61E
:20F4400082500121F6F726FA0721002818BF002108468CBDE0B581886A460068ADF804105D
:20F46000062100904FF60D40F6F714FA0721002818BF002108468CBD80B5F6F7C9F907215D
:20F48000002818BF0021084680BD80B5F6F7EEFA0721002818BF0021084680BD80B5F6F7C2
:20F4A000EFFA0721002818BF0021084680BD80B5F6F7F2FA0721002818BF0021084680BDAF
:20F4C00080B5F6F721FB0721002818BF0021084680BD80B5F6F722FB0721002818BF002194
:20F4E000084680BD1CB5049C0094F6F725FB0721002818BF002108461CBD00BFC18801B146
:20F500007047034A8188118300685061FFF762BFE8031000F8B501884FF60D4291420ED0A4
:20F520004FF6825291422ED1817901291DD051BB01A94088ADF80400002003911EE041882D
:20F5400031B9114A41891183D0F8061051614188ADF8041001A90391D0F806104089ADF86C
:20F560000A000220CDF8061008E001A903914188C0798DF806000120ADF8041002494A68FA
:20F580000AB103A990478FBDE8031000E0B505494A6832B16946006800901020019101A95B
:20F5A00090478CBDE8031000E0B506494A683AB169460088ADF800001120019101A990478F
:20F5C0008CBD00BFE8031000E0B506494A683AB169460088ADF800001220019101A9904786
:20F5E0008CBD00BFE80310001FB504460C48426842B16846039094E80B008DE80B0003A905
:20F6000013209047606818B1A17809B1F6F700F9A06818B1E17809B1F6F7FAF81FBD00BF38
:20F62000E80310001FB504460C4842687AB1684603902088ADF80000A0788DF80200606893
:20F640000190207A8DF8080003A914209047606818B1217A09B1F6F7DBF81FBDE8031000BE
:20F66000F8B508494A685AB1694603910188ADF80010D0E90110CDE9011003A91520904705
:20F680008FBD00BFE803100003480078800648BF02F09CBC704700BFE400100080B50648DD
:20F6A0000078800658BF80BD02F090FF02200021BDE8804000F002B8E4001000F8B50A4A30
:20F6C0001278D2071EBF074A1268002A00D18FBD01AB8DF804002020CDE9021303A9904715
:20F6E0008FBD00BF1C04100008041000B0B504460D480078800613D5204602F019FD48B162
:20F700000546002029460024FFF7D8FF284602F07FFF06E0054801220549234612F021FC14
:20F720000A242046B0BD00BFE400100000351026F8680C187CB505461148007880061BD563
:20F7400028460C4602F076FC48B10646002031460024FFF7B3FF304602F05AFF0DE00948DE
:20F7600000212A460368084898470346074808490222009412F0F5FB0A2420467CBD00BF3F
:20F78000E400100084AE1300000030260035102624690C1810B58AB00C46154909788906FF
:20F7A00001D40A2021E000210DF1210221700DF1220101F0A3FEB8B19DF821100DF1220074
:20F7C00002F038FC80B101AA112102F02FFD58B19DF81F3001220748074912F0C2FB9DF8D4
:20F7E0001F002070002000E003200AB010BD00BFE4001000023510265C690C1810B5034699
:20F80000A0F504700A2800F27280DFE800F0060B20272E34513D57465F00102967D13948DC
:20F820000C3035E00324042962D11068374988425ED8374A334912788860D20755D04978CA
:20F84000002918BF40F00040F6F7DAFA4DE001294DD1107801284AD82A493DE0012946D15E
:20F860001078012843D827490CE002293FD125491088888039E0012939D11078C11F092930
:20F8800035D81F49087030E0102930D11D481C301146102212F06FFB27E0012927D11078DA
:20F8A000012824D800285FEA0F90F6F7BCFA1CE015480078800611D4022419E0012916D104
:20F8C0001078012813D80F4988700EE001290ED1107801280BD80A49487006E0012906D1BF
:20F8E0001078012803D80749C870002405E0032408480122084912F034FB204610BD00BFDD
:20F900001400100098041000E40010003F420F0008041000003510267C690C1880B5034685
:20F92000A0F5047005280DD8DFE800F003131E212329164800F10C0208461146102212F01E
:20F940001AFB1FE012480122124912F00AFB032080BD0E4882680A708268120A4A7042890F
:20F960008A70C07AC8700DE00848407809E0074806E0064802790A704079487002E0024828
:20F9800000780870002080BD140010009804100000351026A8690C1810B504460AA021468A
:20F9A00001F0BEFC70B10C4904EB8400096801EBC0000A49008A0A7809498988F6F769FA84
:20F9C000002010BD042010BD6C655F626F6E645F7061697200000000A40210001400100091
:20F9E00098041000B0B5054608A000F052FC50B10E4905EB8500096801EBC00090F8220031
:20FA000020700020B0BD0420B0BD00BF6C655F626F6E645F6765745F706169725F70726F4C
:20FA20006365647572655F7479706500A402100070B506460AA00D463146144601F070FCDB
:20FA400058B10F4906EB86002A462346096800F024FCF5F779FF002070BD042070BD00BFB3
:20FA60006C655F626F6E645F706173736B65795F696E7075745F636F6E6669726D00000078
:20FA8000A4021000B0B5054609A000F002FC60B10E4905EB85000E4A234609680C3200F02C
:20FAA000FCFBF6F7A5FC0020B0BD0420B0BD00BF6C655F626F6E645F6F6F625F696E707557
:20FAC000745F636F6E6669726D000000A402100098041000B0B5054607A000F0DAFB48B1EE
:20FAE0000B4905EB8500096801EBC000406A20600020B0BD0420B0BD6C655F626F6E645FA6
:20FB00006765745F646973706C61795F6B657900A4021000B0B5054606A000F0BAFB30B116
:20FB20000A4900F0A9FBF5F767FF0020B0BD0420B0BD00BF6C655F626F6E645F75736572BE
:20FB40005F636F6E6669726D00000000A402100080B50A46074900EB8000096811F8303088
:20FB60002BB100F09AFBF6F71BF9002080BD042080BD00BFA4021000B0B5054606A000F0AA
:20FB800088FB30B10C4900F077FBF6F721F90020B0BD0420B0BD00BF6C655F626F6E645F34
:20FBA000706173736B65795F646973706C61795F636F6E6669726D00A4021000B0B505463D
:20FBC00006A000F066FB30B10A4900F055FBF5F729FF0020B0BD0420B0BD00BF6C655F6237
:20FBE0006F6E645F6B657970726573735F6E6F7469667900A402100080B5F6F712F90020F4
:20FC000080BD80B5012B5FEA0F935B00F5F7B2FE0721002818BF0021084680BD1CB5049C20
:20FC20000094059C012C5FEA0F9464000194F5F7B9FE0721002818BF002108461CBD00BFAC
:20FC400005490A78012A18BF7047044A898840881278F6F71EB900BF980410001400100017
:20FC6000F0B585B000F011FB002800F0AC80E1790546C81E06280AD8DFE800F0040F274A94
:20FC8000A5A55500002000212871E8781BE0122904BF207A85F8220095E04C480078800652
:20FCA0000FD5287968B1A179204602F0C3F940B10446298A407811F031FE01202146FFF724
:20FCC000FDFCE878012100221DE0A08938B940F2ED504349A08100223F4812F042F93B48EB
:20FCE000007880060CD5A089B0F5837F08D1A179204602F09FF918B101460420FFF7DEFC6E
:20FD0000A2890121E87805B0BDE8F04005F088BC2E480078800656D5E81DA97905B0BDE853
:20FD2000F04002F055BA2948007880064BD5284804F1080600210027324603682548984719
:20FD40000346A07B0090022223482449033012F008F904973046CDE9027702A9062212F068
:20FD600014F980B320463146062212F00EF950B3A07B6D790230C1B2304602F05BF9A179B6
:20FD80000646204602F056F920B11EB171784078884211D1BEB106F108002146062212F084
:20FDA000F4F810B93079A8420DD0A279304621462B4602F057FB06E000203146FFF77EFC84
:20FDC000304602F025FC05B0F0BD00BFE400100084AE13000000302600351026FC690C18F6
:20FDE000D4690C18B0B500F050FAA179054620460122F5F793FD2DB1E179E878BDE8B0406C
:20FE000005F0E0BBB0BD10B500F03FFA30B1A1684162C078BDE8104005F0ACBBA179204661
:20FE20000222BDE81040F5F7D3BF10B500F02DFA30B1A1684162C078BDE8104005F0AEBB37
:20FE4000A17920460222BDE81040F5F7D5BD10B500F01BFA20B1C078BDE8104005F0F6BB1D
:20FE6000A17920460222BDE81040F5F799BF00BF1CB5017A0446023001F0E8F968B10749E3
:20FE80000A6852B1C07869468DF804002088ADF8060001A80090212090471CBD1C041000D0
:20FEA0001CB500F0F2F968B107490A6852B1C07869468DF80400E0798DF8050001A800902C
:20FEC000222090471CBD00BF1C04100010B52021044601F0BBF920B1C078BDE8104005F059
:20FEE0008BBBA179204600220223BDE81040F6F77FBA10B504468088A0F2E3500C2811D8E1
:20FF0000012101FA00F041F2190108420AD0208801F080F930B1A2880121C078BDE81040F7
:20FF200005F07EBB10BD00BF2DE9F8430446007A1138052841D8A6792046314601F086F9F7
:20FF4000054608B16F7900E000272046314602F071F8F0B900F0A6F9D8B9224800222249B6
:20FF6000814611F0FEFF2148807820B103200021FFF7A4FB0AE002F059FB38B180460020B2
:20FF80004146FFF79BFB404602F042FB00F08AF9C8B1E27904F10903217A02F0A5F9A1790C
:20FFA000227AB8B120460023F5F7E4FC207A1138012802D80DB1287908B1BDE8F8830120A8
:20FFC0002871BDE8F8830A494846002211F0C9FFA179227A2046022301B0BDE8F043F5F7E6
:20FFE000C9BC00BF00351026486A0C1898041000786A0C1810B58AB08179044602F01AF883
:020000040404F2
:2000000020B9A179204602F031FB90B1E17903AA02F00CF902460120002A50EA1090A179A3
:20002000E379CDE9003003AB2046F5F7BBFC0AB010BD02200022F2E7B0B588B004460088B4
:2000400001F0E8F8F0B105466088E8B12388022200902748274911F084FF284802688AB18B
:20006000E8788DF804006088ADF8060020798DF80800D4E90201CDE9030101A8059005A978
:200080002320904708B0B0BD1B48007880061FD41A480268002AF5D005A807900120ADF808
:2000A0001400B5F80B00ADF80800D5F807000190A87901A98DF80A00207906918DF80B0048
:2000C000D4E90201CDE9030107A980209047C4E7A979E81D01F0AEFF0028BED0217919B1F5
:2000E000A16802F0FDF9B8E7E16802F011FAB4E700351026AC6A0C18E40010001C041000C6
:200100001FB54188A1F112020D2A22D9082900F06E80B1F5807F00F08280B1F5927F00F01D
:20012000848040F2BB12914200F08580B1F5DC7F00F0878040F2B912914200F08880B1F58E
:20014000967F40F06B80043004B0BDE81040FFF777BDDFE802F007636363631063216331F4
:2001600063633A43817A102958D0043004B0BDE81040FFF737BE817A10294FD03C4904300C
:200180000978890669D43B490A68002A46D001A9CDE9020180203CE0817A10293ED03449FE
:2001A0000430097889065DD432490A68B2B301A9CDE90201A0202CE0817A10292ED00430E3
:2001C00004B0BDE81040FFF730BE017B102925D0043004B0BDE81040FFF74ABE817A1029D9
:2001E0001CD0043004B0BDE81040FFF759BE817A102913D0041D2046FFF732FD1C4800788A
:2002000080060BD41B48026842B101A8CDE902406020ADF8040003A9802090471FBD0430BC
:2002200004B0BDE81040FFF751BE043004B0BDE81040FFF75EBE043004B0BDE81040FFF74E
:20024000E2BD043004B0BDE81040FFF7F5BE043004B0BDE81040FFF7FABD04B0BDE8104046
:20026000FFF762BE04B0BDE81040FFF7C3BE00BFE40010001C04100005EB85002246096817
:2002800001EBC0008179073070478179044600F0DDBF0C46294601F043B801EBC0008179A7
:2002A00007307047204631463A4601F05BBF00001CB50446F5F7C2FA90B11348017841F0DF
:2002C00001010170114890F82000A0420FD2009002220B4823460E4911F043FE00240CE0CE
:2002E000074800220749002411F03BFE05E0204600F0EAFEFFF7C8F9012420461CBD00BFE2
:2003000000351026F06A0C18E8031000E4001000186B0C1801490870704700BF9A0010007C
:20032000014890F820007047E400100001494861704700BF0804100070B50346A0F221205B
:20034000172800F2A3800D46DFE800F00C182B38A0A0A0444C545C92A0696FA0A0A0A0A06E
:20036000A0A07585022D40F09180108802214C4A22F80C0F012003F0D1F88EE04948272D1D
:2003800028BF2725114600F10C062A46304611F0F2FD0024002028213246745503F0BEF883
:2003A0007CE0012D72D1107801286FD83C490028C8705FEA0F90F6F7D2F86EE0062D65D13D
:2003C000374990888883106888613648418941F0200122E0012D59D11078012856D83049CD
:2003E00008715AE0012D51D1107803284ED82C4988710EE0012D49D11078072846D8284937
:20040000C87106E0012D41D1107807283ED8244908722448418941F0400141813DE0022D13
:2004200034D120491088C88037E0022D2ED11D491088088131E0012D28D11078012825D8BC
:20044000174A00285FEA0F91917230B31548418941F48061E1E7012D18D11078012815D88A
:200460001049002808705FEA0F90F6F7E4F814E0012D0BD11078012808D80949012848720E
:200480000BD10848418941F08001C6E706480122064911F066FD032400E00024204670BD25
:2004A000080410001800100000351026506B0C1880B50346A0F50870162814D8DFE800F042
:2004C0000C0E13131A131F251313131313131313272D32383B3E41001D482AE01C48027B0B
:2004E0000A70407B22E01C4801221C4911F039FD032080BD1648828B8A8080690BE014489D
:20050000428C8A80D0F81E0005E011481AE01048D0E90A024A60086016E00D48827B0A70F4
:20052000C07B03E00A48027C0A70407C48700BE00848007807E00648407904E00348407857
:2005400001E0024880780870002080BD1800100008041000E406100000351026786B0C18F3
:20056000034A104490F8280008425FEA0F907047080410000248418941F00801418170475E
:200580001800100080B5F5F791FC0721002818BF0021084680BD80B5F5F7B4FC0721002891
:2005A00018BF0021084680BD10B50446F5F796FC30B10449A088888320688861002010BD6C
:2005C000072010BD0804100080B5F6F737F80721002818BF0021084680BD80B5F5F725FCA5
:2005E0000721002818BF0021084680BD80B5F6F70FF90721002818BF0021084680BD00BF6C
:2006000070B506460AA00D463146144600F088FE60B10B4906EB86002246096801EBC000C4
:200620002946008AF6F7E7F8002070BD042070BD6C655F7365745F646174615F6C656E0044
:20064000A4021000BCB50B4D044628786B7880EA030111F0FD0F0CD0CDE9000403220648CA
:20066000064911F07EFC2878214604F01FFF28786870BCBD0804100003351026A06B0C18ED
:2006800010B5044609A0214600F04AFE58B10B4904EB8400096801EBC00081790730F5F7F9
:2006A000EAF8002010BD042010BD00BF6C655F726561645F7273736900000000A402100019
:2006C00010B5044608A0214600F02AFE50B10B4904EB8400096801EBC000008AF5F714FC79
:2006E000002010BD042010BD6C655F726561645F6368616E6E5F6D6170000000A402100096
:20070000BCB5054613A00C46294600F009FEF0B1174905EB8500096801EBC00084F00101A9
:20072000008A8DF8071001218DF80500000A8DF8041004218DF8060001AA4FF68050F5F7E8
:20074000A9F801460720002918BF0020BCBD0420BCBD00BF6C655F64697361626C655F73BF
:200760006C6176655F6C6174656E637900000000A4021000E0B58DF8070002200DF1060283
:200780008DF806004FF680500221F5F783F80721002818BF002108468CBD00BF03480178CD
:2007A00041F0010101700020FFF74CBF0804100010B50F48007850B10F480078800604D595
:2007C0000C4C204604F0C2F838B1002400E0094C2046BDE81040F6F728B810202146002884
:2007E000F3D011F8012B0138002AF8D0F0E700BF9B041000B4041000E4001000BFB55B4CBA
:2008000001225B485B49638911F0ABFB608941071AD401071FD4010625D4810538D48106A8
:2008200044D4C1074AD1010564D4410673D4410579D4800723D50FF06DFE08B9FFF7AEFF11
:20084000608920F0020004E0FFF7B2FF608920F004006081BFBD484991F8281049060FD434
:2008600020F0080008E0444991F82920D20617D4002220F080004A726081FFF7BFFFBFBDD7
:200880003E480088F6F75DF8608920F00800E0E72189E088F5F7BCFF608920F40070D8E75B
:2008A000F6F7DCF8608920F08000D2E732481830F5F714FB608920F02000CAE700200DF1A0
:2008C0000F018DF80F00029040F21220FFF726F802A940F21120FFF721F89DF80F100298FF
:2008E00011B140F000400290F5F78AFA608920F00100C1E707200DF107018DF8070040F237
:200900001520FFF70BF89DF80700F5F788FA608920F40060B0E7184A92F82910C90717D1CE
:2009200020F04000A8E7144D95F82B1011F0300F17D020200121F6F74AFC18B14FF49070E7
:20094000A4F803000020A872608920F4806080E79079D179127AF6F740F8608920F040003D
:2009600077E7002120F48060A97285E71800100003351026E06B0C18080410009C001000B0
:20098000C08800B17047FFF739BF00BF10B50A4A437B0A4C01895371094BD181017B2170CC
:2009A000B0F80F10A3F801104189118201684068C2E90A1010BD00BF08041000E4061000EF
:2009C0001800100010B5094C2178C90718BF10BD038833B106480122064911F0C2FA0020BC
:2009E0006072BDE81040FFF709BF00BF0804100000351026046C0C1880B50B490978C907BE
:200A000018BF80BD817859B1C11C0848102211F0B2FA07480078800644BF044803F078FFAD
:200A2000BDE88040FFF7EABE08041000B4041000E4001000BCB50C4D0446686998B1A17993
:200A4000204600F003FC70B1C0788DF800002089ADF80200A07A8DF8010068466A69019061
:200A600001A910209047BCBD08041000BFB50D4D04466869A0B1208800F0CCFB80B1C0782E
:200A800069468DF804006088ADF8060060680290207A8DF80C0001A86A69009011209047F2
:200AA000BFBD00BF08041000BCB50A4D0446686978B1608800F0AEFB58B1C07869468DF8DD
:200AC00004002088ADF8060001A86A69009013209047BCBD08041000BFB50D4D044668692B
:200AE000A0B1208800F096FB80B1C0788DF80400D4F80200D4F80610CDF80A106946CDF887
:200B0000060001A86A69009014209047BFBD00BF08041000E0B508490A78D20703D1BDE8A7
:200B20008C40FFF76BBE4A692AB10088ADF8040001A9042090478CBD08041000E0B507491C
:200B40000A78D20703D1BDE88C40FFF757BE4A691AB1019001A9022090478CBD08041000D3
:200B6000E0B504494A691AB1019001A9012090478CBD00BF08041000E0B504494A691AB15E
:200B8000019001A9032090478CBD00BF08041000F8B501884FF6805291421AD181790229CC
:200BA0000CD0012915D102A94088ADF808000948039142696AB103A9122009E001A9408845
:200BC000ADF8040003480391426912B103A9182090478FBD08041000E0B511490A78D207B2
:200BE00018BF8CBD03880F484BB1C17803220079CDE900100C480D4911F0B3F907E0C278E2
:200C0000202A04D10079012804BF0120887205484FF6FF71A0F80310BDE88C40FFF7EEBD76
:200C2000080410001800100000351026386C0C184188A1F26912092A2AD940F26132914298
:200C400039D00C293AD00E295BD040F23D12914237D040F25D12914236D040F25F1291429F
:200C600035D0B1F5BE7F35D0B1F5BF7F39D0B1F5C87F39D040F2B31291423CD040F2B512D5
:200C800091423BD0052904BF0430FFF779BE31E0DFE802F005303030303008300B0E0430E0
:200CA000FFF74CBF0430FFF735BF0430FFF7FCBE0430FFF711BF0430FFF78EBF0430FFF796
:200CC000B9BE0430FFF74CBF0430FFF755BF0430FFF7CCBE0C480078C00708BFFFF78EBDDB
:200CE00008E00430FFF788BE07480078C00708BFFFF784BD70470430FFF748BE0430FFF7FF
:200D000061BE0430FFF744BF0804100010B504464088A0F58071C22900F2C980DFE811F020
:200D20003801CB01CB01CB01CB01CB01CB01CB01CB01CB01CB01CB01CB01CB01CB01CB0186
:200D4000CB01CB01CB01CB01CB01CB01CB01CB01CB01CB01CB01CB01CB01CB01CB01CB01D3
:200D6000CB01CB01CB01CB013801CB01CB015E01CB015E015E01CB01B101CB019301930117
:200D8000CB01CB016201CB016201CB016201CB016601CB0166016601CB017B01CB015E01BA
:200DA0005E01CB015E01CB01CB01CB01CB01CB01CB01C300C300CB01CB01C300C300CB0171
:200DC000CB01C300CB01C300C300CB01C300C300CB01C300CB01C300CB017B01CB017B0132
:200DE000CB01AD01CB01AD01CB01AD01CB016201CB017B01CB01CB01CB01CB01CB017B0196
:200E0000CB017B017B01CB01A601CB01A601CB01A601CB01A601CB01A301CB017B01CB01BE
:200E2000A6016601BB01CB01BE01CB01BE01CB01BE01CB01BE01CB016A01CB016A01CB0182
:200E40007B01CB015E01CB01AD01CB01AD01CB01C801CB01CB01CB01CB01CB01BE01CB01DB
:200E60007F01CB017F01CB017F01CB01C801CB01C801CB01C8015E016A01C801C801C80176
:200E80006A01BE01BE01A301CB01C2015E01CB0138013801CB013801CB01CB01CB018301AC
:200EA000CB0183018301204604F050FF03E1A0F568712D291ED9A0F20131152940F2528010
:200EC000411F1F2940F25F80A0F2E131102940F26380A0F281310E2900F26B80012202FAF0
:200EE00001F145F25552114200F0638020460AF0E9F833E0DFE811F02E00DF002E002E0077
:200F0000DF002E00DF002E00DF002E00DF002E002E00DF002E00DF002E00DF00DF00DF00B8
:200F2000DF00DF00DF00DF00DF00DF00DF00DF00DF00DF00DF00DF00DF003200DF0032001B
:200F40003200DF0032003200DF00320032003200DF00320020460AF0B5F8ACE020460BF09C
:200F60006BFEA8E0DFE801F089A789A7A9A70BA70BA70BA70B0B0BA763A763A767672046F2
:200F800007F0B6FD97E001224E4B8A401A421ED02046FFF7B5F88EE0012247F250538A4020
:200FA0001A4208BF12F0050F64D0204610F0D6FE81E0A0F24131072920D8DFE801F0407C89
:200FC000407C047C0404204607F0F0FB73E040F281231A421FD11F297FF476AF204600F0DA
:200FE00003FF68E0204603F0F1F964E0204603F0C5FB60E0204605F0E9FF5CE040F23131B4
:20100000884255D040F26131884204D040F2623188424DD04FE02046FFF70AFE4BE02046AF
:2010200006F02EFC47E020460BF08AFF43E0204608F056F93FE0204607F02AFE3BE020468A
:2010400007F0BEFA37E020460FF0DEF820460AF039F820460CF0BFF8204600F0C5FE204666
:201060000CF0BCFD27E02046FFF7E2FD204602F05BFF20E010297FF42CAF204604F0B0FF37
:2010800019E0204600F0B0FE20460CF0A7FD20460CF0A1F87CE7204603F098F9204605F0AA
:2010A00067FD08E02046FFF7C3FD204605F060FD204607F0B5F8012010BD204607F0B0FB10
:2010C000F9E700BF00205506B0B5104910A20E4C3F230D68207000EB8000C1000020A8478A
:2010E00005A1606091ED001F84ED0C1F84ED081F84ED041FB0BD00BF100010000A002000AF
:201100000000E80312003E00A002100024BE13006C655F6C696E6B5F696E697400000000FC
:201120002DE9F843804627480021424603682648984703462548264901228146033010F086
:2011400010FF24480478476825463E4655B1307828B1F01D4146062210F017FF50B1013D62
:201160002836F3E7002064B1397889B1013C28370130F8E7F37848461749012210F0F1FE00
:201180001CE0164948460022002610F0EAFE15E0B8F804103E46A7F80B10D8F80010F870F7
:2011A000FF2087F8220040F20110C7F807104FF6FF71A7F80D000120398238803046BDE846
:2011C000F88300BF84AE13000000302600351026886C0C18A0021000A86C0C18D06C0C186D
:2011E00098B110B50446C37808480122084910F0B8FE208A04210CF045FD08B10CF07CFEA6
:201200002046282110F0BCFE10BD704703351026EC6C0C1880B5034609480178406839B11D
:20122000027812B1028A9A4208D028300139F6E704480122044910F094FE002080BD00BF58
:20124000A002100000351026086D0C18F8B5C0B1064615480D460778446801E02834013F16
:201260008FB120780028F9D0E01D3146062210F08CFE0028F2D1A079A84218BF202D10D08D
:20128000ECE700240DE009480021324600240368074898470346074807490222009510F022
:2012A00060FE2046F8BD00BFA002100084AE13000000302600351026406D0C1810B514464E
:2012C000FFF7C4FF08B1C17800E0FF2100F0F4BD10B50C46FFF79EFF08B1C17800E0FF2126
:2012E00000F0EABD70B50B4E044600253078716820B111F8282B01381544F9E70648EBB25F
:201300000649012210F02DFE3078002C08BF451BE8B270BDA002100003351026806D0C183D
:201320007CB5024610480C460178A14209D904EB8401406800EBC1004678022E02D101259D
:201340000FE0052609480021002503684FF0195098470346064807490322CDE9004610F0E2
:2013600000FE28467CBD00BFA002100084AE1300003510269C6D0C1870B506463AA00C46DD
:2013800011461546FFF7CCFFA8B1A6F51C700B2857D8DFE800F00612172029323B40454B8C
:2013A000565E364900F06EFDB0F80B10A180D0F80700206056E0042070BD304900F062FD1D
:2013C000807931E02D4900F063FD127D227000F065FD407D45E0294900F05AFD927D22708E
:2013E00000F05CFDC07D3CE0244900F051FD127E227000F053FD407E33E0204900F048FDCF
:20140000927C227000F04AFDC07C2AE01B4900F039FD407908E0194900F034FD807B03E023
:20142000164900F02FFD407B20701BE0134900F029FDD0F81A10D0F81E0060600020216040
:2014400070BD0F4801220F49334610F08AFD032070BD0A4900F01CFD127C227000F01EFDB6
:20146000407C6070002070BD6C655F6765745F636F6E6E5F706172616D000000A0021000F4
:2014800000351026D06D0C180120FFF72BBF0020FFF728BF094A01464FF6FF7013788B42DC
:2014A0000AD9526801EB810312F8333023B101EB810002EBC000008A704700BFA002100012
:2014C0000D4A1378834215D9526800EB800012F830307BB102EBC000B0F801200A808279C1
:2014E0000A72B0F80B20CA80D0F80700C1F802000120704700207047A0021000B0B50D4BAB
:201500001C78844214D95C6800EB800014F8305075B104EBC004A47914705A6802EBC000E0
:20152000B0F80B208A80D0F8070008600120B0BD0020B0BDA00210002DE9FC412A4D0E46AC
:20154000009104462949A81C0222234610F009FD274F3878A04228D91A2E36D80120B04077
:2015600010F0876F31D0A84604EB8405786800EBC5004378591E01291FD8008A06F58071B5
:20158000F4F76DFC28B37868042100EBC50003254570008A0CF076FB00B14574204603219F
:2015A0000022002603F09EFF1BE0124928460122234610F0D6FC032613E00F494046012214
:2015C000454610F0CEFC042605E03B2ECBD0032601E007264546094928460122334610F085
:2015E000C0FC3046BDE8FC8100351026F86D0C18A00210002C6E0C18646E0C18946E0C1817
:201600001321FFF799BF00BF10B504460AA02146FFF786FE70B10E4904EB840000F03EFCDA
:2016200081790730F4F714FA01460720002918BF002010BD042010BD6C655F726561645F09
:2016400072656D6F74655F76657273696F6E0000A0021000FEB507460CA000F023FC98B1E3
:2016600007EB87000F4F0A99DDE908327F6807EBC000008ACDE900322A4602913146234602
:20168000F4F7D5FB0020FEBD0420FEBD6C655F7570646174655F636F6E6E5F706172616DA5
:2016A00000000000A002100080B5044A02EB00101022103010F05FFC002080BDA00210001C
:2016C0002DE9FF47DFF89890064699F800003F2809D80F46104619461C461546FFF7B6FD1A
:2016E00060B1012400E002241E4801221E49234610F037FC204604B0BDE8F0872846FFF788
:201700000FFD28B3DDE90C1380464FF0010A0E9888F802A0224688F80640CDE90071294661
:2017200002903046F4F742FFA0B199F800000121002288F801A06AF39F1089F8000098F811
:201740000300002403F0CEFE0020FEF77BFFD1E70824C9E74046FFF743FD0724C4E700BF2F
:201760000804100000351026C46E0C182DE9F04F8FB01F4693460D460646FFF788FE60B18E
:201780002F48002D2D4908BF01F10805007858B10EB1072E21D903201CE02A4800222A49D4
:2017A00010F0DFFB0B2015E001F11004C9690DF10C0C06911CCCACE81C0003AA189900282C
:2017C000CDE9001702925FEA0F9031462A465B46FFF776FF0FB0BDE8F08FF20701D10022FD
:2017E00007E001F1100E9EE80C5003AC84E80C500122B30710D50DF10C0A4FEA021CD1E9B2
:20180000083ED1E90A894AF80C300AEB02130132C3E901E8C3F80C907307CED5D1E90C3E6D
:201820000DF10C09D1E90E814FEA021C09EB021249F80C30C2E901E8D160BEE7A002100054
:201840001104100000351026E86E0C18B0B504460EA00D462146FFF763FDA0B1104A40F630
:2018600004500121854204EB8400526851EA119102EBC000008AF4F7CFFE0146072000299B
:2018800018BF0020B0BD0420B0BD00BF6C655F636F6E6E5F7570646174655F63666D00003F
:2018A000A0021000F8B507460AA000F0FBFA78B10B4A07EB870006992346526802EBC00087
:2018C0002A46008A00913146F5F796F80020F8BD0420F8BD6C655F7365745F7068790000B2
:2018E000A0021000F8B581790446FFF7AFFC40B10546C378224801222249012710F031FBE1
:2019000018E02248007801280AD11F4802683AB1694616200094904740F60351884212D1A6
:201920002046FFF7FDFB38B105460220A8700127A079A871012609E011480022144900277C
:2019400010F00FFB00E00027022600251148017801F0F1010231017047B1012001216870BD
:201960000022E878002503F0BDFD00E035462846FEF768FE20463146F4F75CFDF8BD00BF5A
:2019800000351026446F0C181C0410000C041000146F0C1808041000B0B581790446FFF753
:2019A00055FC6289054692B10E48017801F03F0101703DB1E878002103F094FD2846FFF795
:2019C0000FFC62891046BDE8B040FEF73BBE15B120892882B0BD044800220449BDE8B04062
:2019E00010F0BFBA0804100000351026806F0C187FB51E4E0446306890B32088FFF70AFC6B
:201A0000054690B1E8788DF80400D4F80200D4F80610CDF80A106946CDF8060001A8326805
:201A2000009015209047064609E0114800221149002610F096FA20880221F4F7EDFD9DB15C
:201A400040F6015086420FD040F60450864207D1074800220849023010F083FA022100E0BA
:201A600001212088F4F7D8FD7FBD00BF1C04100000351026B06F0C18E86F0C18F8B5017A60
:201A800000F1090604463046FFF7E0FB054658B930462021FFF7DAFB054628B931482021F1
:201AA0000830FFF7D3FB0546228892B1002D58D0E8780021AE7803F015FD2846FFF790FB02
:201AC000012E4ED12848017801F03F010170208843E0002D45D00227244A6F70D4F80200DC
:201AE00028613068C5F80700B088A5F80B00E0796871D4F81200217AC5F81600208AA882CF
:201B0000B5F80B009080D5F80700106000221848A97101700221E87803F0E4FC6088042149
:201B200000220CF0A1F978B1B1888181316881601049477409884183217A8173A18801836A
:201B4000E978C1730CF066F8A878012809D10648017801F03F0101700020BDE8F840FEF718
:201B600071BDF8BDA002100008041000260410000A04100018041000B0B50D46FFF74AFB3D
:201B800004461948FCB11949033001220B78184910F0E7F91748017801F0C002402A05D1A6
:201BA0006278032A04BFA278012A12D0E07800212A4603F097FC0020FEF744FD2046BDE864
:201BC000B040FFF70DBB0C490022BDE8B04010F0C8B9228A4FF6FF739A4212BF002A01F09F
:201BE0003F010170E2E700BF00351026E406100020700C18080410004C700C18438823B1F8
:201C000004480122044910F0ACB981880088FFF7B3BF00BF0035102674700C1810B5044669
:201C200041880088FFF7A8FF2088BDE81040F4F723B9B0B500F03CF980B10546208804217F
:201C40000CF020F818B1618801830BF0F9FF61886982E878BDE8B04003F070BCB0BD10B52D
:201C600000F026F950B16288C078002A12BF012102210022BDE8104003F04ABC10BD10B550
:201C800000F016F990B12289002A19BFC07801216188818201BF6168C0F81610C078002151
:201CA00008BF0022BDE8104003F032BC10BD00BFBFB504460088B0B10B4D286898B1608819
:201CC000FFF7A8FA78B1C1788DF808102188B0F80D00ADF80A10ADF80C0002A82A680190D2
:201CE00001A917209047BFBD1C0410001FB504464088FFF78FFA18B1A179228809B11AB109
:201D00001FBD012392B90DE04278022A07D12279437B934205D16279837B934201D1002326
:201D200000E00123A288A0F80D200022002BE7D00A4B1B68002BE3D08DF80E10C178B0F872
:201D40000D00ADF80A208DF80810ADF80C0002A8019001A9172098471FBD00BF1C04100093
:201D60001FB504464088FFF755FAC8B1218829B96168A268C0F81E20C0F81A1009490A68C5
:201D800072B1A368C07861688DF804002088CDE902136946ADF8060001A800901920904775
:201DA0001FBD00BF1C041000BFB50E4D04462868B0B1A1792046FFF749FA88B1C078694675
:201DC0008DF804002089ADF80600A07A8DF80800E068CDF80A0001A82A6800901B2090478B
:201DE000BFBD00BF1C0410004188A1F22712082A19D9242930D040F23F1291421DD0B1F589
:201E0000A07F1DD0B1F5A17F1DD0B1F5C97F1DD040F2AB1291421CD0B1F5DB7F04BF043083
:201E2000FFF79EBF1EE0DFE802F0051D1E211D241D272A000430FFF7FCBE0430FFF70FBFAC
:201E40000430FFF7D5BD0430FFF719BF0430FFF72FBF0430FFF74ABF817A10291CBF043036
:201E6000FFF7A2BF70470430FFF796BD0430FFF739BD0430FFF702BE0430FFF7BFBE0430F2
:201E8000FFF7CCBE05EB8500496801EBC000704705EB85004A6802EBC0027047496801EB0F
:201EA000C00070470E4639461C461546FFF738BA04460088FFF7AEB900285FEA0F90217063
:201EC00010BD000070B5A6B00446002871D004F108056178284602F0F1FD78B9E07BC1078A
:201EE0000CD00121820721704FF0810258BF012263881A436280400748BF21712078002804
:201F000057D061781EA802F025FE30B99DF8780018B1608840F002006080617816A802F0A4
:201F200069FE30B99DF8580018B1608840F004006080617810A802F0D3FE70B99DF8570036
:201F400058B1BDF85400A082149820619DF85600A075608840F00800608061780AA802F0A3
:201F600085FF30B99DF83D0018B1608840F010006080617804A802F0EFFF30B99DF8250049
:201F800018B1608840F0200060800C4800212A46667803680A4898472279A37B6188CDE9A9
:201FA00002120522CDE900033346064806490FF0D8FF002C5FEA0F9026B070BD84AE1300E5
:201FC0000000302602351026A4700C1870B5134890F8780008B3134913A2114C97230D682E
:201FE000207000EB4000C1000020A8476060A0B103F02EF903F088F92178012001F074F8A0
:20200000002500262078864207D2606828444670FFF758FF18350136F4E770BDE400100085
:20202000E002100024BE13006C655F6B65795F696E6974002DE9FC47814634480078800693
:2020400001D400253FE03248A1F1020A88465FFA8AF7022F466804780FD20025AC4220D068
:20206000307838B106F1100001F02CF810B9B07DB8423BD018360135F0E700273546BC42BD
:2020800024D0287850B105F1080001F01BF828B9A87B404518BFB8F1200F2AD018350137F2
:2020A000EDE7D0461F4800214A46002503681E48984703465FFA88F00090022215481B49BA
:2020C00003380FF04EFF2846BDE8FC870025AC42E8D0307838B106F1100000F0F3FF10B9D5
:2020E000B07D40450AD018360135F0E709480C4906E00848012208493B46E2E705480749C2
:2021000001222B460FF02DFF3546DCE7E4001000E00210000335102628710C1844710C18D8
:2021200000710C1884AE1300000030266C710C1801460B48007880064FF000000CD5074A65
:2021400013788B4208D9526801EB410112F83100002818BF02EBC100704700BFE00210000E
:20216000E4001000F8B50546124800230678446811489E4204D027783FB118340133F8E7D1
:202180000F49002200F0A2FF12E0A1730021618001212170002A63702968A160A988A18197
:2021A0005FEA0F9121710330044901220FF0D9FE2046F8BDE002100000351026A4710C187A
:2021C000C4710C1801480078704700BFF002100080B5074A1278920608D5FFF72BFF28B1EF
:2021E00041780120BDE8804001F080B8002080BDE400100080B50B480078800610D501209A
:2022000001F04EF908490A78904209D2496800EB400211F83200002818BF01EBC20080BD03
:20222000002080BDE4001000E00210002DE9F0418AB00546A1F1110000260C46052843D82C
:202240001746DFE800F0030D41242D36688880071BD50DF108086978404602F07BFC08E065
:202260006888400711D50DF108086978404602F0C1FC50B99DF808601C2E06D808F10401F1
:20228000384632460FF077FE1EE000261CE068880026000718D56978384602F021FD10E04B
:2022A00068880026C0060FD56978384602F0DEFD07E068880026800606D56978384602F083
:2022C0004BFE002808BF18266B78032204480549CDE900460FF045FE30460AB0BDE8F08162
:2022E00003351026E8710C182DE9F0418CB00646A1F1110014460D46052800F275801F465B
:20230000DFE800F003172B3F56665348B0F8520080076FD50DF1100800F0CCFE7178404627
:20232000202202F0EBFB00285ED1708840F002005FE04948B0F8520040075BD50DF11008AB
:2023400000F0B8FE71784046202202F027FC00284AD1708840F004004BE0307903227178C0
:20236000012806F1080008BF0722F27302F06CFBD0BB7178012000F06BFF708840F08100EF
:2023800037E03548B0F85200000733D50120F8753846717802F052FC30BBB88AB08238696B
:2023A0003061708840F008007080B87DB07521E02948B0F85200C0061CD501207875384663
:2023C000717802F0B1FC78B9708840F0100010E02148B0F8520080060CD5012078753846C6
:2023E000717802F067FD08B100271DE0708840F0200070807088C10715D100064FF003009B
:2024000058BF0120F37B327903F0FA0371781843012A5FEA1F9240EA8200F07306F1080004
:2024200002F012FB68B10127737804220B480C49CDE9005402970FF094FD38460CB0BDE891
:20244000F08171780120012700F002FF708840F001007080E8E700BFE400100003351026DF
:2024600014720C182DE9FE43044660B3184898460E4617460021324603684FF00009154866
:2024800065789847CDE90007032213482B4613490FF067FDA77320463168B8F1000F40F80A
:2024A000081FB188818005D001212171E17B41F0040104E0E17B84F8049001F0FB01E1730F
:2024C000617802F0C1FA002C5FEA0F90BDE8FE8384AE1300000030260235102650720C184E
:2024E000B0B586B005464088C0060CD50C466978684602F0BBFC0498A04206D06878214662
:2025000002F064FC08B1002000E0012006B0B0BDB0B586B00546408880060CD50C46697824
:20252000684602F019FD0498A04206D06878214602F074FC08B1002000E0012006B0B0BDEB
:20254000B0B58AB0044643781E4801221E490FF008FD00256178CDE9085508A802F074FAC2
:202560006088810707D56178684604228DF8005002F0C4FA6088410708D5617800208DF852
:2025800000006846042202F009FB6088010703D5607802F07DFB6088C10603D5607802F016
:2025A000EDFB6088800644BF607802F0ADFC617801200FF0E9F8204618210FF0D7FC0AB04A
:2025C000B0BD00BF0335102684720C1870B50D4800220D4900F07AFD0C4D00262878C1B25C
:2025E0008E4209D269680A5D1AB10819FFF7A8FF287818340136F2E70120BDE8704000F00D
:202600009BBD00BF02351026A0720C18E002100050B110B541780446012000F0CDFD204604
:20262000BDE81040FFF78CBF704700BF10B509480024007880060BD5012000F0E1FE064A96
:2026400000EB400153681278904238BF03EBC104204610BDE4001000E002100020B10A4653
:20266000417801200FF0BAB8002070472DE9F04F93B0012972D1044640794FF000094FF0A9
:20268000000B00F0C00040286AD1DFF8E0A00DAD4FF000089AF8000080455FD2DAF8041016
:2026A00008EB480011F83020002A54D001EBC006708800074FD53746284617F8011F02F057
:2026C0000FFB18B14FF0000B002743E0E078217962798DF8312005F10F028DF83300102001
:2026E0008DF83090CDF82C90CDE909998DF8321005A928B112F80139013801F8013BF8E7DD
:2027000009A805A901AA0FF059FCA0789DF81110814218D160789DF81210814213D1207813
:202720009DF8131081420ED13B7801220E4811490FF017FCA0880027B081B3462068B06096
:202740000120B07306E03B7801220748012708490FF007FC27B108F101089BE74FF0000B09
:20276000584613B0BDE8F08F02351026E0021000E4720C18B8720C1870B58CB00546407948
:20278000244C00F0C002402A33D100228DF82D00E878CDE908220A928DF82C202A798DF800
:2027A0002F0001F10F008DF82E2004AA102129B110F80139013902F8013BF8E708A804A96F
:2027C0006A460FF0FBFBA8789DF80D10814210D168789DF80E1081420BD128789DF80F1058
:2027E000814206D10F49A01C00220FF0BAFB01260CE0094800212A460026036807489847A1
:2028000007490346204601220FF0ABFB30460CB070BD00BF0035102684AE130000003026CD
:202820003C730C1810730C18F8B5054621480078800601D400243BE0687900F0C0004028B2
:2028400015D10C46284601211646FFF7F3FB1A4A074638B9284601211546FFF707FF2A4677
:202860000746F8B17888000705D418491BE012480024124919E0B88A1546A08000213869D5
:2028800022462060B87D30700D4803680D4898470346B87D0C4902220090E81C0FF061FBA1
:2028A000012405E00A490024104600220FF059FB2046F8BDE40010000035102618740C18A2
:2028C00084AE130000003026A4730C18E8730C1874730C182DE9F04387B006462D480C4605
:2028E0000178890601D400244FE01D46102B08D8DDF8408090F8510098F80010B1EB800FF1
:2029000002D9254826493DE0304621461746FFF791FB814618B900F0E1FB814630B36E4665
:202920001A213046DDE90E470FF02AFB304621462A468DF81B708DF81A500FF01CFB4846B7
:2029400011211C223346FFF7CFFCC8B199F80110012042460EF054FF90B16B464846122105
:202960001C22FFF7C1FC58B101240EE0FFF75EFE30B1FFF74DFE00F0B1FB81460028CED1AC
:2029800005480649002200F0A1FB204607B0BDE8F08300BFE40010000035102680740C1882
:2029A00050740C18BFB5044615480078800621D504B32078F0B108780D4649786378AA789F
:2029C0008DE8070004220F480F490FF0CAFA28786A78AB78E57B617805F08F0545EA00103D
:2029E00040EA421040EA8310E07304F1080002F02BF810B1002004B0B0BD0120FBE700BF75
:202A0000E4001000023510269C740C181CB50D4A1278920613D590B1027882B1C07BC0F313
:202A20008012C0F34014C0F300138A704C700B7005480649CDE9004203220FF092FA0020A2
:202A40001CBD00BFE400100002351026F8740C18B0B586B005461748007880060ED5164C65
:202A600035B1287820B1688800070BD4022300E001231449204601220FF073FA002528461B
:202A800006B0B0BD6A4628461421FFF7CFFB68B10A49684610220FF078FA48B16B78204601
:202AA0000749012201250FF05CFAE8E70423E0E70523DEE7E4001000023510261E200504D6
:202AC0004C750C187C750C180348044900880988084480B2704700BF1803100022031000F7
:202AE000F8B505461F480078800621D505B3287800B30C461D496878097881421CD91D4E3C
:202B00001D4F30883988084481B220460FF02EFA1A481B493288008809886B780844009369
:202B200081B2D3B2204601F059FE60B1154904E0002406E00C4900E00D491548002200F0D8
:202B4000C5FA2046F8BD10483A886B78018830880093D3B2204401F041FE08B10B49ECE7D1
:202B60000124EEE7E400100034760C18E0021000B4750C1818031000220310000C031000DB
:202B80001A031000DC750C182403100008760C18003510262DE9FF410D463B49002409787D
:202BA000890628D5394F1646DFF8E48014703988B8F80020114489B2814216D169682868BA
:202BC000CDE90201C1F3074102A8FFF733FA044630B99DF80E1002A8FFF748FD044670B13D
:202BE00001202E4930702B4802E02A482A49002400220FF0B6F9204604B0BDE8F0819DF8AA
:202C00000F009DF80E10C0F3800602A83246FFF7A9FA044680B1224822493A8800880988D3
:202C200063780844009381B2D3B2284601F0C8FD98B118481C49DAE7FFF7F8FC50B1FFF74E
:202C4000E7FC9DF80E1002A83246FFF78BFA04460028E0D10F481749C9E71448B8F800208B
:202C60006378018838880093D3B2284401F0A8FD10B108480E49BAE76178012000F0E8FA41
:202C80002046FFF71FF9B6E7E400100018031000220310000035102668760C189C760C182C
:202CA0000C0310001A031000CC760C1824031000F8760C1824770C1801480078704700BFA3
:202CC000E00210007CB52B4E0546307880064FD5002D4DD00C4600294AD020464FF49C7126
:202CE0000FF044F968886080A868E968A16060606888810706D5697804F10C0001F02AFF57
:202D0000B0BB6888410706D5697804F12C0001F071FF68BB6888000705D5697804F14C00BC
:202D200001F0DEFF20BB96F83B0080060ED56A7801A9012002F06EF940B99DF8040028B147
:202D400001986066608840F4807060806978012002F042FA50B1608804F16C02697840F09B
:202D60004000608001200EF039FD08B101207CBD00207CBDE4001000B0B590B015461C4A18
:202D80001278920613D590B18DB11C467BB1428831B151070BD5417801A801F02BFF05E0D6
:202DA000910704D5417801A801F0D4FE10B1002010B0B0BD9DF804000028F8D002980990B3
:202DC0000399049A059B06980A910B9210220C930D9007980E90BDF82000ADF83C009DF84D
:202DE0002200287009A920460FF0C5F80120DFE7E4001000B0B586B0054615480078800629
:202E00001BD5D5B11446C2B161B16888000714D56978684601F064FF78B99DF8170060B1AC
:202E200069460EE0697805F1080001F047FE20B9E87BC10701D0800702D4002006B0B0BD6B
:202E40000449204610220FF096F80120F6E700BFE4001000B40410002DE9F0478AB06C4F45
:202E600004463878800640F1AF80002C00F0AC80261DA17A3046FFF7DDF828B9A17A304619
:202E8000FFF7F4FB002875D0054601266088810716D56EB1697802A801F05CFE40B904F130
:202EA0000C0002A920220FF070F8002800F09180227B04F1100328461121FFF715FA608857
:202EC000400714D55EB1697802A801F093FE30B904F12C0002A920220FF057F838B194F8EC
:202EE0002C2004F1300328461221FFF7FDF96088000713D55EB1697802A801F0F1FE30B997
:202F000004F14C0002A918220FF03FF830B104F14C03284614211822FFF7E6F96088400650
:202F200037D504F16C087EB397F8510004213AA240F2B15301EB8001364806680020B04764
:202F4000F0B16978074601203A460EF047FC68B13E785EB198F800A0B24507D304F1700973
:202F6000381D324649460FF010F8B8B32E480168384608E000F0ADF8D0B10546002685E74B
:202F800029480168002088476978012042460EF037FC6088C00506D56A7804F164010120C8
:202FA000042301F0FDFF6978012000F09FF90CE0FFF73CFB10B14078FCF798FB00F089F8EA
:202FC000002608B1054661E7002528460AB0BDE8F087608840073FF576AF88E7AAEB060084
:202FE00001060FD06978C2B201203346CDF800900EF01CFC06460C48016838468847002E0D
:20300000C2D0C6E70848016838468847C1E700BFE400100024BE13006C655F7365745F64DC
:2030200065765F696E666F0014BE13001CB5CDE900010F480078800601D4002416E0C1F345
:2030400007416846FEF7F6FF28B99DF806106846FFF70CFB18B14078FCF748FB28B105487C
:203060000022054900F032F800E0012420461CBDE40010000035102644770C1880B50B4ABA
:20308000127892060FD570B169B1094B1A7802701A78501E122806D80133084619460EF0A0
:2030A0006AFF012080BD002080BD00BFE4001000F0021000394608F1040022468DF810407E
:2030C0000EF059BF494606220EF05FBF00240EF048BF22783046A17AFFF744B830462146E4
:2030E0003A46FFF73FB8000001281CD1F8B50E4E0C46012006F1080101F06CFC80B90B4DE7
:203100000122337A0A49A81C0EF02BFF307A142806D308492846002200270EF022FF377211
:203120003470BDE8F8407047E80210000035102660770C1890770C1810B50446084809491B
:20314000012223460EF00DFF012C18BF10BD0649002001F8080F0120BDE8104001F01CBCAA
:2031600003351026C4770C18E8021000BCB50346012804D10D4A02F10800506001E00B489A
:20318000406810F8014B0022944205D005788D4209D001300132F7E70091022204480549B0
:2031A0000EF0DFFEFF22D0B2BCBD00BFE802100000351026EC770C18F8B51D4D0E46009171
:2031C00004461C4900F088F9012C04D11A4901F10800486001E018484068007808B300F0BC
:2031E00080F9FF281FD0144E02307268831E11788B4205D21118125C013001F8012CF4E73B
:203200000E484F1E02F8017B132103680C4898470C49FBB200F07AF9716800F07CF90124DB
:2032200004E00A4900E0084900F06BF92046F8BD0035102628780C18E802100084AE130049
:203240000000502688780C18C8780C1854780C182DE9FC411E4D0E46009104461D4900F03D
:203260003BF9012C05D11C4800F108010778416000E0002700F035F9FF2805D0204631469B
:20328000BDE8FC4100F032B8DFF84C80D8F8040001788F4203D1144900F033F915E0084423
:2032A00013214670D8F804201078461C0B4802F8016B03680A4898470A49F3B200F026F9EA
:2032C000D8F8041000F027F901242046BDE8FC8100351026F8780C18E802100084AE13000F
:2032E000000050264C790C1824790C18F8B51D4D0E46009104461C4900F0EEF8012C02BF3F
:203300001A4800F10801416000F0EBF8FF2812D0164F79680A78531E834220D00230D2B230
:20332000831E93420CD20A18095C013002F8011C79680A78F3E7114900F0D7F80020F8BD3F
:20334000565413210A487A6803680A4812F8016B9847094900F0CFF8796800F0DCF801207A
:20336000F8BD00BF0035102688790C18E802100084AE130000005026B0790C18EC790C18BE
:20338000F8B5184D0E4600910446174900F0A4F8012C02BF154800F10801416000F0A1F891
:2033A000E8B1FF2804D1124900F09FF80020F8BD0E4F796820B10A18095C01385170F8E752
:2033C0004E7013210B487A6803680B4812F8016B98470A4900F08FF8796800F09CF8012063
:2033E000F8BD00BF00351026207A0C18E8021000807A0C1884AE130000005026487A0C1877
:2034000070B5124C064612490122E51C334628460EF0A7FD012E04D10E4901F108004860D8
:2034200001E00C484068017839B1447828460A49012223460EF095FD05E0084920460022F5
:203440000EF08FFDFF24204670BD00BF00351026B47A0C18E8021000F87A0C18D47A0C18AE
:20346000E0B5012804D10B4A02F10800506001E00848406803788B4207D2009102220648BC
:2034800006490EF06EFDFF208CBD591A084440788CBD00BFE802100000351026207B0C1869
:2034A00080B5012804D1094901F10800486001E006484068017809B1085C80BD04480022CC
:2034C00004490EF04EFDFF2080BD00BFE802100000351026607B0C18E81C022223460EF048
:2034E00040BD20463146FFF741BE28460222234600960EF036BD02220090A81C33460EF08C
:2035000030BD2846002200240EF02BBD0090A81C02220EF026BD204601F03EBAB0B50346CE
:20352000042824D80C46DFE803F00328112E17001D48272C28BF2724114600F10C0522462B
:2035400028460EF018FD0020285526E0012C26D115491078087020E0012C20D110780128F6
:203560001DD810480CBF0A210221017015E00F4801220F490EF0F5FC11E0022C0FD10A496C
:203580001088888009E0012C09D11078012806D804480CBF0A21022141700120B0BD002048
:2035A000B0BD00BF4C0010003804100000331026847B0C1810B5074CA3711B0A2271120AAB
:2035C000A170090A2070000AE3716271E170607010BD00BFE8061000F8B58DF80C10090AFA
:2035E0008DF80D10042308498DF80E20120A8DF80F2000228978CDE9003203AB02220DF054
:203600004FFB04B080BD00BF38041000BFB58DF80C20120A8DF80D200424084A8DF80E3034
:203620001B0A8DF80F300023927803AD02930223CDE900540DF0BCF904B0B0BD38041000E1
:20364000F0B58FB00446012913D10020012615780DF137010E9000238DF837000C902046A5
:2036600000960EAA09F00AFD88B140F2C34635460AE001200322CDE900102346474848498E
:203680000EF06FFC40F20D4528460FB0F0BD9DF8380005F00705002100F00700032909D078
:2036A00006FA01F201310242F8D02A40F6D140F21345E9E700208DF830508DF83300ADF8CC
:2036C000310038480078800630D4374D2868002848D00DF12A010DF1290220460AF064FBD2
:2036E000002843D0BDF82E00ADF81000DDF82A0003900CA806900120ADF814009DF8290083
:203700008DF8120003A808900220ADF81C0007A82A68099009A9802090470646002805462A
:203720005FEA1F9008BF40F2134523E007A90DF12A0220460EF00AF880B101209DF82A10DC
:203740008DF80C009DF81C008DF80D5003AA0EF0BBF80026D0B140F213450CE040F2C34590
:20376000002615E040F21345002604E040F2C3450026002060B10CAA20460121012709F0AA
:2037800095FC002818BF40F2C34602E040F2C3450027002F7FF46BAF76E700BF00351026D8
:2037A000B07B0C18E40010001C041000FEB5089F05460020164914462B4638801348009202
:2037C00002220EF0CEFB072C07D1124890F83B00800605D440F2114416E040F20A4413E087
:2037E00000242846099E8DF80B40FDF753FE0DF10B0100223346009409F040FC9DF80B006D
:20380000002808BF012038802046FEBD023310261C7C0C18E4001000F0B587B0054603205A
:203820000C9F0C468DF80C0016461A482B461A49CDE9002703228DF80D500EF092FB072EC4
:2038400009D1164890F83B00800607D4144800F0F5F919D11CE040F20A4019E028460D9E5E
:20386000FDF718FEF9B23246FFF7EAFE054605208DF814000A480696ADF81670826832B14E
:2038800040F20A40854203D003A920469047284607B0F0BD02331026587C0C18E400100000
:2038A000380410001FB501248DF80100032A8DF800400DD1032013F0020F50EA10908DF8D7
:2038C0000800044883681BB16A460846114698471FBD00BF3804100010B500201446042956
:2038E00010800BD002291CBF40F20A4010BD07480C3018600EF058FB013003E00348043027
:20390000186002202080002010BD00BF380410001146DDE900230020FFF7DEBF2DE9F04339
:2039200087B00E9D04468946274828491746CDE900250322234603260EF013FBDDF83C8020
:20394000042FCDF81880ADF816508DF80D408DF80C601CD0022F31D1282D2CD8B8F1000FD9
:2039600029D01B4C01208DF81400A2681AB103A94846904720BB272D28BF27250C3441461E
:203980002A4620460EF0F7FA0020605518E0022D11D1B8F1000F0ED00D4C02208DF81400DA
:2039A000A2681AB103A94846904748B9B8F80000A080002004E040F20D4001E040F20A4070
:2039C00007B0BDE8F08300BF02331026A07C0C1838041000BCB5079D0021072B298007D179
:2039E0000E4991F83B10890605D440F2114412E040F20A440FE0089B0DF10701002400225D
:203A00008DF80740009409F039FB9DF80700002808BF012028802046BCBD00BFE400100033
:203A2000F0B585B0ADF808100321072BADF806008DF804100AD11449144691F83B10890660
:203A400007D4124800F0FAF817D11AE040F20A4017E0DDE90B763246F9B2FFF7F1FD054661
:203A600005208DF80C0009480496ADF80E70826832B140F20A40854203D001A920469047B8
:203A8000284605B0F0BD00BFE400100038041000F8B5ADF802000120032BADF804108DF876
:203AA00000000DD10698032110F0020F51EA11908DF808000348836813B16946104698470E
:203AC0008FBD00BF380410001946DDE901230020FFF702BF7FB50A9C099DADF80200032025
:203AE000042B0394ADF80A50ADF804108DF800001AD0022B2CD1282D27D834B3164E0120EF
:203B00008DF80800B3681BB169461046984708BB272D28BF27250C3621462A4630460EF076
:203B20002AFA0020705515E0022D0ED16CB10A4D02208DF80800AB681BB169461046984793
:203B400040B92088A880002004E040F20D4001E040F20A4004B070BD38041000014988605D
:203B6000704700BF380410007CB5264B15469C6BA2004FF0E00258BFA822E4074FF49A749F
:203B800008BFFC24B3F89A309B0742BF1E4B01265E7049B190B11C481E49254B02300CF024
:203BA00085FD28B315B921E005B398B1164822461C49204B03300CF079FD16E013480190BB
:203BC0001348009010481349134B02300CF044FD70B15DB1002013490190224610480090ED
:203BE0000948114B03300CF037FD18B1012407E00A4900E00D491048002200240EF0B1F911
:203C000020467CBDE400100038041000A53804041938040468210504AD370404E47C0C1885
:203C20001D39040430200504113904041C7D0C18542305043C2305040033102640F21145E5
:203C4000826840F21140002A7047000080B50346B0F5407F0BD110884AF2B712411E914289
:203C600005D808490880FCF785FC002080BD0348012203490EF075F9032080BD00351026CC
:203C8000547D0C189C00100080B5034640F2023083420CD040F2013083420BD0B3F5407F96
:203CA0000DD10B4802780A704078487005E00748407801E0054800780870002080BD0548BB
:203CC000012205490EF04DF9032080BD040310009C00100000351026807D0C18014948608E
:203CE000704700BF04031000B0B5114D04462B7818B123B10F4811490EE0032B0AD12046DC
:203D0000F2F712FE68B10120002C50EA009028700020B0BD0748084901220EF022F9022057
:203D2000B0BD0448002206490EF01BF9FF20B0BD0403100000351026E87D0C18AC7D0C1863
:203D4000247E0C1880B5F2F7C3FD0721002818BF0021084680BD80B5F2F7D0FD07210028B1
:203D600018BF0021084680BD80B505480088F2F7E8FD0721002818BF0021084680BD00BF56
:203D80009C00100080B5012802D14879BF2801D9002080BD0348002203490EF0E2F80320B3
:203DA00080BD00BF00351026507E0C182DE9F04188B006460D46084611461446FFF7E2FFB6
:203DC00050BB012E19D116480078800623D520462946FEF72FF9F0B14188124B0A0603EAB5
:203DE000E27709070AD50DF1080814214246FEF71DFA002858EA108301E000270023304606
:203E0000294622460097F2F72FFD01460720002918BF002000E00C2008B0BDE8F08100BFF8
:203E2000E4001000B4041000F8B51F4614460D460646FFF7A7FF00B1F8BD0848002F3146C3
:203E40002A4650EA1780234600900120F2F70CFD01460720002918BF0020F8BDB40410000A
:203E600080B5F2F77BFD0721002818BF0021084680BDF2F7F3BC00BF0146034842680AB18B
:203E800002201047704700BF040310000146034842680AB103201047704700BF040310001E
:203EA0000146034842680AB104201047704700BF040310000B4900880A7820B1012A06D0D3
:203EC000022A06D007E0012A03D0022A03D1032200E000220A704B681BB142EA004100204E
:203EE0001847704704031000014606480078C0071DBF03484268002A70470120104700BFD8
:203F000004031000080410000146034842680AB105201047704700BF040310000149807B29
:203F200048707047040310004288A2F5BA710C290ED8DFE801F0072E162E1C2E222E252E36
:203F40002E2E280013494A681AB3011D0220104740F2B3118A4201BF807C0E494870704727
:203F600017E00C494A68A2B1011D0320104709494A6872B1011D042010470430FFF79ABF15
:203F80000430FFF7B1BF03494A6812B1011D05201047704704031000B0B50346A0F5187093
:203FA000092800F26F800C46DFE800F0050D1C2B333D59466153012C64D11078032861D87C
:203FC000354908713FE01F2C5CD8324D1146224605F108000DF0CFFFA8782C7040F0010058
:203FE000A8704DE01F2C4DD82B4D1146224605F10C000DF0C0FF27482C70817841F00401DD
:2040000025E0012C3ED1107804283BD82249487019E0012C36D11078032833D81E4900F033
:20402000010088700FE0062C2CD11B49908848811068C1F8060006E0012C23D11078032833
:2040400020D81549C8701348817841F00201817016E0022C16D10F491088C8800CE0012CFD
:2040600010D1107807280DD80A49487004E0022C08D1084910888880887840F002008870B2
:204080000020B0BD0548012205490DF06AFF0320B0BD00BF50001000C4041000003510267D
:2040A000947E0C1880B50346A0F51870092809D8DFE800F0050F131B1D20272A332E1B48D2
:2040C000007923E01A4801221A490DF04AFF032080BD154B13F8082B02E0144B13F80C2BB5
:2040E000084619460DF047FF1CE010480AE00F4880780BE00D4842898A80D0F806000860F8
:2041000010E00948407801E00848C078087009E0054882790A70C07903E0034802790A70BE
:2041200040794870002080BD50001000C404100000351026BC7E0C1880B5F2F705FA07216B
:20414000002818BF0021084680BD00BF2DE9FF41DFF8808001222048204998F802300DF015
:2041600000FF98F8020081070AD441071CD4C10722D100072CD50120F2F770F9F72022E0C1
:20418000174DB8F80630B8F804206878E97898F80140AE782F790635CDE90264CDE900759F
:2041A000F2F76AF9FD200EE00D4A012012F80C1BF2F78AF9FB2006E04246002012F8081BBD
:2041C000F2F782F9FE2098F80210084088F80200BDE8FF815000100003351026E47E0C1878
:2041E000C404100070B51C4C00221C49E01C0DF0B8FE1C4D287810F00C0F02BF184E7179EF
:20420000002904D0184900F025F9022422E0FDF73EF980B11648817841F00801817028788C
:2042200000F0F30004302870FFF790FF00200024FCF708FA0EE070780428EBD8012101FA2F
:2042400000F010F0130FE5D00849204600220DF088FE0B24204670BD00351026087F0C1863
:20426000C404100008041000607F0C18187F0C185000100010B51248002482781148002A6C
:2042800008BF0324417900290F4918BF01249207097801F00C0108D4042908D044B90121E1
:2042A0004171FFF753FF002408E00029F6D0022406480122064923460DF053FE204610BD39
:2042C00050001000C40410000804100000351026847F0C18B0B5124C00221249E01C0DF0BF
:2042E00040FE124D287800F00C01082902BF0E494979002904D00E4900F0ACF802240DE07E
:204300000020F2F7ABF840B12878002440F00C0028700020FCF796F900E007242046B0BDE8
:2043200000351026AC7F0C18C404100008041000B87F0C1810B5438804467BB112480122F1
:2043400012490DF00EFE207801280BD0B0B91048007800F00C010C2906D10AE02078012870
:2043600005D058B90A48007800F0F10004E00848007800F0F3000830054908706088BDE892
:204380001040FCF75FB900BF00351026DC7F0C18080410000648017801F00C02082A18BF2E
:2043A000704701F0F10101700020FCF74BB900BF08041000E0B504490A681AB1019001A9A6
:2043C000412090478CBD00BF1C041000E0B54188B1F5C17F2FD0B1F59A7F18BFB1F59B7FD4
:2043E00006D1194A92787AB1BDE88C40FFF7AEBE40F26712914222D0B1F5997F1AD104302E
:20440000BDE88C40FFF796BF104A5379002BEBD0002353710E4A126862B101AB00930623A0
:20442000B1F59A7F08BF0423C05A6946ADF80400402090478CBDBDE88C40FFF7ABBF0430D8
:20444000BDE88C40FFF7B6BF50001000C40410001C041000C0F38103204601220DF081BD1D
:2044600010B50346A0F51070052836D8DFE800F0030E151C252E01292FD1107803282CD8B1
:204480001A4901224A701849887024E0012924D11078012215494A7016E002291DD1134932
:2044A00010880122488005E0022916D10F4910880122888000204A7010BD01290DD10B4964
:2044C000107801224A700849087004E0012904D1054910784870002010BD05480122054992
:2044E0000DF03FFD032010BD6C041000780010000035102614800C1880B50346A0F51070D5
:20450000052807D8DFE800F0030D0F141A1D0F48807818E00F4801220F490DF022FD032016
:2045200080BD0B480BE00A4882780A70C07803E0074802790A704079487005E003480078C2
:2045400001E0024840780870002080BD6C041000780010000035102640800C18BCB5144C7B
:204560002078C0F301132BB11248012212490DF0F8FC19E01148417849B1114D8288418801
:204580002B780078AD780095F1F7FDFF04E00C4841780120F1F7E8FF30B1207800F0CF0049
:2045A000103000F007F900E002242046BCBD00BF08041000003510266C800C187800100008
:2045C0006C04100010B50D4C2078C0F30113022B0BD10D4841780020F1F7C6FF50B1207861
:2045E00040F0300000F0E6F805E00548012205490DF0B7FC0224204610BD00BF0804100006
:204600000035102690800C186C041000B0B540F23B1290420FD1094B1A7962B1D8784D7AD4
:204620008418AC4205D80844591D0A300DF0ADFC08B10020B0BD0120B0BD00BF6C0410005E
:204640002DE9F041194F884619490446B81C1D461646012223460DF084FC94B14DB146B15B
:20466000B8F11E0F05D806EB08011F2998BF202E11D31249384600220DF073FC0020BDE890
:20468000F0810C480021A0F803100B492046BDE8F041F1F767BF074829463246067180F8C6
:2046A000038005300DF067FCEFE700BF00351026B4800C186C0410000D460404D8800C1833
:2046C00010B50E4904880A78130903F0030324B1032B06D0012B08D00AE0032B05D0012BA5
:2046E00006D102F0CF02203201E002F0CF020A700088BDE81040FBF7A5BF00BF0804100002
:20470000E0B504490A681AB1019001A9302090478CBD00BF1C04100010B504460A4800215E
:204720004170208830B9094841780120F1F71CFF00B110BD0648017801F0CF0101702088EA
:20474000BDE81040FBF77EBF780010006C041000080410001CB5074904460730FEF70CF876
:2047600030B1054802681AB1019401A9312090471CBD00BFB40410001C041000418840F2E4
:20478000811291420DD0B1F59D7F0DD040F23B1291420CD0B1F59C7F18BF70470430FFF790
:2047A0008FBF0430FFF7D6BF0430FFF7B5BF0430FFF7A6BF207000200024FBF743BF0000F7
:2047C000B0B5049C1D4604FB0211034A13682A4689B2BDE8B040184704B1130070B50546C0
:2047E00004981C4600FB0210224681B20548036828469847064618B1284621460DF0B6FB76
:20480000304670BDF0B0130010B504460948007880065CBF4FF6FF7010BD07480022074987
:204820000DF09FFB06480021282203682046BDE810401847E40010000335102600810C18FC
:2048400004B1130070B504460D480078800602D44FF6FF7512E00B4800220B4900250DF062
:2048600080FB0A480021282203682046984728B10646204628210DF079FB3546284670BDF5
:20488000E40010000335102618810C18F0B0130010B504460948007880065CBF4FF6FF7019
:2048A00010BD0748002207490DF05BFB06482821042203682046BDE810401847E400100041
:2048C0000335102630810C1804B11300B0B505460B480078800602D44FF6FF740EE00948FF
:2048E0000022094900240DF03CFB08482821042203682846984708B12C6004462046B0BD13
:20490000E4001000033510264C810C18F0B0130010B504460948007880065CBF4FF6FF7064
:2049200010BD0748002207490DF01BFB06482C21102203682046BDE810401847E4001000F0
:204940000335102668810C1804B11300B0B505460D480078800602D44FF6FF7411E00B483F
:2049600000220B4900240DF0FCFA0A482C21102203682846984720B1EC60AC606C602C60A0
:2049800004462046B0BD00BFE40010000335102680810C18F0B01300B0B505460C460948AE
:2049A0000122094900F007FD0848012DC08918BF502081B20648142203682046BDE8B04063
:2049C000184700BF0335102698810C180C03100004B11300B0B505460C460C4801220C4959
:2049E00000F0E9FC0B48012DC08918BF502081B209481422036820469847054618B12046ED
:204A000014210DF0B3FA2846B0BD00BF03351026BC810C180C031000F0B013000346002013
:204A2000012B09D1064B93F878308B4204D90548008B10B11080012070470020704700BFAB
:204A4000E40010000C031000BFB50446144890F87800884220D913480D46002122460368C4
:204A600011489847A1792B46E2798DE8070004220E480F490DF075FA0E48C1890288808929
:204A80001144082200FB051081B20B480368204604B0BDE8B0401847012004B0B0BD00BF87
:204AA000E400100084AE13000000302603351026E0810C180C03100004B11300BCB50446D2
:204AC0000A4890F8780088420DD90D4608480949012200F070FC08480823009582890188BC
:204AE00000F05AFCBCBD0120BCBD00BFE40010000335102630820C180C03100070B50546D7
:204B00000F480E46B0F85210890701D4022070BD90F87800B04210D90A4814460A4901222F
:204B200000F081FC0948C189428800F06CFC084803682846BDE870401847012070BD00BF61
:204B4000E40010000335102650820C180C03100004B11300BCB504460C480D46B0F85210AA
:204B6000890701D40220BCBD00F02FFC0CD908480122084900F01FFC074820230095828934
:204B8000418800F009FCBCBD0120BCBDE40010000335102670820C180C03100070B505463D
:204BA0000F480E46B0F85210490701D4022070BD90F87800B04210D90A4814460A490122CF
:204BC00000F031FC0948C189828800F01CFC084803682846BDE870401847012070BD00BF21
:204BE000E40010000335102690820C180C03100004B11300BCB504460C480D46B0F85210CA
:204C0000490701D40220BCBD00F0DFFB0CD908480122084900F0CFFB074820230095828975
:204C2000818800F0B9FBBCBD0120BCBDE400100003351026B4820C180C031000B0B504462A
:204C40000E480D46B0F85210090701D40220B0BD00F0BBFB0FD90A4801220A4900F0ABFB41
:204C60000948C189C28800F0A9FB084803682046BDE8B04018470120B0BD00BFE400100065
:204C800003351026D8820C180C03100004B113001CB50446002001900C48B0F85210090707
:204CA00001D402201CBD00F0B5FB0DD908480122084900F097FB0848C18800F073FB074812
:204CC000036801A898471CBD01201CBDE400100003351026FC820C180C03100004B1130023
:204CE000BCB504460C480D46B0F85210090701D40220BCBD00F069FB0CD9084801220849CB
:204D000000F059FB0748182300958289C18800F043FBBCBD0120BCBDE40010000335102639
:204D200020830C180C031000B0B504460E480D46B0F85210C90601D40220B0BD00F045FBC8
:204D40000FD90A4801220A4900F035FB0948C189028900F033FB084803682046BDE8B04089
:204D600018470120B0BD00BFE40010000335102644830C180C03100004B113001CB5044638
:204D8000002001900C48B0F85210C90601D402201CBD00F03FFB0DD908480122084900F0A1
:204DA00021FB0848018900F0FDFA0748036801A898471CBD01201CBDE4001000033510269F
:204DC00068830C180C03100004B113001CB504460D480191B0F85210C90601D402201CBD32
:204DE00000F018FB0DD909480122094900F0FAFA0848018900F0EDFA0748036801A898472D
:204E00001CBD01201CBD00BFE4001000033510268C830C180C03100004B113001CB5044669
:204E20000D480191B0F85210890601D402201CBD00F0F0FA0DD909480122094900F0D2FAE0
:204E40000848418900F0C5FA0748036801A898471CBD01201CBD00BFE40010000335102653
:204E6000B8830C180C03100004B11300BCB504460C480D46B0F85210C90601D40220BCBD41
:204E800000F0A3FA0CD908480122084900F093FA0748182300958289018900F07DFABCBDCB
:204EA0000120BCBDE400100003351026E4830C180C031000B0B504460E480D46B0F85210EA
:204EC000890601D40220B0BD00F07FFA0FD90A4801220A4900F06FFA0948C189428900F017
:204EE0006DFA084803682046BDE8B04018470120B0BD00BFE40010000335102608840C18D7
:204F00000C03100004B113001CB50446002001900C48B0F85210890601D402201CBD00F031
:204F200079FA0DD908480122084900F05BFA0848418900F037FA0748036801A898471CBDB9
:204F400001201CBDE4001000033510262C840C180C03100004B11300BCB504460C480D46D8
:204F6000B0F85210890601D40220BCBD00F02DFA0CD908480122084900F01DFA07481823D7
:204F800000958289418900F007FABCBD0120BCBDE40010000335102650840C180C0310002A
:204FA0002DE9FC411646164A0D46014692F83B00800602D40220BDE8FC81012001291CD1AB
:204FC00092F87810B14218D9DFF83880B8F8187097B10D481C460D490222012300960CF0E5
:204FE000C0FFB8F8120000F000FA09480368284602B0BDE8F04118470120BDE8FC8100BF33
:20500000E40010000C0310000335102674840C1804B11300F8B515460F4A0C46014692F8A7
:205020003B00800601D40220F8BD0120012910D192F87810A9420CD9084F3E8B56B108487E
:205040000122084900F0B7F9788A0423FA8A00F0D4F9F8BD0120F8BDE40010000C03100034
:2050600003351026B4840C182DE9FC411646144A0D4600F0D3F902D40220BDE8FC8101200F
:2050800001291BD192F87810B14217D9DFF83480B8F818708FB10C481C460C490222009340
:2050A00000F0C1F9B8F8100000F09FF908480368284602B0BDE8F04118470120BDE8FC81AB
:2050C000E40010000C03100003351026E8840C1804B113002DE9FE431646194A0D4600F09E
:2050E0009DF902D40220BDE8FE830120012925D192F87810B14221D9DFF84880B8F81870E5
:20510000DFB1DDF828901C460F4803220F49CDE9003900F088F9B8F8101007EB09002246A9
:205120000844B8F8161001FB060081B208480368284603B0BDE8F04318470120BDE8FE83BE
:20514000E40010000C031000033510260C850C1804B113002DE9FC4115461B4A0C4600F0FC
:205160005DF902D40220BDE8FC810120012929D192F87810A94225D9DFF85080B8F81860B0
:20518000BEB113482B46134992F8517001220CF0E8FE0120294600F01FF838B1042104304F
:2051A00001EB8701C3B2C9B28B4205D900202070D8E70120BDE8FC81B8F81000B8F8162088
:2051C00000F01BF9BDE8FC81E40010000C0310000335102638850C181CB50123012825D133
:2051E000164A0C4692F8780088421FD91449088BD8B1926B022323EA5203BBB9CA8A04234D
:20520000098A0094084481B201A8FFF7E7FA034660B99DF8040002220090234609480A49AC
:205220000CF09FFE9DF804001CBD01230548012206490CF096FE00201CBD00BFE400100044
:205240000C0310000335102650850C187C850C182DE9F04385B0DFF898801420234D254C21
:20526000B8F8521028808807DFF890904FF01C0044BF68803C204A0744BFA88020300A076F
:2052800044BFE8801830CA0644BF28811830890644BF68811830642198F878201438E98171
:2052A00083B2A8812046CDE9001203221249C8476888A9882B88EA882F896E898DE88700E2
:2052C000204606220E490496C84798F87810CC46AA89E88902FB01000A4901221430A88290
:2052E00083B2204605B0BDE8F04360470C031000E400100003351026A4850C18B13B020023
:2053000004860C18C0860C187CB51C480178890600D47CBD816B00238A0042BF184A5382FA
:205320000423490706D516490B8290F8511003EB81010B1D124DA98AEB8231B190F87800CD
:20534000298313FB0010A88200E0298B288A03220C4CCDE900010C490C4E2046B0476B8ADE
:2053600020460B490122B047AB8A204609490122B44602B0BDE87040604700BFE4001000EE
:205380000C03100003351026F0860C18B13B020068870C18B0870C18C089084481B220465C
:2053A000FFF71CBAC28980891144042200FB0410143081B270472B460CF0D3BD80891144BA
:2053C000182200FB051081B2704790F87800A8427047C28980891144042200FB04101030DA
:2053E00081B2704723460CF0BCBD2246B8F81610384401FB060081B270473044009581B203
:205400002046FFF7EBB980891144224600FB061081B2704790F87800A0427047014692F861
:2054200038004007704733460CF09BBDFEB5044616480078D8B1164D1120164E30218DF83F
:205440000B0000222F687068134B00912146B847A8B1342130682D6800220F4B00910DF175
:205460000B01A84750B963880C480E490AE00E4802681AB1019401A9B0209047FEBD638891
:205480000648074901220CF06CFDFEBD9A0010003CBE13002803100001280504003510269C
:2054A000E4870C1814880C181C041000BFB50C4600910546C3B20948022209490CF051FD45
:2054C0000020ADF80E408DF80D004FF480308DF80C50029002A8FFF7A9FFBFBD0235102690
:2054E00044880C187FB500F0D3F807480322074933460CF036FD4FF4003000F0C1F802A89B
:20550000FFF794FF7FBD00BF0235102678880C187FB500F0BDF807480322074933460CF064
:2055200020FD4FF4403000F0ABF802A8FFF77EFF7FBD00BF02351026C4880C18BFB5054654
:205540000C460091022209482B4609490CF009FD0020ADF80E408DF80D004FF480208DF821
:205560000C50029002A8FFF761FFBFBD023510260C890C181CB500F091F8064806490CF0B8
:20558000F0FC4FF4C0208DF8044000906846FFF74DFF1CBD0235102644890C181CB500F0BB
:2055A0007DF8064806490CF0DCFC4FF410208DF8044000906846FFF739FF1CBD0235102617
:2055C00070890C187CB50C46054609480022094900260CF0C6FC4FF4E020ADF80660009059
:2055E00068468DF805408DF80450FFF71FFF7CBD02351026A0890C181CB500F058F80648F4
:2056000006490CF0AEFC4FF400208DF8044000906846FFF70BFF1CBD02351026C0890C1878
:205620007FB500F035F807480322074933460CF098FC4FF4A02000F023F802A8FFF7F6FEAA
:205640007FBD00BF02351026DC890C181CB500F02EF8064806490CF084FC4FF420208DF851
:20566000044000906846FFF7E1FE1CBD02351026208A0C18014AC2E90001704728031000D6
:20568000ADF80E408DF80D508DF80C600290704706460D46CDE90012144670470446002019
:2056A0008DF807000122ADF8050023467047044600208DF807000022ADF8050070470000F8
:2056C000F8B51B4C0E46009105461A49E01C02222B460CF046FC1848017840680A46074636
:2056E00052B13B782BB17B78AB4204BFFB88B34216D01637013AF3E70131163801390CD01F
:2057000000F11607807D00283846F7D10120FE80387000207D70B87007E00949002700E054
:205720000649204600220CF01CFC3846F8BD00BF003510263C8A0C18F0041000688A0C181D
:20574000908A0C1860B110B50446C3880548012205490CF006FC204616210CF007FC10BD7B
:20576000704700BF03351026B48A0C1880B5034609480178406839B1027812B1C2889A42A6
:2057800008D016300139F6E70448012204490CF0E8FB002080BD00BFF004100000351026AE
:2057A000D88A0C1810B50B4601460B480278406852B104782CB1C4889C4204BF84888C426E
:2057C00008D01630013AF3E70448012204490CF0C8FB002010BD00BFF00410000035102600
:2057E0000C8B0C1810B50A4801784268002031B112F8163B013983F001031844F7E7C4B2F6
:2058000004480549012223460CF0ABFB204610BDF004100003351026448B0C181FB5084C00
:20582000246864B1ADF80A10ADF80E308DF808008DF80C2002A8019001A90120A0471FBD1E
:20584000E0061000BCB50346124890F82110994207D200910222164816490CF082FB0020C6
:20586000BCBD0E4A0C4CC18D90F8270090705070162091800BA2618003FB00F1084823709B
:20588000B42305680020A847606000285FEA0F90BCBD00BFE4001000F00410007E00100027
:2058A00024BE13006C655F636F635F696E697400003510265C8B0C1801490860704700BFDD
:2058C000E006100080B5034640F2014083420BD0B3F5806F08BF01290DD10D4910784A783B
:2058E000904208D808700FE0022904D1074910884988884206D90748012207490CF031FB43
:20590000032080BD02498880002080BDF00410007E00100000351026948B0C187CB50446BC
:205920001BA00D462146FBF7FBFC20B3FFF75AFF18B320460021FFF7C3FE00B3184906467E
:205940000120F581B07004EB8400096801EBC0001449008AB0808B788A8809780091294653
:20596000F0F778FE68B1B2782046002100230025FFF754FF09E0042507E00B2505E0082534
:2059800003E03046FFF7DEFE072528467CBD00BF6C655F636F635F63726561746500000012
:2059A000A40210007E00100010B50446FFF7DEFE80B1817802291CBF022010BD032181708E
:2059C00021468088F0F798FE01460720002918BF002010BD032010BD2DE9F84315460F468F
:2059E0000646FFF7C3FE70B104468078022812D12089A84217D22648002228490CF0B1FA10
:205A00000920BDE8F8832248002225490CF0A9FA0320BDE8F8831E4800221E490CF0A1FADB
:205A20000220BDE8F883002FF2D0002DF0D0A089F0B116491448B1F8008029460088424619
:205A4000EFF7B4FEC8B18146404439462A460CF092FAA188484632462B46CDF80080F0F7A7
:205A600073FE68B1A0890138A0810020BDE8F8830748002208490CF074FA0820BDE8F88365
:205A80000720BDE8F88300BF160410001804100000351026E08B0C182C8C0C18048C0C1820
:205AA000BC8B0C1880B5F0F790FE0721002818BF0021084680BD80B5F0F773FE0721002821
:205AC00018BF0021084680BDB0B5054610460C46FFF74CFE18B3817802290ED140F2124158
:205AE0008D420CD040F211418D420CD0B5F5826F0FD1017B2170407B08E00220B0BD017A97
:205B00002170407A02E0017D2170407D60700020B0BD0448012204492B460CF022FA0320C7
:205B2000B0BD00BF00351026508C0C18B0B5044600880021FFF736FE70B1A18851B1457843
:205B4000FFF700FEA388284600210022BDE8B040FFF764BE6188C180B0BD00BFBCB500F011
:205B60003DF920B11548002215490CF0FAF9FFF739FEA0B12088FBF74DFB98B16188C07888
:205B8000FFF79EFDC8B1012101228170002321880025818061884078FFF740FE03E04FF4D8
:205BA000017500E00025074B618820881C789A889B78CDE90045F0F775FDBCBD0035102686
:205BC0007C8C0C187E001000B0B5044681884088FFF7E8FD38B12188457859B1FFF7B2FDB2
:205BE0002388002216E00F4800220F49BDE8B0400CF0B7B96389022283828381084B2189FA
:205C00004182E1889B880182994251EA3381827000230181A1882846BDE8B040FFF7FEBD74
:205C20007E00100000351026B08C0C18B0B500F0D5F810B1A18839B1B0BD094800220949E3
:205C4000BDE8B0400CF08DB94578FFF77BFDA388284661880022BDE8B040FFF7DFBD00BFB8
:205C600000351026EC8C0C18B0B500F0B7F870B14578FFF767FD61882088F0F74AFDA388F7
:205C8000284661880022BDE8B040FFF7C7BD034800220349BDE8B0400CF063B900351026AB
:205CA000288D0C181FB500F099F8C0B110490A687AB1407801A98DF80400D4F80200CDF8D1
:205CC0000600E0880091694620440830039005209047618800222088F0F756FD1FBD0548D5
:205CE0000022054904B0BDE810400CF03AB900BFE006100000351026648D0C181FB500F0A3
:205D00006DF8A0B10E4A81891268013181816AB140788DF80E1002A98DF80800D4F8020041
:205D2000CDF80A000420019101A990471FBD05480022054904B0BDE810400CF012B900BF95
:205D4000E0061000003510269C8D0C18E0B501464088A0F24912122A15D80120DFE802F001
:205D60000B0F1313151913130A131D2113250A13291331008CBD081DFFF7D8FE29E0081D0A
:205D8000FFF7ECFE25E000208CBD081DFFF74EFF1FE0081DFFF768FF1BE0081DFFF7AEFF09
:205DA00017E0081DFFF77EFF13E0081DFFF70CFF0FE00948026862B1081D019001A90320FB
:205DC00006E00548026822B1081D009069460220904701208CBD00BFE006100004464188C4
:205DE0000088FFF7DFBC000080B5F0F7CFFD0721002818BF0021084680BD80B5F0F7D3FDE3
:205E00000721002818BF0021084680BD80B5F0F7D9FD0721002818BF0021084680BD80B5B5
:205E2000F0F7FCFD0721002818BF0021084680BD80B5F0F702FE0721002818BF00210846FD
:205E400080BDF0B585B00C9D4BB1012B19D00324142B17D8022D15D34C2D04D312E0AC1EF9
:205E6000E4B2492C0DD80D9CDDE90A76CDE90076CDE90254F0F7F4FF0724002818BF0024E3
:205E800000E00324204605B0F0BDF0B585B00A9E0C9D4EB1012E18D00324142E16D8022D6C
:205EA00014D34C2D04D311E0AC1EE4B2492C0CD80D9C0B9FCDE90254CDE90067F1F708F89D
:205EC0000724002818BF002400E00324204605B0F0BDF0B585B00A9E0C9D4EB1012E1AD062
:205EE0000324142E18D8022D16D34C2D04D313E0AC1EE4B2492C0ED80B9CDDE90D7CCDE987
:205F0000006402AC84E8A010F1F7F0FB0724002818BF002400E00324204605B0F0BD00BFA4
:205F2000E0B504490A6822B100F09DF801A9702090478CBD1C041000E0B504490A6822B104
:205F400000F091F801A9712090478CBD1C041000E0B504490A681AB1019001A9722090477A
:205F60008CBD00BF1C041000E0B504490A6822B100F079F801A9732090478CBD1C041000D4
:205F8000E0B504490A6822B100F06DF801A9742090478CBD1C041000E0B504490A6822B1D0
:205FA00000F061F801A9752090478CBD1C041000E0B504490A6822B100F055F801A9762065
:205FC00090478CBD1C041000E0B504490A6822B100F049F801A9772090478CBD1C04100088
:205FE00080B5418840F2F13291421FD040F2631291421FD040F2651291421FD0B1F5CA7FC9
:2060000020D0B1F5CB7F21D040F20132914221D040F20332914221D040F2611291421CBF08
:20602000002080BD0430FFF77BFF1AE00430FFF7CBFF16E00430FFF77FFF12E00430FFF7B7
:2060400087FF0EE00430FFF78FFF0AE00430FFF797FF06E00430FFF79FFF02E00430FFF7B0
:20606000A7FF012080BD0088ADF804007047000001490870704700BF98001000E0B5017846
:20608000012906D14FF43021027900914188407902E00020002100228DF805006846ADF8BB
:2060A00006108DF80420FFF7C1F98CBD70B5104D0446A86808B1002070BD0CB10B2C07D378
:2060C00011480122114923460BF04BFF032070BD084809A26323066804EB04108100002059
:2060E000B047A86008B16C70E5E7082070BD00BF3003100024BE13006C655F6578745F61B3
:2061000064765F696E69740000351026D48D0C1880B5034640F23130834208D0B3F54C7F81
:206120000AD1094802790A704079487002E0064800780870002080BD0448012204490BF099
:2061400010FF032080BD00BF3003100000351026008E0C18B0B5124DAC687CB169780023A8
:206160001048994204D0227872B144340133F8E70E49002200240BF0F4FE0DE00620FFF73D
:2061800095FF58B1002407E00121033021700122054963700BF0E5FE2046B0BDAC68DDE7A4
:2061A00030031000003510262C8E0C18548E0C1860B110B5044643780548012205490BF0B9
:2061C000D0FE204644210BF0DBFE10BD704700BF03351026748E0C1880B50A4903468868BA
:2061E00070B1497839B1027812B142789A4208D044300139F6E70448012204490BF0B1FE37
:20620000002080BD30031000003510269C8E0C1880B50A490346886870B1497839B102781E
:2062200012B1428F9A4208D044300139F6E70448012204490BF095FE002080BD30031000A1
:2062400000351026D88E0C1880B5FFF783FF08B1407880BDFF2080BD10B50446FFF7BCFFD2
:2062600008B1C17839B108480122084923460BF078FEFF2010BD408F0028F4D0FAF7CAFF43
:206280000028F0D0C07810BD00351026188F0C181CB504460DF1060140F27B202246FBF794
:2062A0006BF838B109480122094923460BF059FEFF201CBDBDF80600FFF7AAFF0028F1D0D6
:2062C000C1780029EED140781CBD00BF003510265C8F0C182DE9F84F994617460E4605469B
:2062E000FFF77AFF90B3DDF84880044628463146424600F0B9FF0A2818BF002824D1DDE904
:206300000A21DDE9105ADDE90ECBDDE90C30DDF84CE06174149984F81D80E57684F81AB044
:2063200084F819C0A3742274C4E90279E680E17784F81EE084F81CA028B18188A4F817101E
:206340000068C4F813000020BDE8F88F0A20BDE8F88FB0B514460D46FFF73EFF38B1B5F58C
:20636000806F8FBF0320058444620020B0BD0A20B0BD10B50C46FFF72FFF28B1A188818626
:2063800021680163002010BD0A2010BDB0B515460C46FFF721FF20B180F83650048700208A
:2063A000B0BD0A20B0BD00BF2DE9F04186B006460C46CDE9001215461B4803221B49334677
:2063C0000BF0CFFD1A48007860B101208DF815408DF814608DF81000ADF8125004A8FFF7D9
:2063E0004DFE0DE01348026852B102A803908DF80B4066208DF80A60ADF8085003A990479B
:2064000028463146224600F081FF4FF0FF08002700F008FC02F072FC00F004FC05F04CF9D4
:2064200006B0BDE8F08100BF03351026988F0C18980010001C0410002DE9F04786B010B1FC
:206440008146042801D9032005E0DFF8808098F8030018B1012006B0BDE8F08768468A46C3
:20646000871C0D464C4694B12E7800F0D1FB20B38178C907E7D007F8026C0135018F013C2A
:2064800027F8061B90F8360007F8040CEBE701274D4688F8037095B19AF8006000F0B8FB94
:2064A00038B1C17829B9C770304601210022FFF77BFF0AF1010A013DEDE70A20CBE76A46D3
:2064C00001204946F0F7F6FA0020C4E7300310002DE9F04786B08A468146684618210BF02B
:2064E0004FFDB9F1000F02D0B9F1040F01D9032505E0DFF8748098F8030020B1012528465E
:2065000006B0BDE8F0876F4654464D465DB1267800F07EFBF8B18078C007E8D007F8066B22
:206520000134013DF2E7012003274C4688F803009CB19AF8006000F06BFB40B1C1780229C5
:2065400005D1C770304603210022FFF72DFF0AF1010A013CECE70A25D1E76A4600204946F4
:206560000025F0F7A7FACAE730031000B0B514460D46FFF731FE38B1B5F5806F8FBF032050
:206580000585C4620020B0BD0A20B0BD10B50C46FFF722FE40B194B9C188CA0606D40524A0
:2065A000890758BF03240AE00A2010BD4A0701F002014FF0010258BF032242EA41040A49A5
:2065C000CA680AB1012010BDC27832B1022A08BF14F0090F01D0022010BDC8608C7000F0E0
:2065E00005F8002010BD00BF300310002DE9F04F8DB0534E02225449F0684378B0780090F0
:2066000050480BF0AEFCB078C1070FD1410740D481074BD4000740F19080F06841783030B1
:20662000F0F727FAB07800F0F70085E0F56895F81E80A868EA8869782E7C0C906C7FE87F5B
:20664000EB686F7C95F812B095F819C095F81AE095F81B9095F81CA00A9005F11300CDE9E6
:2066600008488DE8C00803AC84E80150084611460C9ACDE9069AF0F73BFA3149887800F0FA
:20668000FE008870C868C1888187417F80F83E1053E0F068428DB2B1018D8B1A9CB2FB2C98
:2066A00088BFFB23C56A00F0B6FA15E0F068428C32B3018C8B1A9CB2FB2C88BFFB23456AEB
:2066C00000F0A9FA25E0038D0322FB2B88BF0122C56A88BFFB23194641854178D8B2CDE92B
:2066E000000501200123F0F741FAF068418D028D8A4222D100214185B07800F0FB001BE0C5
:20670000038C0322FB2B88BF0122456A88BFFB23194641844178D8B2CDE9000500200123BB
:206720000025F0F723FAF068418C028C8A4204D14584B07800F0FD00B0700DB0BDE8F08FFD
:20674000300310000335102654900C1870B50446FFF742FDD0B10546C078A8B90CA0214664
:2067600000F05EFD80B1104E3078FF281CBF012070BD0E48C068A84206D002202146F0F799
:206780008AF90020347070BD022070BD0A2070BD6C655F6578745F6164765F72656D6F763C
:2067A000655F7365740000009E00100030031000F8B5184DA868D8B119A400204FF0FF36DC
:2067C000697801368E4215D2A9680A5C22B10B18DA78571E012F13D900F144070844417859
:2067E000204600F01DFD00283846E9D102240FE003240DE0002000210024F0F74CF907E028
:206800005B78022404480549009202220BF0A9FB2046F8BD3003100000351026D88F0C183C
:206820006C655F6578745F6164765F636C6561725F73657400000000E0B50C49886850B151
:206840004978013039B110F8012C0AB1827822B901394430F6E701208CBD0378044805498D
:20686000009202220BF07DFB00208CBD30031000033510261C900C181CB5094B00249C70B0
:20688000DC60084B1B6853B16C46ADF80000019460208DF803208DF8021001A998471CBDD5
:2068A000300310001C041000018801B17047034A4188007991801070704700BF300310009A
:2068C00010B5134C4288E16832B1104649780122BDE81040FFF7D0BF00780871888FA1F849
:2068E000400048788A7891F83E3042F0010281F842308A7000F0E8FCA07818B1BDE81040DB
:20690000FFF774BEE068002241780020E0E700BF30031000094B04220178002908BF02223C
:206920004088D96810B14978FFF7A6BF887810438870987808B1FFF759BE7AE130031000B2
:20694000084A0088D16818B149780822FFF794BF887840F008008870907808B1FFF746BE3C
:2069600067E100BF300310007FB50446007828B3022841D1254EFF2035783070608880B9C0
:206980002846FFF729FCC0B3FFF712FC284600F015FC284602F010FB002001212A4604F077
:2069A0005BFF1C4802683AB302A803906088ADF8080061208DF80A5003A91CE0608880B9C7
:2069C00013498868497801EB011189000BF0D8FA00F008FC02F006FB01200021FF2204F018
:2069E0003BFF0C4802683AB1684601906088ADF8000001A9622090477FBD3378012206488D
:206A0000064904B0BDE870400BF0ABBA9E001000300310001C0410000035102690900C18EE
:206A20002DE9FE43044600782A4D4FF0000985F80390D8B1687800260027C1B28F4235D26D
:206A4000A9688A5D7AB18B19D97801290BD162881AB10021D970598701E00221D9705878FC
:206A6000FFF7A2FC687844360137E6E74FF00208002700266878864218D2A868C15D91B18B
:206A80003844C17803290ED1628822B180F803800221407805E080F80390002140784FF497
:206AA000A272FFF781FC44370136E3E70A480268207830B162B16088ADF8040001A96320CD
:206AC00005E02AB16088ADF8080002A964209047BDE8FE83300310001C04100010B50446B3
:206AE0008078FFF779FB18B122884AB1002108E0A378012209480A49BDE810400BF031BA00
:206B0000A1884187C17839B10021C17000214078BDE81040FFF748BC10BD00BF0035102650
:206B2000D4900C180B494A78896852B10B782BB1CB78022B02D1CB881B0703D4013A443125
:206B4000F3E7704700224A87CA70028848780021FFF72ABC30031000E0B504490A681AB1CE
:206B6000019001A9652090478CBD00BF1C04100010B5264A01464388906878B1A3F5C17411
:206B80000020082C0FD8DFE804F00523242328232C233000081DFFF7C5FF18E040F2B510F8
:206BA00083420ED013E0B3F5CF7F22D040F2B114A34222D0B3F5D97F23D040F2B514A342B6
:206BC00006D1888818B9C8889080087A1070002010BD081DFFF7B4FE16E0081DFFF770FE62
:206BE00012E0081DFFF796FE0EE0081DFFF718FF0AE0081DFFF7B8FE06E0081DFFF76EFFAB
:206C000002E0081DFFF7A8FF012010BD300310003046FFF7E1BA9918FC2C15445FEA2F925C
:206C2000520070472846314601222346CDE900787047497800200022FFF71EBE014908705E
:206C4000704700BF99001000FEB50D4604460090022219482B4619490BF083F9184E19499E
:206C60003078097865F30510307021B12046F9F7E9FC307819E0144F397885EA11129207F1
:206C800013D0124A126852B101A802908DF806505120ADF8044002A990473978307800F0FD
:206CA000300201F0CF0111443970C0F30111204601F0F4F8FEBD00BF033510261C910C1822
:206CC0000804100099001000090410001C04100010B50346A0F55070052833D8DFE800F050
:206CE000030D151F252B01292CD11078032829D8194901228A7017490FE0012922D11649DB
:206D0000107801228A7013490DE001291AD11078052817D8104901228A70487010E0012984
:206D200010D110780C4908700AE002290AD109491088488004E0022904D1064910888880A8
:206D4000002010BD0548012205490BF00AF9032010BD00BFE00310008400100000351026E9
:206D60004C910C1880B50346A0F55070052806D8DFE800F0030C0E11151A0F4809E0104888
:206D8000012210490BF0EDF8032080BD0A4803E00A48407801E009480078087009E006489F
:206DA00082780A70C07803E0034802790A7040794870002080BD00BFE003100084001000F0
:206DC000003510267C910C1810B5064B00EB40000A68012403EB400089889C7001814260D0
:206DE00010BD00BF8400100010B515480078C0F301132BB11348012213490BF0B2F81CE0BB
:206E00001248817859B14278031D042A08BF00F10A030F4801784078EFF703FF06E00C499D
:206E20008B884A8801780120EFF7ECFE28B1002001210024FFF708FF00E00224204610BD8E
:206E40000804100000351026AC910C1884001000E003100010B50E480078C0F30113022B3C
:206E60000ED10E48838842880D4801780020EFF7C9FE50B1002003210024FFF7E5FE05E046
:206E80000448012204490BF06CF80224204610BD0804100000351026D4910C18E00310007B
:206EA00084001000B0F5D67F09D108780649097809B9C10605D405490988014201D00120A4
:206EC00070470020704700BF9B001000E60610007CB506460D46CDE9001214460748032258
:206EE000074933460BF03DF8064808490470064805803046BDE87C40EFF734BB023510269A
:206F0000FC910C189B001000E6061000A56E04040B4900880978090901F0030120B101299F
:206F200006D0032907D009E0012904D0032905D10021FFF789BE0221FFF786BE704700BF5E
:206F40000804100010B50A49044600208870208848B908480978838842880120EFF752FEF5
:206F600000B110BD20880021BDE81040FFF76CBE84001000E00310001CB50446064802685B
:206F80001AB1019401A950209047E06918B1617E09B1EEF73DFC1CBD1C04100080B5084849
:206FA0000078C0F30113022B04D00648012206490AF0D7FF00200021BDE88040FFF744BE63
:206FC000080410000035102644920C184188B1F5C67F11D0B1F5D87F08BFFFF7DFBFB1F59D
:206FE000D67F06D0B1F5C77F18BF70470430FFF78FBF0430FFF7C0BF0430FFF7A3BF00003F
:20700000F0B585B005460E46CDE9001214460F4803220F492B460AF0A4FF0E48026852B130
:2070200003A804908DF80F606C208DF80E50ADF80C4004A99047012700F045FC01F05EFE93
:2070400000F041FC04F038FB05B0F0BD033510267C920C181C0410001CB511F0330406D0CB
:20706000034600910448022204490AF07AFF002C5FEA1F901CBD00BF01351026BC920C186C
:2070800070B50E4D0446686808B1002070BD64B10B480CA27B230668C4EBC400810000201A
:2070A000B047686040B12C70EFE70A4800220A490AF057FF032070BD082070BD400310009F
:2070C00024BE13006C655F70615F6164765F696E69740000003510260C930C1880B50A4957
:2070E0000346486870B1097839B1027812B142789A4208D01C300139F6E704480122044941
:207100000AF02FFF002080BD400310000035102638930C182DE9F8430746FFF75DF800282C
:207120003ED0064620484168D1B30278A1F11C041E480025AA4221D014F81C1F0135002926
:20714000F8D18146B6F840107078FFF785FFD8B1012096F84210A070A5F10108207070788E
:20716000677001F09BFE20760222607843461149009009F103000AF0F4FE12E00E49002255
:2071800000240AF0EEFE0CE000207378084902222076A070B6F84000009048460AF0E1FEEE
:2071A00000242046BDE8F8834003100000351026A0930C1870930C1808940C1810B5FFF76E
:2071C0008DFF50B1044643780448012204490AF0C8FE20461C210AF0D3FE10BD03351026F8
:2071E00028940C1880B50549486828B10978C1EBC10189000AF0C4FE80BD00BF4003100020
:2072000080B5FFF76BFF08B1807980BDFF2080BD80B5FFF763FF08B1407980BDFF2080BDF6
:20722000FEB5074608460D46FFF7F2FF012490B10646FF280FD0094800213A46002403688D
:207240004FF0195098470346054806490322CDE900560AF086FE2046FEBD00BF84AE1300EE
:20726000003510264C940C182DE9FF4190460E460446FFF733FF07462046FEF7ADFF05460E
:207280000A20CFB1C5B1787940B120463146FFF7E3FE95F8421018B1414501D100200BE02D
:2072A00078790522CDE900062346CDE90218044804490AF056FE032004B0BDE8F08100BF2E
:2072C00000351026A0940C1870B50646FFF706FF04463046FEF780FFA4B1054690B1B5F8BD
:2072E00040103046FFF7B8FE48B16878012695F84210A67001F0D2FD28B1267670BD0020A5
:207300002076A07070BD0020207670BD7CB50E460446CDE900201546144803221449334660
:207320000AF01FFE3046FFF7D9FEF0B14279022D04D0D5B9032A18D1012108E0012A05D0E6
:20734000052A0DD0022A10D1042100E00321827122464171407802B0BDE87040FFF750BE1B
:207360008179022904BF042181717CBD0335102660950C18BCB5264C02222749A068437814
:207380006078009023480AF0ECFD6078C1070AD180073CD5A068817B81B1018A002341827D
:2073A0000421002224E0A0688389428901894078EFF75CFC607800F0FE0027E0418A71B169
:2073C000028A521A95B2FC2D88BFFC22531843824369FD2D0B445FEA2F91490008E0028AC5
:2073E0000321FC2A88BFFC22428288BF012143694078D2B2EFF74AFCA068418A028A8A4272
:2074000005D100214182607800F0FD006070BCBD4003100003351026B0950C182DE9F04133
:2074200086B00C460646FFF759FE05463046FEF7D3FE01460A200DB301B3DFF8B080C87878
:2074400069782E79AA786F798DE856000722284ED8F808302749CDE9040730460AF081FD09
:20746000288AFC216B780322CDE90010304622490AF077FDD8F8080018B1012006B0BDE803
:20748000F081A97803200029F8D0002CF6D014F0020104D0E00702D12879C00719D06A798B
:2074A0000220042AEAD80123934013F0150FE5D0A87B20B1022A18BF042A04D00BE0042AD5
:2074C00018BF022A09D1E00705D131B1288AFC2803D90320D2E70220D0E7C8F8085088F831
:2074E0000140FFF747FF0020C8E700BF4003100003351026E4950C18AC960C18F8B51E46AC
:2075000015460C460746FFF7E9FD18B93846FFF701FE40B1817821B1868145810481002023
:20752000F8BD0320F8BD0A20F8BDF8B51C4615460E46FFF7D3FD07464FF48060ADF8020044
:207540006FB1B87848B10DF102014FF44C70FEF7DFFDBDF80200B04203D20320F8BD0A2091
:20756000F8BD00203E827D61BC73F8BD2DE9F843DFF8A490054699F8020018B10124204626
:20758000BDE8F88328468846FFF7A8FD06462846FEF722FE07461EB92846FFF7BBFD064699
:2075A0000A24002EEBD0002FE9D0B878C0071CBFB078002801D10324E1E77479042C18BFF5
:2075C000022C1AD15FEAC87008BF052440462946EFF794FB78B101207179F070002289F880
:2075E00002007078B171E1B27471002486F80780FFF706FDC3E70724C1E75CB95FEAC870D2
:20760000D9D0F87804282FBF0024C000034921FA00F4DBE70224B2E740031000010103031C
:20762000F0B587B000F04AF906462046FEF7D4FD9EB190B1327E31790AB1CB0718D1C0782B
:207640007579B378CDE900400324CDE904120722CDE9023509480B4904E0084802220849C4
:207660000094032403230AF07CFC204607B0F0BDC0780024387070792870F6E70035102620
:20768000C8970C1814970C1810B50C46FFF726FD00B1447610BD00BFF0B587B000F00EF99E
:2076A00006462046FEF798FDAEB1A0B1B27831791AB1CB0701D0737EC3B1C0787379757E20
:2076C000CDE900400324CDE902230722CDE904150B480D4904E00A4802220A4900940324A9
:2076E00003230AF03EFC204607B0F0BDC07801213870707928702046FFF7C6FF0024F2E7C5
:2077000000351026A8980C1814980C181CB5094B00245C709C60084B1B6853B16C46ADF888
:20772000000001946A208DF803208DF8021001A998471CBD400310001C041000B0B5104D44
:207740000446A86860B14078FFF7C8FC40B122883AB1417810460122BDE8B040FFF7D6BF74
:20776000B0BD017941F001010171697819B1BDE8B040FFF7FFBD417800200022ECE700BFFE
:2077800040031000B0B5104D0446A86860B14078FFF7A4FC40B122883AB141781046022262
:2077A000BDE8B040FFF7B2BFB0BD017941F002010171697819B1BDE8B040FFF7DBBD4178B9
:2077C00000200022ECE700BF40031000BCB52A4900884B680A78DD1D42B115F8073C13B1E0
:2077E00015F8043C2BB9013A1C35F5E700208870BCBD00228A7015F8022C68B10021012AA3
:2078000008D0032A044617D0052A1146044615D115F8011C04460FE00024012A07D0052AC4
:2078200007D0032A114609D10024042104E0022102E04FF4A274002105F8021C05F8012C22
:2078400000230E4A05F8043C12687AB1ADF800006B4615F8060C29788DF802006B2001930F
:207860008DF8031001A9904715F8021C15F8060C2246FFF7C5FBBCBD400310001C0410008B
:2078800080B50D494968A1B14188B1F5D27F09D0B1F5D17F0AD0B1F5D07F0AD10430FFF7F7
:2078A0004DFF06E00430FFF791FF02E00430FFF769FF012080BD00BF4003100015460F4648
:2078C0000446FFF70BBC204629460022FF23CDE900767047044900F001004A7802F0FE02B3
:2078E00010444870704700BF4C031000BFB50F4D04466878AB7880EA0301490715D0CDE931
:20790000000403220A480B490AF02BFB0A4802684AB102A8039068788DF808005620ADF8FC
:207920000A4003A990476878A870BFBD4C03100003351026E0980C181C0410002DE9F04126
:2079400088B00746DDF838800D468DE80E011E4610481446104905223B460AF002FB0F48D9
:20796000026872B105A807908DF8196057208DF81840ADF816508DF81470ADF81A8007A9E1
:207980009047384629462246434604F08FFB08B0BDE8F0810335102628990C181C04100063
:2079A0002DE9FE4F82463048904689460021524603682E4898472E4E03462E490322F01C99
:2079C000CDE900980AF0CDFA2B4D6C68F4B1B3462E78274635468DB1387860B107F10C001D
:2079E000514606220AF0D1FA28B9F87A484504BFB87A404530D0013D2637ECE700205EB10C
:207A0000217881B1013E26340130F8E7042000F039F8F8B100271AE019495846002200279A
:207A20000AF09FFA13E0BAF8041027462182DAF80010A070FF20E1604FF6FF7184F8240043
:207A4000012084F80B9084F80A80218120803846BDE8FE8F6C68BAE7BB785846074901223D
:207A60000AF07FFAF3E700BF84AE1300000030260035102698990C184C031000D8990C18AB
:207A8000049A0C187CB5154D0446686808B100207CBDB4B1052C15D2262012A204FB00F1FE
:207AA0000F4840F2BF1306680020B047686098B1104801221049234603302C700AF051FA84
:207AC000E5E7002404200D4900900222094823460AF047FA03207CBD08207CBD4C03100077
:207AE00024BE13006C655F70615F73796E635F696E697400003510260C9C0C18BC9B0C18AF
:207B000060B110B5044683780548012205490AF028FA204626210AF029FA10BD704700BF63
:207B200003351026249A0C1880B5034609480178406839B1027812B182789A4208D02630DA
:207B40000139F6E70448012204490AF00AFA002080BD00BF4C03100000351026409A0C1870
:207B600080B5034609480178406839B1027812B102899A4208D026300139F6E704480122D3
:207B800004490AF0EEF9002080BD00BF4C03100000351026749A0C182DE9FC47002845D009
:207BA00090468946A9F1020202294FF0FF31D3B2064638BF09F10201022B4FF0FF3059EA45
:207BC0003181B9F1020F59EA3080022B52EA3080194AC5B25FFA81FA1478526802F10C0732
:207BE000A4B117F80C0C70B13846314606220AF0CCF940B917F8010CA84212BF504517F898
:207C0000020C404514D02637013CE9E70B4800213246002703680A489847034609480A49E7
:207C20000322CDE900980AF09CF902E0002700E00C3F3846BDE8FC874C03100084AE1300C4
:207C40000000302600351026B49A0C18B0B50B4C00F026FCA24207D2057815B1C5789D4207
:207C600009D026300132F5E70548012205490AF078F90020B0BD0A70B0BD00BF4C0310000B
:207C800000351026149B0C1870B50B4E044600253078716820B111F8262B01381544F9E79B
:207CA0000648EBB2064901220AF05BF93078002C08BF451BE8B270BD4C031000033510268A
:207CC000689B0C180120FFF7DFBF0020FFF7DCBFFEB5054608460C46FFF726FF20B14778CE
:207CE000042F02D1012610E0FF27094800212A46002603684FF01950984703460548064962
:207D00000322CDE900470AF02CF93046FEBD00BF84AE130000351026849B0C1870B50546CF
:207D200040F0020040F2A2260C46B0420CD10020B54212D040F2A1218D4212D0B5F5287F07
:207D400017D11148C0780AE01046FFF7EDFEC0B141780429ECD0022070BD0B48407820708C
:207D600005E000F10801204616220AF004F9002070BD0648012206492B460AF0F2F803200A
:207D800070BD042070BD00BF4C031000003510264C9C0C1810B50C4611462246EEF7BEFF58
:207DA0000721002818BF0021084610BDF0B585B00546FFF7B9FE00B3254E044640782279CB
:207DC0007178238901F00107CDE90075214D0493C1F340032049CDE90220E81C06220AF087
:207DE000C0F8207958B16078013802280DD8EEF7DFFF18B30522627019E0032425E0707875
:207E0000C00704BF6078042801D0022417E02089EEF7A2FF90B1707840F00100707001205C
:207E2000E070052060700020FFF760FD627821890023A078002400F047FB06E00724074914
:207E40002846012223460AF08CF8204605B0F0BD4C03100000351026789C0C18409D0C18DF
:207E6000B0B50B4C00F01CFBA24207D2057815B105799D4209D026300132F5E70548012234
:207E800005490AF06EF80020B0BD0A70B0BD00BF4C03100000351026709D0C18BCB504464B
:207EA0000F484078800712D50D4600200DF1070100F0FEFA58B141784A1E012A03D8022D85
:207EC00001D1032205E0032908BF002D00D0BCBD0222427000230189807800F0F5FABCBD8A
:207EE0004C0310002DE9FF47DFF8D4A007468946FF228078F97889F800209AF801209207E9
:207F000016D43A7807F1040812F0010245464FF0000218BF0AF1080551EA028650EA02848E
:207F2000284631462246FFF737FE60B1012400E0022425480122254923460AF012F82046BC
:207F400004B0BDE8F087284631462246FFF728FD78B305463878BE89B978FA787B787C89E1
:207F600068716C82AE82AB7502934346CDE90046EEF7FFFEF8B19AF8010040F002008AF8FE
:207F80000100012028710F48007880064FF0030058BF01206870A878002489F8000000209A
:207FA000FFF7A4FC298900236A78A87800F08CFAC5E70824BDE72846FFF7A2FD0724B8E795
:207FC0004C0310000804100000351026BC9D0C187CB5044600200DF1070100F069FA70B129
:207FE0002188B1B105898678FFF78AFD104800F064FA2088294600903046002213E00C4841
:20800000417801F0FD0141702088BDE87C40FFF76DBC4178012909D10221002241700189A2
:208020008078009202220023FFF788FC7CBD00BF4C031000FEB504460088F0B100200DF15A
:208040000B018DF80B000120FFF70AFF05460B4800F033FA8DB1687805280ED100202E89A8
:2080600028712846AF78FFF74BFD208831460090384600220023FFF761FCFEBD4C031000B5
:208080007CB5044600200DF1070100F011FA224E0546707800F0FD0070702088FFF726FC14
:2080A000208830B1F5B12846AE78FFF729FD208819E005B30420002268702A71D4F80600FD
:2080C000E860608928822A77A0886881207B6188237CE875E089688329812B76A878009242
:2080E000042204E0FF2661880090304600220023FFF724FC7CBD6088EEF72EFE0028F9D0E4
:20810000707840F0010070702088FFF7EFFB032061880090FF20E9E74C031000E0B5044912
:208120000A681AB1019001A9542090478CBD00BF1C04100010B586B004460088FFF710FD74
:20814000B0B10F490A689AB180788DF804002088ADF80600A0788DF80800D4F80300CDF89C
:208160000900A068049001A8059005A955209047A06818B1A17909B1EDF74AFB06B010BDD1
:208180001C0410007CB50C46FFF7EAFC48B105898678FFF7B5FC304629460022002300F00A
:2081A00093F97CBDBCB5054600200DF107018DF807000120FFF74AFD04461048417801F0E2
:2081C000FE0141702888FFF791FB7CB1607805280CD12A880020E0704AB1042021896070F3
:2081E0000023A07800920422FFF7A8FBBCBD20894FF48B71BDE8BC40FFF7C4BF4C03100019
:2082000000884FF48471FFF7BDBF00BF018801B1704702494079C870704700BF4C0310006A
:2082200080B54188A1F5D3720F2A0DD8DFE802F0083C1B3C1F3C3C23272B3C3C3C3C3C2F8C
:208240000430FFF7C5FE2FE0B1F5CC7F25D040F23132914225D040F26232914224D104301D
:2082600000F05EF820E00430FFF7E4FE1CE00430FFF798FF18E00430FFF702FF14E00430A4
:20828000FFF758FF10E00430FFF7BAFF0CE0818851B90649407AC87006E00430FFF73EFF31
:2082A00002E0043000F004F8012080BD4C031000BFB50DF10F010446002501208DF80F5009
:2082C00000F062F80146FF208DF806004FF6FF728DF800002088ADF80220ADF8040049B116
:2082E0008A78CB798D7109898DF80020ADF802108DF8063008490A682AB16846029002A908
:2083000058209047208805494A7802F0FB024A70FFF7ECFABFBD00BF1C0410004C03100007
:2083200010B588B004460088FFF71AFC40B315490A682AB380788DF800002088ADF80200F6
:20834000D4F802000190A0798DF80800B4F80700ADF809006089ADF80C00E0680490208A97
:20836000ADF81400A07C8DF81600E07C8DF8170068460790207D8DF8180007A95D20904712
:2083800008B010BD1C041000B0B50B4C00F088F8A24207D2057815B185799D4209D02630F0
:2083A0000132F5E705480122054909F0DAFD0020B0BD0A70B0BD00BF4C0310000035102623
:2083C000E89D0C18F8B50D460446FFF7ADFBD0B1134F06467878400713D47078042810D1CA
:2083E00030892946EEF7EFFCB8B10120F571B0710025787840F0040078700020FFF776FABD
:2084000009E0022500E00A250648022206492B46009409F0A6FD2846F8BD0725F4E700BFF2
:208420004C031000003510263C9E0C1810B50C46FFF796FB08B180F8254010BDBFB50D46AC
:208440000446FFF78DFB40B1417890F8252004290AD1B2B10325012207E00E4803250F496A
:2084600002220323009407E00225CDE900412B46029204220748084909F073FD284604B0C3
:20848000B0BD8078012128702046FFF7CFFF0025F4E700BF00351026889E0C18DC9E0C1881
:2084A00003460A7826256068247812FB050070478DF807000120FFF7D3BC417801F0FD019F
:2084C00041702088FFF712BA0094FFF737BA0000FEB50F4605460DF10A0100F084F80646F2
:2084E00080B92046FEF794FE042808D1BDF80A0039462246EEF776FC18B1002607E0022656
:2085000000E0072603480322034900F072F83046FEBD00BF00351026189F0C18BCB5084C3D
:20852000216861B101886D464088ADF80010A91CF8F7CEFE22686E20019501A99047BCBDBF
:208540001C041000F0B589B00F4605460DF1220100F049F8064690B903A940F2A12022467F
:20856000FFF7DCFB064650B9BDF80C203946BDF82200EEF744FC08B1002605E00726044840
:208580000322044900F035F8304609B0F0BD00BF00351026789F0C18BFB5084C216861B1A8
:2085A0000188ADF80410408801ADA91CF8F790FE22685920039503A99047BFBD1C041000F7
:2085C00080B5418840F24332914207D040F24132914206D10430FFF7A1FF02E00430FFF727
:2085E000DBFF012080BD144640F27B202A46F8F7C3BE3346CDE9005409F0B3BC10B5047810
:208600008288418843782046EEF706FC0721002818BF0021084610BD7CB504460E460DF14F
:20862000060140F27B202246F8F7A6FE054660B9B38872883178BDF8060075780095EEF707
:20864000FAFB08B1002507E007250448022204492B46009409F085FC28467CBD00351026E6
:20866000D09F0C18E0B506490A683AB169460088ADF800005A20019101A990478CBD00BFB5
:208680001C041000BCB5084C216861B101886D464088ADF80010A91CF8F71AFE22685B20C0
:2086A000019501A99047BCBD1C0410002DE9F04188B00DF104080546048808F102014088D6
:2086C000F8F706FE4FF6FF702F46ADF80800FF208DF80700A888ADF80A0057F80A0FCDF81A
:2086E0000E00E889ADF81200287C8DF81400688A2A7A697AADF8160028882B7D8DF80D10D9
:208700008DF80C208DF8183010B10025002625E03846FFF741FA28B92A7A3846697AFFF73F
:208720003FF9A8B304264670B98801823968C1602989418101210177E98801812A7C2B7DF1
:20874000C2756A8A42830376AA8802846A88002542848078ADF808108DF807001248026816
:2087600032B1CDF81C805C20ADF8044007A99047BDF8081032469DF8070001230094FFF73A
:20878000DDF815B12046FFF7B1F808B0BDE8F081E888EEF7E1FA0028B7D001200125FFF74F
:2087A00099F800260324D9E71C04100080B54188B1F5527F0BD040F2473291420BD040F210
:2087C000453291420AD10430FFF74CFF06E00430FFF76CFF02E00430FFF754FF012080BDC7
:2087E00001490860704700BFD006100080B5EEF7A7FB0721002818BF0021084680BD00BF1D
:20880000E0B5054A0179117004490A681AB1019001A9012090478CBDA0001000D0061000DD
:2088200080B5418840F20532914204BF0430FFF7E7FF012080BD0000F8B5022B05D30746CE
:208840000D481C460078984201D20320F8BD0BA00E4639461546F8F763FD50B1104A00F0F1
:2088600074F9EEF715FC01460720002918BF0020F8BD0420F8BD00BFA00010006C655F6179
:208880006F785F7365745F636F6E6E5F6374655F726563656976655F706172616D73000079
:2088A000A4021000F8B5022A05D30746104815460078904201D20320F8BD0EA00E463946DB
:2088C0001C46F8F72DFD88B1134907EB87002A462346096801EBC0003146008AEEF716FC21
:2088E00001460720002918BF0020F8BD0420F8BDA00010006C655F616F785F7365745F63C7
:208900006F6E6E5F6374655F7472616E736D69745F706172616D7300A4021000F8B507460D
:20892000981EC0B2122812D80BA00E4639461C461546F8F7F5FC60B10F4A00F006F9EEF792
:2089400023FC01460720002918BF0020F8BD0320F8BD0420F8BD00BF6C655F616F785F630B
:208960006F6E6E5F6374655F726571756573745F656E61626C650000A4021000B0B505467D
:208980000BA00C462946F8F7CBFC78B1104905EB8500096801EBC0002146008AEEF708FCC7
:2089A00001460720002918BF0020B0BD0420B0BD6C655F616F785F636F6E6E5F6374655FAC
:2089C000726573706F6E73655F656E61626C6500A4021000BCB5084D00F0C6F80AD000F06E
:2089E000C0F838B100F0AAF868462A68019001A921209047BCBD00BFD0061000BCB5084DCD
:208A000000F0B2F80AD000F0ACF838B100F096F868462A68019001A922209047BCBD00BF1B
:208A2000D0061000BCB5084D00F09EF80AD000F098F838B100F082F868462A68019001A9DC
:208A400024209047BCBD00BFD0061000BCB5084D00F08AF80AD000F084F838B100F06EF820
:208A600068462A68019001A923209047BCBD00BFD0061000B0B586B0124D00F075F818D004
:208A80002088F8F7C7FBD0B1C0788DF800006088ADF80100D4E90101CDE90101207B8DF81A
:208AA0000C002069049068462A68059005A925209047206918B1217B09B1ECF7A9FE06B006
:208AC000B0BD00BFD0061000BCB5084D00F04CF80AD000F046F838B100F030F868462A6841
:208AE000019001A926209047BCBD00BFD006100080B54188A1F2073108291DD8DFE801F059
:208B0000051C091C0D1C111519000430FFF762FF12E00430FFF772FF0EE00430FFF796FFE2
:208B20000AE00430FFF77EFF06E00430FFF7A2FF02E00430FFF7C8FF012080BDC0788DF805
:208B400002002088ADF80000704707EB870006992346126802EBC0002A46008A0091314665
:208B600070476088F8F756BB04462868002870472DE9FC411E46154688460446FEF7D4FFAB
:208B80000899022904D3074614480078884201D2032520E087B17878042810D1099A3346FB
:208BA0003889CDE9001241462A46EEF72BFA40B187F8248000250EE0FF200A2503E00225AC
:208BC00001E004200725CDE90040032204482B46044909F0C6F92846BDE8FC81A000100047
:208BE0000035102628A00C181FB504464088FEF7B7FF30B12288817832B1FF2280F8242049
:208C000004E0FF21FF2201E090F82420084803686BB101A8039020688DF804108DF80A209F
:208C20004FEA3040CDF8060003A9502098471FBDD0061000B0B586B0144D04462868E8B194
:208C40002088FEF78DFFF8B180788DF800002088ADF80200A0788DF80400D4E90101CDF851
:208C60000600207B8DF80E002069049068462A6805905120CDF80A1005A99047206918B1A7
:208C8000217B09B1ECF7C4FD06B0B0BDD006100080B5418840F21632914207D040F2153236
:208CA000914206D10430FFF79FFF02E00430FFF7C1FF012080BD00007FB505460E46CDE98F
:208CC000001214460A4803220A492B4609F049F90948026852B102A803908DF80B60412066
:208CE0008DF80A50ADF8084003A990477FBD00BF033510268CA00C18D00610002DE9F84335
:208D0000804608461F4614460E4600F0ABF8002800F07C800546DDE9082095F804906CB10E
:208D2000022F0ED057B9B9F1090F19D0B9F1040F1BD0B9F1030F01D101211DE00024494661
:208D400028E0A9F101030024082BF8D84946DFE803F0050E212110122121160003210BE01F
:208D60006979042914D1022111E0022104E0042102E0072100E00821297101240AE0697921
:208D8000062903D0022903D1042100E00821697100240921002A38D0042818BF02280CD140
:208DA000A9F10100082830D8DFE800F0052022242F2F2F2F2600052132E030BB3046FDF74F
:208DC0000BFA18B3C078B9F1070F21D0B9F1060F0AD0B9F1050F22D02979082929D1811E25
:208DE00002292FD3012831D8022119E0062117E0072115E0082113E06879042803D0022897
:208E000003D1062000E00820687154B9BDE8F883022804D30238022816D2032100E00121D7
:208E2000297185F8059042466878BDE8F843FFF743BFB9F1090FE8D16A79082A08D0062AAE
:208E40000BD0E2E70421EBE72979EAE70821E8E7821E022A03D30128D7D80220D4E7042091
:208E6000D2E700BF80B50A490346486870B1097839B1027812B142789A4208D00B3001394D
:208E8000F6E704480122044909F06BF8002080BD5C0310000035102684A10C181CB54C1E22
:208EA000022C06D30346009104480222044909F058F8022C5FEA2F901CBD00BF0135102691
:208EC000E0A00C1870B50F4D0446686808B1002070BD6CB10B200DA204FB00F10A484FF4D1
:208EE000A47306680020B047686040B12C70EEE70F4800220F4909F034F8032070BD08203E
:208F000070BD00BF5C03100024BE13006C655F616F785F636F6E6E6C6573735F7472616EB1
:208F2000736D69747465725F696E6974000000000035102648A10C187CB50546FEF7CEF867
:208F4000E0B1014617484268C2B10378A2F10B0415480022934213D014F80B6F0132002E82
:208F6000F8D10B7E93B10021531E21710121217003300E490222657000950EE000240EE06C
:208F80000C490022002408F0ECFF08E04B78002489780322CDE90014054908F0E2FF204607
:208FA0007CBD00BF5C03100000351026D0A10C1814A20C18B0A20C1810B5FFF753FF58B1E4
:208FC0000446437805480122054908F0CAFF0020C4F807006060206010BD00BF03351026F0
:208FE000E0A20C1880B50449486820B109780B22514308F0BBFF80BD5C0310002DE9F04FD3
:2090000085B0DFF8C4A00446DAF8000008B101252FE02046994616460F46FEF75FF838B3A9
:20902000DFF8A8B005460E9B0222007E9BF80010CDE9000323462648CDE9022105222549CA
:20904000033008F08EFF287E80B12046FFF70AFF804620B92046FFF76FFF8046C8B10E99CD
:20906000022924BF9BF80000884206D2032500E00A25284605B0BDE8F08F98F8040050B19A
:2090800000900222144923461148022508F069FFEFE70825EDE70F98324688F80A104B4655
:2090A00088F8099088F8086088F80770CDE9001020463946EDF750FF18B10025CAF80080AA
:2090C000D7E70725D5E700BF30081000A00010000035102618A30C18E0A30C182DE9F041FB
:2090E00086B0414E0546707808B1012750E00C460DF117010DF116022846FEF791FA0746AE
:20910000002845D12846FFF7ADFED8B38046C07898F80410CDE903149DF817209DF8163061
:209120008DE80D0006222B463048314908F019FF98F80300C0072AD098F8040002270828D1
:2091400026D80121814011F4AA7F1DD0E0071ED1092728462146EDF745FFE8B1012098F8C6
:20916000041088F802000022707098F8010088F80510F9B288F80470002788F80640FFF7AF
:209180009BFD05E00A2703E010B9E00706D10327384606B0BDE8F0810727F9E79DF816701A
:2091A000052F0ED8DFE807F004030F111315D0E79DF81700042804D20E49C00021FA00F7FA
:2091C000C7E70027C5E70527C3E70327C1E70727BFE72846FEF714F80027042808BF0727DB
:2091E000022808BF0527B4E75C0310000335102654A40C1801010303BCB5104D044628680E
:2092000068B14078FFF72EFE0021296038B1228841782AB9C27842F00102C27000E0FF21E1
:20922000074802684AB168468DF8021001902088ADF8000001A940209047BCBD30081000B5
:20924000D006100010B52149028848680B78053043B110F8054C14B110F8034C2CB9013B7D
:209260000B30F5E70020487010BD00234B7010F8013C52B1092B13D80121994011F0AA0F38
:2092800019D0002100F8011C0BE0591ECAB2092A05D240F2551424FA02F2D2070FD100223F
:2092A00019460024037000F8034C10F8040CBDE81040FFF701BD092BF2D10178E2E7044A29
:2092C00049B204A432F81120615CDBE75C0310000C20050402020402060208020000000051
:2092E00080B50A49496879B1418840F21332914207D040F21132914206D10430FFF77CFF5D
:2093000002E00430FFF79EFF012080BD5C031000F8B50D4E0546706830B10C4800220C4900
:20932000002408F01EFE0DE04C200BA205FB00F108481B23002407680020B847706008B135
:20934000012435702046F8BD640310000035102600A50C1824BE13006C655F69736F636842
:209360005F6D67725F696E697400000010B5054C606820B1044909688847002060600020F9
:20938000207010BD6403100014BE1300F8B51B4E0D46009104461A49F01C0222234608F0DC
:2093A000E0FD1848017840680A4607463AB13B7813B13B89A34212D04C37013AF6E70131F8
:2093C0004C38013912D000F14C0790F84C0000283846F6D101203C813880BD700CE00A4966
:2093E00030460122234608F0BCFD05E0074930460022002708F0B5FD3846F8BD003510267E
:2094000034A50C186403100060A50C1894A50C1860B110B50446038905480122054908F0F0
:20942000A0FD20464C2108F0ABFD10BD704700BF03351026B4A50C1810B503460948027815
:2094400040683AB1047814B104899C4209D04C30013AF6E721B904480122044908F081FD54
:20946000002010BD6403100000351026D4A50C18FEB5034611480A784C254468164612FB23
:20948000054405780E48AE4207D2277817B1E7889F4209D04C340136F5E70A4900920222BB
:2094A00008F05FFD002407E00E70033006490322CDE9006608F055FD2046FEBD640310002A
:2094C0000035102678A60C1808A60C182DE9F04F87B08046084691460D4602F043FA0746C7
:2094E00028460121FFF7A8FF88B1467890F80AA0022E14D18178012916D019BB848F0020F1
:209500004FF0010B4C4538BF092002261FE002204FF0FF0A4FF0000B0024FF2617E0022012
:2095200000244FF0010B12E090F82E10002451B1C18F4FF0010B494538BF09242046022603
:209540000C4604E0002402264FF0010B00205FB1396997F808A00E798C8B082E04D100206C
:209560004C4538BF092008265FEACA71014608BF0221002851EA0087A7B10C480021424618
:2095800003684FF0195098470346094809490822CDE90075CDE902B6CDE904A4CDF818905F
:2095A00008F0DFFC384607B0BDE8F08F84AE130000351026D8A60C18F8B50E46044602F0F0
:2095C000FFFD074620460121FFF736FF57EA00015FEA1F918D0007B930B107F11402002FE9
:2095E00008BF00F14002326031B1EF48022203492B46009408F0B5FC2846F8BD68A70C1852
:2096000010B50C4601F0EDFD30B1C0882146F7F75FFE08B1012010BD002010BD10B50C46D2
:2096200001F0DFFD18B1C17802792270617000285FEA0F9010BDB0B50C4600210025FFF7AD
:20964000FBFEB8B3D0F80B10C4F80310418C6183427890ED041F227090F8202084ED021FFD
:20966000227690F82120627690F82420227790F82520627790F826208178A277028D01290D
:209680002284428D837A6284828D6170A37084F82650A28403D069B990F82E1003E090F841
:2096A0002E1039B1012184F826102834D0E90C12C36B0EC400285FEA0F90B0BDFEB50C46F9
:2096C00000211E4617460546FFF7B6FE78B1817801290ED1417802290DD1DDE90821C0E92E
:2096E0000C760026C187828780F82E400CE00A2602E0032600E00226044803220449334625
:20970000CDE9005408F02DFC3046FEBD00351026ACA70C1801460748427880683AB103796C
:2097200013B143798B4203D0013A4030F6E70020704700BF840610002DE9F04F87B00D4672
:209740000021984691460446FFF776FE50B18778064677B1012F11D1707802281AD14FF0BD
:20976000010A0DE0474801224B4901F041FD0A2519E0707840F0020102290BD14FF0000AE9
:20978000307B98B13F4801253F490222009501F02FFD08E0CDE9007003223A4823463D4926
:2097A00008F0DFFB0225284601F057BD3DB1012D08D1B07A81072AD44FF0010B04E0B07A3F
:2097C000C10724D14FF0000B47B300210020BAF1000F0AD01DB996F82420002A42D0BBF123
:2097E000000F02D096F82320E2B3DDE9102143461298CDE900212946029020464A46EDF746
:20980000F5FCB0B1F572012000253073CBE7CDE9005003251B4803221C49B8E77078022828
:209820000CD040B93079FFF775FF20B1C18B808B08E00725B7E70020002109E096F824107A
:2098400096F8230000295FEA0F9100285FEA0F9015B908B9002005E08BF001020A43012AAB
:20986000B5D0002196F8232096F82430CDE9007502AD0FC5072223460248054908F071FB53
:20988000032590E700351026B4A80C1808A90C188CA90C1858A80C180CA80C187CB50D4690
:2098A00001F0A2FC40B10646807B60B11748012517490222009522E014480122164901F061
:2098C00097FC0A251DE09DB1E80702D0B07AC1070FD0A80702D5B07A81070AD520462946FD
:2098E000EDF7C8FC78B1757301200025B07308E0B07ACDE90050032504480322054901F056
:2099000077FC28467CBD0725FBE700BF00351026A8AA0C1800AB0C1858AA0C18BCB501F028
:2099200063FC50B1407802280ED12046EDF7B1FC0725002818BF00250DE00848012209490D
:2099400001F056FC0A2506E00090022203482346034901F050FC2846BCBD00BF00351026AD
:20996000D4AB0C1884AB0C18BCB501F03DFC50B1407802280ED12046EDF798FC0725002862
:2099800018BF00250DE008480122094901F030FC0A2506E00090022203482346034901F042
:2099A0002AFC2846BCBD00BF003510267CAC0C1828AC0C18BCB501F017FC50B140780228D4
:2099C0000ED12046EDF77FFC0725002818BF00250DE008480122094901F00AFC0A2506E0D5
:2099E0000090022203482346034901F004FC2846BCBD00BF0035102620AD0C18D4AC0C181C
:209A0000BCB50D4601F0F0FB58B1407802280FD120462946EDF764FC0725002818BF002572
:209A20000DE008480122094901F0E2FB0A2506E00090022203482346034901F0DCFB2846A7
:209A4000BCBD00BF00351026BCAD0C1870AD0C18BCB50D4601F0C8FB58B1407802280FD152
:209A600020462946EDF74BFC0725002818BF00250DE008480122094901F0BAFB0A2506E029
:209A80000090022203482346034901F0B4FB2846BCBD00BF0035102658AE0C180CAE0C1859
:209AA000BCB501F0A1FB50B1407802280ED12046EDF734FC0725002818BF00250DE00848DF
:209AC0000122094901F094FB0A2506E00090022203482346034901F08EFB2846BCBD00BFA8
:209AE00000351026F4AE0C18A8AE0C187CB50E4601F07AFB90B105468078012810D090B9FA
:209B000069784A1E022A0ED3CDE9000103220F4823460F4908F025FA02207CBD0A207CBD26
:209B200069780229F0D120463146EDF704FC30B16878012805D0022805D1032002E00720AC
:209B40007CBD0420687000207CBD00BF0035102644AF0C1801460748027840683AB1037818
:209B600013B143788B4203D05430013AF6E70020704700BF8406100010B50C46FFF7CAFD26
:209B800028B1806818B100892080012010BD002010BD00BF2DE9FC41DFF86080034691F89C
:209BA00000C0D8F8080098F801704FEA8C1500EB8C106246861D1248BA4209D216F8024CD3
:209BC00014B134889C420CD0403640350132F3E70C490222CDF800C008F0C3F90020BDE8DB
:209BE000FC810A7003300849CDE90022032208F0B8F9D8F808002844BDE8FC818406100044
:209C00000035102608B00C189CAF0C18704700BF2DE9FC4104460D46009102221E482346A4
:209C20001E49022608F09DF91D4F786880BBB86870BB2846FFF76CFB48B3CCB15420DFF8A7
:209C4000648004FB00F1184A0020D8F8006040F25E23B047786078B1D8F80060A901124A9D
:209C600000204FF419734FF00008B047B86030B100267D703C700BE0FFF778FB07E0FFF7CE
:209C800075FB0A49786809688847C7F8048008263046BDE8FC8100BF0335102664B00C1873
:209CA0008406100024BE13001528050414BE1300B0B50446F02806D3174801221A4901F074
:209CC00097FA032526E020460D4601F082FA07D01148012211492346012508F042F919E037
:209CE0000F49087849680130543901380CD001F1540291F8541000291146F6D101201565F1
:209D000054700025107005E003480022054908F028F908252846B0BD00351026BCB00C181E
:209D200084061000F8B00C188CB00C1870B50C460646FFF70FFFF02C06D3254801222B499D
:209D400001F056FA032540E0054680B1AB7843F00200022813D12046FFF7DCFCB0B11C489F
:209D600001221C492346012508F0FBF82DE0184801221D49334608F0F4F80A2525E01448FE
:209D80000122184908F0EDF802251EE01249487889680130A1F14002013810D002F14001DF
:209DA00092F84420002A0A46F6D10120CD6008710A484C710268281D9047002505E00448C2
:209DC0000022074908F0CDF80825284670BD00BF00351026BCB10C1884061000ACBE1300BA
:209DE000F0B10C1888B10C1858B10C1828B10C182DE9F04F87B08146FFF7ACFE314E00287D
:209E000053D0824680890290000628D003ACDFF8B88002984FF0000B80B25FFA8BF7B84215
:209E20001DD9D8F800200AF1040039469047002841D00546806858B16879022223494B4670
:209E40000090F01C08F08DF8A8684C2108F098F844F827500BF1010BBAF80C00DCE702980E
:209E6000B3461D4F0DF10C08C6B20024E0B2864210D958F82050394602224B466879009027
:209E80000BF1030008F06DF82846402108F078F80134EBE70F490BF1030001F0C4F950468D
:209EA000542108F06DF800200AE00C49304601F0BAF90A2004E00649304601F0B4F90220C4
:209EC00001F0CBB900351026BCBE130084B20C1854B20C18FCB20C18C4B20C1820B20C182F
:209EE000F8B501F076F916D00B4F051D04460026A089F1B2884209D93A682846904718B15B
:209F0000806808B1407830B90136F1E7A078032804BF0420A070F8BDBCBE130010B50C465D
:209F200001F057F904D01ECC10301EC0002010BD0A2010BD10B50C46FFF7ECFB48B12168AA
:209F40006268C0F812104179C0F816200174002010BD0A2010BD00BF2DE9F04F87B00546C6
:209F600001F037F90DD08378044643F0020002280ED1DFF8E09099F8023093B13648374914
:209F800008E035480122404901F06FF90A2405E031483C49012207F0E4FF0224204601F0CC
:209FA0005CB901F044F92BD02D4900EB80002DA240F259330D6841000020A847002847D0F1
:209FC000DFF8B8B004F1040A80460026A089F7B2B84212D901F044F968B1054607EB870091
:209FE00005F110010A2208EB400007F0C4FF09EB0700697981730136E8E799F80DC003E029
:20A000004FF0000C4FF00008237ED4E904126078A77EB4F81EE0667EA58BCDE90067CDE9AC
:20A02000025ECDE904C8EDF795F940B1A07808B90120A0700220002489F8020000E00724FD
:20A04000B8F1000FAAD00E48016840468847A5E70824A3E784061000003510269CB30C1800
:20A0600024BE13006369675F6D67725F73746172745F73657474696E67000000BCBE13009C
:20A0800014BE130064B30C1828B30C187CB50E460546FFF73FFB50B10DF10601044640F21F
:20A0A0007B203246F7F768F940B103207CBD06480122064901F0D9F80A207CBDBDF8060051
:20A0C000E08000207CBD00BF00351026D4B30C182DE9FC47054601F07CF80DD004468078CA
:20A0E000811E03290FD2DFF8E88098F802309BB135480122374961E033480122394901F0F5
:20A10000B4F80A265DE0009002222F482B462F49022607F026FF54E0A08988F81650010684
:20A1200031D02D4F04F10409002688F81700F1B282B28A420ED93A684846904730B1816888
:20A1400021B1497899BBA0890136F0E71E480122234932E000264FF0010AF5B280B2A842A7
:20A1600011D93A6848462946904748B1C28808EB85018068CA83C28080F801A0008988839F
:20A18000A0890136E9E798F8170008F11C01EDF70AF950B10120002688F802000320A8F85E
:20A1A0001A6088F81860A0700BE0072609E040790322CDE90001044808492B4607F0D1FEB3
:20A1C00002263046BDE8FC870035102658B40C1884061000A4B40C18BCBE13002CB50C1876
:20A1E000E4B40C1814B40C182DE9FE4F00294FD093460D46074600F0ECFF0ED00446807898
:20A20000811E032911D240488378B3B13C4801223E4907F0A6FE02253BE0394801223E4973
:20A220003B4607F09EFE0A2533E00090022234483B46344900F0DFFF2BE0DFF8D48004F1A1
:20A24000040A0026C5758775AE4225D04FF00009A0895FFA89F188421AD9D8F80020504628
:20A26000904730B1826822B13BF816301189994202D009F10109EBE752780136002AE3D0F5
:20A2800040793B468DE8070004221D482149C0E703252846BDE8FE8F00274FF00109AF4243
:20A2A0001CD00026A089F1B2884215D9D8F800205046904728B181683BF817300A899A4200
:20A2C00001D00136EEE7104BC08803EB870381F80190C8809A83D8830137E0E70A4E06F16E
:20A2E0001C01F07DEDF75FF838B101200025B070032075833576A070CBE70725C9E700BF27
:20A3000000351026D0B50C188406100024B60C18BCBE13006CB60C1884B50C187CB50446E6
:20A3200000F057FF0FD005468078042818BF022810D11A4EB3789BB119480122194907F0EB
:20A3400010FE022527E016480122184900F050FF0A2520E078B92046BDE87C40FFF748BD7E
:20A360002046EDF733F870B1A87802280DD004280DD106200AE000900222094823460A4945
:20A3800000F039FF07E0072505E00520A87002200025B070347328467CBD00BF8406100052
:20A3A000003510265CB70C181CB70C18E4B60C1810B50C4600F00DFF04D01ECC30301EC037
:20A3C000002010BD0A2010BD10B50C46FFF7A2F998B12178D4F80620D4F80A30D4F8024009
:20A3E00080F825104179C0F82640C0F82E30C0F82A2080F82410002010BD0A2010BD00BF71
:20A400002DE9F04F87B0054600F0E3FE0DD08378044643F0020002280ED1DFF8EC9099F850
:20A42000023093B139483A4908E038480122444900F01BFF0A2405E034484049012207F04E
:20A4400090FD0224204600F008BF00F0F0FE2BD03049C0EBC00030A240F2C9430D684100A9
:20A460000020A84700284CD0DFF8C8B004F1040A80460026A089F7B2B84212D900F0F0FEB6
:20A4800068B10546C7EBC70005F124010E2208EB400007F070FD09EB0700697981730136F5
:20A4A000E8E799F80DC003E04FF0000C4FF0000894F83830D4E90C126078678F657E94F8EE
:20A4C00039A094F83CE0A67ECDE900A7CDE902E5CDE9046CCDF81880ECF785FF40B1A078EA
:20A4E00008B90120A0700220002489F8020000E00724B8F1000FA5D00F4801684046884754
:20A50000A0E708249EE700BF84061000003510260CB80C1824BE13006369675F6D67725F2B
:20A5200073746172745F73657474696E675F746573740000BCBE130014BE1300D0B70C1854
:20A5400090B70C180149C863704700BF84061000FEB500F074FE20B30446286800906F4604
:20A56000E088391DF6F7B4FE00F058FEE07A2988267302978DF8070041B918B1012805D1AD
:20A58000022000E00120A17A0843A072A078012806D10A49CA6B1AB102A901209047A078FA
:20A5A00000B1FEBDE07800F014FEFAD0036D002BF7D0407802AA01219847FEBD84061000EF
:20A5C000FEB500F03CFE38B30446286800906F46E088391DF6F77CFE00F020FE607B2988D5
:20A5E000A67302978DF8070059B9C1071EBFA17A01F0FE01A172800742BFA07A00F0FD00B9
:20A60000A072A078012806D10A49CA6B1AB102A902209047A07800B1FEBDE07800F0D9FD77
:20A62000FAD0036D002BF7D0407802AA02219847FEBD00BF84061000B0B586B000F0C4FD28
:20A6400040B3044628680090B4F80300D5E90212ADF80500A8886D46CDE90312291DADF8D9
:20A660000800E088F6F734FE0595A078012806D10949CA6B1AB105A903209047A07848B986
:20A68000E07800F0A6FD05D0036D1BB1407805AA0321984706B0B0BD84061000B0B58AB0F8
:20A6A00000F092FD38B305F114030446286895ED011F00906D460ECBB4F803008DED021F41
:20A6C000ADF8050006A800F0A4FD0995A078012806D10A49CA6B1AB109A904209047A078C3
:20A6E00048B9E07800F075FD05D0036D1BB1407809AA042198470AB0B0BD00BF840610009F
:20A70000B0B586B000F060FDF0B104460FCD6D46009000F083FD02A800F07BFD0595A07813
:20A72000012806D10949CA6B1AB105A910209047A07848B9E07800F04CFD05D0036D1BB157
:20A74000407805AA1021984706B0B0BD84061000BFB500F039FD88B1044628680190E0881F
:20A7600001AD00F085FD00F070FD06D10A49CA6B1AB103A911209047A07800B1BFBDE078E1
:20A7800000F027FDFAD0036D002BF7D0407803AA11219847BFBD00BF84061000BFB500F0CA
:20A7A00013FD88B1044628680190E08801AD00F05FFD00F04AFD06D10A49CA6B1AB103A976
:20A7C00012209047A07800B1BFBDE07800F001FDFAD0036D002BF7D0407803AA1221984742
:20A7E000BFBD00BF84061000B0B586B000F0ECFCF0B104460FCD6D46009000F00FFD02A861
:20A8000000F007FD0595A078012806D10949CA6B1AB105A913209047A07848B9E07800F027
:20A82000D8FC05D0036D1BB1407805AA1321984706B0B0BD840610002DE9F0478EB01E4F04
:20A84000E8461E4908F10804ADF8000007F11C06F87D0025DFF868908A468DF80200C0B26D
:20A86000854217D2308800F0BCFC3188218038B1B0F8031024F8041C407804F8020C04E0E8
:20A8800050464946002207F06CFB06340436F87D0135E4E7BC7D0020B870204600F099FCBD
:20A8A00007D0036D2BB1CDF834800DAA2046312198470EB0BDE8F0878406100000351026CF
:20A8C00048B80C1870B50D4A02F11C04D37D1D4655B134F8046B013D8E42F9D1117E0131D8
:20A8E000117610B1508300E0117EC8B2834218BF70BD508BBDE87040FFF79EBF840610006E
:20A900002DE9F04F8FB00446408800F06AFC002800F08880054660880DF10F01FEF770FE77
:20A920009DF80F1020888DF812106188ADF81610B5F80310ADF81000ADF8131088B10020CA
:20A940006870A878012851D12846FEF761FD04A80E903A48C26B002A6CD00EA920209047C6
:20A9600068E0022005F1100268706068A168D4E9038982E8030394F814A085F820A094F8FA
:20A9800015E085F821E0A77D85F82270E37D85F82330227E85F8242094F819B094F81AC0C5
:20A9A00085F825B085F826C0A68B2E850191E18B029069858DF82C20029A208C0692019A34
:20A9C000A8858DF82B308DF82A708DF829E08DF828A0CDE908890792ADF83400ADF83210D0
:20A9E000ADF830608DF82EC08DF82DB004A80E90A878012806D11149CA6B1AB10EA9202092
:20AA00009047A87870B9EE78304600F0E2FB09D005463046FFF764FA2B6D1BB168780EAA83
:20AA20002021984705488078012803D161882088FFF748FF0FB0BDE8F08F00BF84061000AA
:20AA40002DE9F04F87B005460C46009102224C482B464C4907F085FA0DF11B012846F6F793
:20AA600037FC002800F089809DF81B0004A9F6F727FD002800F081809DF81100012847D114
:20AA8000414E0DF11A0A0DF1040B0DF10C08FF274FF00009002071788DF81A00C0B2884294
:20AAA00031D228465146FFF775F8E0B18168D1B1A0F806904878CF78A1F8069098B19DF8ED
:20AAC0001B0081F801908DF8080008898DF80970ADF806000879CDF80CB08DF80A008878F9
:20AAE000ADF8044018B19DF81A000130D3E7C87800F06FFBF7D0036D002BF4D0407822214F
:20AB000042469847EFE7F8B2FFF7EAF99DF81100022832D11D4F0DF11A06DFF86CA00DF137
:20AB200004090DF10C08002039788DF81A00C0B2884222D228463146FEF79AFCE8B19DF8B8
:20AB40001B20B0F803108DF808200289CDF80C90ADF80620ADF809108178ADF804400129D1
:20AB600007D1FEF755FCDAF83C2012B12220414690479DF81A000130D6E707B0BDE8F08FAE
:20AB80000335102678B80C188406100064031000BCB504460388A188032240880B4DCDE978
:20ABA00000010B49E81C07F0DCF963883BB109492846012202B0BDE8B04007F0D2B9A188C4
:20ABC0002088BDE8BC40FFF73BBF00BF00351026BCB80C1808B90C181CB504460388408827
:20ABE000022200900448054907F0BBF961882088BDE81C40FFF724BF033510263CB90C186A
:20AC0000BFB50546008800F0ECFAE8B10446688840B16178032903D0042903D1012100E078
:20AC20000221617000F0EAFA01AD00F021FB58B10395A078012806D10C49CA6B1AB103A9D8
:20AC400021209047A07800B1BFBDE578284600F0C0FAF9D004462846FFF742F9236D002BB5
:20AC6000F2D0607803AA21219847BFBD840610007FB50546008800F0B4FA88B3044668883C
:20AC800020B1607803282BD1022000E000206070A88800F0B3FA01AE311DF6F719FBF8B17E
:20ACA0006888039628B1254615F8020F01280FD015E020790025E580FEF72CFD00B1C58075
:20ACC000254615F8020F012809D12046FEF7A0FB0C48C26B12B103A922209047287800B198
:20ACE0007FBDE578284600F074FAF9D004462846FFF7F6F8236D002BF2D0607803AA222145
:20AD000098477FBD840610002DE9F04F97B0DFF870B10546002003918BF802009BF80C7057
:20AD2000A878874240F0A980384600F052FA00F0A48003992A8839B1E9788DF83670ADF89A
:20AD400034208DF8371006E0E9788DF81270ADF810208DF81310CDE901508AB180780128A5
:20AD600002BF0020029988700298036D002B00F084800398002879D00DA816903A2178E01C
:20AD800002210BF10E0481700DA800F1060A04A8861D05F104084FF000099BF80D008145DC
:20ADA000E2D22078FEF7B6FC002856D00746B8F8000000F016FA30B9B8F800000021FEF7A6
:20ADC000E5FA002849D00021B86080F82E107A790271F9684B78C370039BFBB10AF8022C2D
:20ADE00001F13005B8F80020AAF80020D1E90C23C0E90C2391F83C2080F83820B1F83D201E
:20AE00004031A0F83920D7F82620C2632DCD2DC107F1320007F124010E221CE006F8022C0F
:20AE200001F11005B8F800203280D1E90423C0E90C230A7E80F83820B1F819202031A0F8AD
:20AE40003920D7F81220C2632DCD2DC107F11A0007F110010A2207F08EF80AF1040A043684
:20AE600008F10208013409F1010996E7302104A816900198807816AA984717B0BDE8F08F5B
:20AE8000840610002DE9F04180460088A8B10C4D0027002405F11C06E87D844207D23088B2
:20AEA00000F09FF900B1477004360134F4E7B8F80000BDE8F041FFF7BFBCBDE8F08100BF8C
:20AEC000840610007CB50446144800218170067BA078864220D1304600F07BF91CD0036D67
:20AEE000054653B168468DF80260019032212088ADF8000001AA30469847208830B1A87894
:20AF0000062807D0052807D1022004E0A078FEF76FFF7CBD0420A8707CBD00BF840610009F
:20AF2000B0B504460E480F49012200F061F9204600F057F940B105468078012804BF6878A1
:20AF4000002803D00320B0BD0A20B0BD2046ECF776FA18B1012068700020B0BD0720B0BD33
:20AF60000335102678B90C18BCB505460C46009102220F482B460F4906F0F3FF284600F0E5
:20AF800030F938B18178012904BF4078002803D00320BCBD0A20BCBD002CF9D028462146FD
:20AFA000ECF75AFA01460720002918BF0020BCBD03351026ACB90C187FB5044640880121F4
:20AFC000FEF7E4F998B105466088ADF80400A088ADF80700208801AEB11CF6F779F91948C2
:20AFE0000396C26B52B103A94020904708E060880D2104B0BDE87040ECF72EBA40F6045049
:20B00000002185F82E10A188A5F803102188E98040F60151884214D040F60351884205D109
:20B02000012068706088ECF70AFA7FBD0106014608BF1F21000A18BF1F216088C9B2ECF750
:20B040000BFA7FBD840610007FB50446408800F0C8F8B8B1054620680190B5F80300ADF8FD
:20B060000900E88801AE311DF6F732F92088039610B12846FEF7CCF90348C26B12B103A931
:20B08000412090477FBD00BF84061000BFB500F09BF8A0B1044628680190B4F80300ADF8DC
:20B0A0000900E08801AD00F0E3F820460395FEF7AFF90348C26B12B103A942209047BFBD6F
:20B0C0008406100080B54388A3F56871102911D9A3F281310E291CD8DFE801F00826502674
:20B0E000542658265C266026642668000430FFF72FFA62E0DFE801F009181E221826182931
:20B10000182D183136183A183E000430FFF7F8FB53E0B3F5977F4DD040F22F118B4203D185
:20B120000430FFF759FD48E025480122254906F018FF42E00430FFF763FD3EE00430FFF768
:20B1400097FD3AE00430002109E00430FFF79AFE33E00430FFF7B6FE2FE004300121FFF7F5
:20B16000D3FD2AE00430FFF727FF26E00430FFF76BFF22E00430FFF789FF1EE00430FFF72F
:20B180001FFA1AE00430FFF757FA16E00430FFF785FA12E00430FFF7B3FA0EE00430FFF7A1
:20B1A000D7FA0AE00430FFF7F9FA06E00430FFF71BFB02E00430FFF7EBFC012080BD00BF81
:20B1C00000351026ECB90C18054640880021FEF733B94DF808EDFEF7BDFC00285DF808EBCE
:20B1E00070470021FEF728B900210446FEF724B9234606F0B6BE022506F0B3BEADF804005A
:20B200002888ADF80600B4F80300ADF80900E08870470EC0291DE088F6F75AB8B4F803002D
:20B22000ADF80500704701224B4606F09ABEA08989F80D00C0B289F80C500028704705467B
:20B24000408800210026FEF7F7B8B4F803000395ADF80900A0780128704707B0BDE8F08F73
:20B26000DBF800205046394610472B4606F079BE291DF6F72DB80000F8B5114E0446B0684B
:20B2800008B10020F8BD0D4674B16DB10F4804EB44010FA2452307680020B847B06060B137
:20B2A000B57075703470ECE70648022206492346009506F056FE0320F8BD0820F8BD00BF90
:20B2C0006C0310000035102624BA0C1824BE13006761705F6269675F6D67725F696E69740C
:20B2E000000000007CB5054618488468ECB101780020814204D022784AB103340130F8E7DD
:20B30000134800221449002406F02BFE1BE000F12006022D05D0012D09D1F0B200F01EF84A
:20B3200002E0F0B200F058F808B100240BE0012008492070F3B206480222A570033066704A
:20B34000009506F00EFE20467CBD00BF6C0310000035102660BA0C189CBA0C18B0B50446A7
:20B36000202801D3F02C07D316480122194901F0DCFC03252846B0BD204600F0E1FA38B1F2
:20B380001048012210492346012506F0EAFDF1E70E490B7F096A581C743901380BD001F11A
:20B3A000740291F8741000291146F6D10120547010700025DEE703480122054906F0D1FDF4
:20B3C0000825D7E70035102630BE0C186C03100090BE0C18DCBD0C18B0B50446202801D38C
:20B3E000F02C07D3174801221A4901F09EFC03252846B0BD204600F0D1FE38B1114801225A
:20B4000011492346012506F0ACFDF1E70F4991F82C30096B581C403901380BD001F14002E6
:20B4200091F8401000291146F6D10120547010700025DDE703480122054906F092FD082530
:20B44000D6E700BF0035102600C50C186C0310005CC50C18B0C40C1880B50A4903468868FF
:20B4600070B1097839B1027812B142789A4208D003300139F6E704480122044906F071FD2B
:20B48000002080BD6C03100000351026C8BA0C18B0B50546FFF7E0FF78B1044680780128A6
:20B4A00003D1284600F00AF8A078022804BF284600F070F80020A0702080B0BD2DE9F04FFB
:20B4C00089B0824600F03CFA81462B48B9F1000F41D08346B9F810000490000614D005AD87
:20B4E000264E049809F108080024E7B280B2B8420AD9326840463946904798B345F8270041
:20B500000134B9F81000F0E704980DF114081F4F0024C6B2E0B2864207D901F0F9FB284611
:20B52000142106F02DFD0134F4E799F8020000210027FCF7A9F81348534699F80320817896
:20B5400011448170C8B2104901F028FC4846742106F016FD0CE00E490122534606F001FD9E
:20B560000A2705E001F0F9FB054906F0FAFC0227384609B0BDE8F08F00351026BCBE13001A
:20B5800074BC0C186C03100060BD0C18ECBC0C1820BC0C182DE9F04F89B0824600F0FEFD8A
:20B5A00081462B48B9F1000F41D08346B9F810000490000614D005AD264E049809F10808B3
:20B5C0000024E7B280B2B8420AD9326840463946904798B345F827000134B9F81000F0E7AD
:20B5E00004980DF114081F4F0024C6B2E0B2864207D901F08DFB2846202106F0C1FC013441
:20B60000F4E7B9F8040000210027FCF70FFF1348534699F82820817811448170C8B2104972
:20B6200001F0BCFB4846402106F0AAFC0CE00E490122534606F095FC0A2705E001F08DFBC2
:20B64000054906F08EFC0227384609B0BDE8F08F00351026BCBE130050C30C186C031000EA
:20B6600038C40C18C8C30C18FCC20C18F0B587B004460E468DE80E001D4617460B480422E3
:20B680000B4901F052FB0B48836A6BB104A806908DF8147020468DF8136080218DF812409B
:20B6A000ADF8105006AA984707B0F0BD0335102608BB0C186C0310002DE9F8438046084659
:20B6C0001F4614460E4600F0B5F8002800F0AE800546DDE9081095F80490002C42D0022FBB
:20B6E0000DD0002F3ED1B9F1090F16D0B9F1040F1AD0B9F1030F35D101242C7133E0A9F1AF
:20B7000001020024082A2ED8DFE802F005102D2D12142D2D180003220DE06A79042A19D0FE
:20B72000032A1FD101221CE0022204E0042202E0072200E008222A71012414E06A790024CF
:20B74000013A052A0FD8DFE802F003070E0E090B032206E0022204E0042202E0072200E081
:20B7600008226A710024002954D0042818BF02280DD1A9F1010108294CD80520DFE801F07A
:20B780001E051B1D4A4A4A4A2000062016E0002840D13046FAF720FD002847D0A9F105024D
:20B7A000042A37D8C1780120DFE802F008031A342100022002E0072000E0082028712AE0E9
:20B7C00068790138032825D8DFE800F00204060805201EE006201CE007201AE0082018E0D6
:20B7E000042918D2C800124921FA00F0E6E76879072804D0062809D0052805D00AE0881EBA
:20B80000022805D3012905D8012002E0022000E00320687154B185F8059043466878A9787D
:20B820002A7901B0BDE8F043FFF720BFBDE8F8830101030301460748027F006A3AB10378F8
:20B8400013B183788B4203D07430013AF6E70020704700BF6C031000B0B560B10A4BFF24CA
:20B86000187F1B6A023330B113F8025C05B11C7074330138F7E729B11046FFF7DBFF08B174
:20B88000FF218170B0BD00BF6C0310002DE9FE43044624480D460091234901F069FA234FC9
:20B8A000386A88B9786A78B938782CB1A04203D315B17978A9420AD27978042202912346BC
:20B8C0001E4901F084FA03263046BDE8FE837420DFF85C9004FB00F1164A0020D9F80060D5
:20B8E00040F2D113B0473862C8B1D9F8006005EB8500104A8100002040F2D7134FF0000923
:20B90000B047786228B10026C7F828807D773C77DAE70949386A09688847C7F820900826B7
:20B92000D2E700BF0035102664BB0C186C03100024BE13002228050414BE1300A0BB0C18B6
:20B9400001460748027F006A3AB1037813B143788B4203D07430013AF6E70020704700BF8F
:20B960006C03100001460748427F406A3AB1037913B1C3888B4203D0013A1430F6E70020B5
:20B98000704700BF6C03100010B502460848437F406A5BB1047934B104696478944204BF99
:20B9A00044798C4203D0013B1430F2E7002010BD6C0310002DE9F04F85B089460746FFF7C8
:20B9C000BFFF2A4906464C468878484508D200900222274823462A4906F0C3FA032041E0FB
:20B9E0004EB3487F4A6A01AB002158B1157935B9CDB2013143F82520CDB24D4505D014321C
:20BA00000138F2E7C8B2484524D11B4F06F1080A01AD4FF0010B4FF00108A4B102CD5046AA
:20BA20003A680E6181F8058081F804B0904708F10108013CF1E70E48012210493B4606F093
:20BA400090FA0A200EE009498878A0EB09008870002007E00090022205482346054906F0B1
:20BA600080FA082005B0BDE8F08F00BF6C03100000351026B4BF0C18ACBE130068BF0C1843
:20BA800008BF0C182DE9F04F93B0DDF870B08246FF201F4615460C468BF8000011B11FB918
:20BAA000032671E0002DFBD00DF14B010DF14A025046FBF7F1FD0646002865D10120FFF749
:20BAC00011FC002852D0467881463046FFF738FF002850D0804680F802A0002C57EA1580BD
:20BAE00001783046FFF766FF002848D1002C4FD03878394688F8030008F138002822BD7D09
:20BB000006F039FA07F1170408F14F001022214606F031FA5248002D08BF00F10C04786878
:20BB200011903878109099F801000F9038890E90787C0D90387DBD7ABE89B7F80EC097F8B4
:20BB400010E0BA7CFB7C797DBF7D08900E9809918DE861500D980A970B9405A90DC1514620
:20BB60000F98DDE91023EBF7BFFC41E050460021FBF78AFD07E050460021FBF785FD99F894
:20BB80000100FFF785FC0826304613B0BDE8F08F2878294688F8030008F1140024222E7C13
:20BBA00006F0E9F905F1110408F125001022214606F0E1F92A48002E08BF00F10C046868E3
:20BBC00011902B7899F8012029896E892F7B95F80DC095F80EE0E87B2D7C8DE8C25051461D
:20BBE000CDE9050510461A46119B0794EBF743FC88B19DF84A00052821D8DFE800F0031E51
:20BC00001D121B149DF84B00042818D21549C00021FA00F011E099F80100FFF739FC0726CC
:20BC2000B2E7032009E05046FBF7EAFA022803D0042804D1072000E0052088F8040000261F
:20BC400099F8010088F8056000238BF8000098F8021098F8042099F80100FFF707FD93E76B
:20BC60006C03100001010303E0B50B4600921A4600210023FFF706FF8CBD00BF7CB50E4699
:20BC80000446FFF75DFE68B105460079092818BF00280ED10090022210482346104901F05E
:20BCA00088F818E00D4801220E4901F03EF80A2511E020463146EBF708FC58B1287909225E
:20BCC000A978002368710920287120460025FFF7CDFC00E0072528467CBD00BF003510265E
:20BCE0006CC00C1818C00C1810B50446FFF73AFE60B100690379082B0FD12046EBF7C9FAA7
:20BD000001460720002918BF002010BD06480122074901F00AF80A2010BD03480122034963
:20BD200006F01FF9022010BD0035102618C10C18CCC00C18E0B50B46009201210022FFF73C
:20BD4000A1FE8CBDBCB50D460446FFF70BFE60B10069007908280FD120462946EBF7C0FA7A
:20BD60000725002818BF00250DE008480122094900F0DBFF0A2506E000900222034823467A
:20BD8000034901F016F82846BCBD00BF003510269CC10C1854C10C1870B581B10C46FFF7EE
:20BDA000CFFD60B1457886782846FFF771FB2846314600222346BDE87040FFF757BC70BD20
:20BDC00001888078FFF7E8BF2DE9F04F91B090F8028081464046FFF7B3FD002800F0A78073
:20BDE00090F801B08246847806AE2821304606F0C7F8B9F800008DF81A809AF80210ADF805
:20BE000018008DF81B1028B19AF80100FFF740FB00257CE099F816501A36049409F1180447
:20BE200001270595284685B1F9B24046FFF7ACFD30B12188C180407906F8020C20883080E4
:20BE4000013704360234013DEDE705988AF87200D9E90123CAE9182399F80C608AF868607C
:20BE600099F80D008AF8690099F80E108AF86A1099F80F408AF86B4099F810C08AF86CC072
:20BE8000B9F812809AF80470AAF86E80B9F814E0092FCDF80CB03D46AAF870E002BF9AF8A3
:20BEA00005508AF8045009278AF805706F1E5FFA87FBBBF1060F13D8CDE9017262464FF00C
:20BEC000550C2CFA0BF79446029AFF07DDF80CB008D0019D17A76DB27D5D8AF8045001E0E8
:20BEE000DDF80CB0059F8DF827408DF82E70ADF82CE0ADF82A808DF828C08DF826108DF851
:20BF000025008DF82460CDE90723049C06AE0B48836A2BB199F802008121109610AA98472F
:20BF2000B9F80030584621462A46FFF79FFB11B0BDE8F08F02020402060208006C0310009D
:20BF4000B0B5048894B18078FFF7FAFC70B1017909290BD143780925427981784571027158
:20BF600018462346BDE8B040FFF780BBB0BDF8B5057804462846FFF7E3FC68B1467887783A
:20BF80002846FFF785FA638830463946002201B0BDE8F040FFF76ABBF8BD00BFB0B586B00C
:20BFA000458804462846FFF7DDFCC8B10D498B6AB3B10069B0F8011001AA05922288ADF852
:20BFC0000420A288ADF80A20D4E90224ADF808108221ADF80650CDE90324407805AA9847E3
:20BFE00006B0B0BD6C03100001888078FFF7D4BEBFB5458804462846FFF7B4FC90B10A4963
:20C000008B6A7BB10069B0F8011001AA0392ADF80810742122884078ADF80650ADF8042025
:20C0200003AA9847BFBD00BF6C0310007FB5104E04460D46F078337980EA0301C90715D054
:20C04000CDE9000503220B480B4905F08AFF736C53B102A80390F07890218DF808002046AF
:20C06000ADF80A5003AA9847F07830717FBD00BF6C03100003351026ECC10C187FB50A4CE9
:20C08000646C7CB1089D01AE8DF80710912103968DF80A30ADF808208DF80600ADF8045058
:20C0A00003AAA0477FBD00BF6C03100080B502B180BD084600F008F80028F9D04FF6FF7169
:20C0C0008180FF21817080BD0146074890F82C20006B3AB1037813B183888B4203D04030F7
:20C0E000013AF6E7002070476C0310002DE9FE43044623480D460091224900F039FE224FDF
:20C10000386B88B9786B78B938782CB1A04203D315B17978A9420AD2797804220291234651
:20C120001D4900F054FE03263046BDE8FE83DFF85C90A101164A002040F20453D9F80060F3
:20C14000B0473863C8B1D9F800606901104A002040F20A534FF00009B047786338B1002607
:20C16000C7F8448087F82D5087F82C40DCE70949386B09688847C7F830900826D4E700BF36
:20C180000035102644C20C186C03100024BE13004428050414BE13007CC20C180146074844
:20C1A00090F82C20006B3AB1037813B143788B4203D04030013AF6E7002070476C031000DD
:20C1C0000146074890F82D20406B3AB1037913B1C3888B4203D0013A2030F6E700207047F4
:20C1E0006C03100010B50246094890F82D30406B5BB1047934B104696478944204BF4479C5
:20C200008C4203D0013B2030F2E7002010BD00BF6C0310002DE9F04F87B0164689460546EB
:20C22000FFF7BCFF304A834630489178494507D20091022232494B4605F093FE03204FE089
:20C24000BBF1000F37D092F82D500021526B03AB5DB1147934B9CCB2013143F82420CCB254
:20C260004C4505D02032013DF2E7C9B2494530D1DFF884800DF10C0A00274C4614B35AF824
:20C28000045B01201B4903224B4628713078C5F810B0687116F8010BCDE90070134803309F
:20C2A00005F05FFED8F800200BF1080029469047013C0137E2E7114901222B4605F051FE82
:20C2C0000A200DE008498878A0EB09008870002006E00091022206494B4605F042FE082072
:20C2E00007B0BDE8F08F00BF6C0310000035102674C60C18D4C60C18ACBE13002CC60C180B
:20C30000D0C50C182DE9F04F87B08A460DF11B01FF27144606468DF81B70FCF78FF805464D
:20C320000028277040F08680DFF8289199F80300C00771D10220FEF7D5FF002870D04578CB
:20C3400083462846FFF72AFF00286CD00AF115079AF814108046868028463A46FFF75AFF4D
:20C36000002862D19BF8010039469AF814200AF1010589F8380009F140000597A9F83A60BE
:20C380009AF8007089F83C2005F0F5FD9DF81B00514688F8020008F114001A2205F0EBFDE8
:20C3A000002F08F1150008BF09F10C052946102205F0E1FDBAF812109BF801009AF80020E0
:20C3C0009AF811309AF81470CDE900312B460599039131460297EBF7BDF878B399F8030084
:20C3E000002540F0010089F80300012088F806009BF801002070B8F8042098F8021098F892
:20C4000006309BF801000095FFF738FE9BF801000021FFF70BFE0DE000F0C7FC022509E02D
:20C4200000F0C3FC05E000F0C0FC9BF80100FFF72FF80825284607B0BDE8F08F9BF8010001
:20C44000FFF726F800200725C9E90E00C9F84000F0E700BF6C031000BCB50446FFF79EFE59
:20C4600068B105468079032818BF00280ED1009002220F4823460F4900F09BFC16E00C48B9
:20C4800001220D4900F051FC0A250FE02046EBF787F850B10320AA88A87103236878A9786B
:20C4A00000250095FFF7EAFD00E007252846BCBD0035102670C70C1818C70C1810B504461A
:20C4C000FFF77EFE60B100698379022B0FD12046EAF7ECFE01460720002918BF002010BDDB
:20C4E00006480122074900F020FC0A2010BD03480122034905F035FD022010BD003510263D
:20C5000020C80C18D0C70C18BCB50D460446FFF757FE60B10069807902280FD120462946A9
:20C52000EAF7EDFE0725002818BF00250DE008480122094900F0F9FB0A2506E00090022280
:20C5400003482346034900F034FC2846BCBD00BF00351026A8C80C1860C80C1810B50446BB
:20C56000FFF72EFE60B100698379022B0FD12046EAF7D4FE01460720002918BF002010BDA2
:20C5800006480122074900F0D0FB0A2010BD03480122034905F0E5FC022010BD003510263E
:20C5A00044C90C18F4C80C18F8B504468078FFF7F5FD80B12188457871B18688877828465F
:20C5C000FEF766FF208839460090284632460023FFF754FD00E0FF25208850B10548C178C7
:20C5E00001F0FE01C17028460021BDE8F840FFF71DBDF8BD6C0310002DE9F04F91B05B4C6D
:20C600000546038802225A4980780090204605F0A8FCDFF860B10322297C9BF83C00CDE9BF
:20C62000000120469BF83830534905F09AFC9BF83870A878874223D13846FFF7AFFDF8B190
:20C640000DF1180A064644782821504605F098FC8DF81A70288896F80280B6F80490ADF894
:20C6600018008DF81B80ADF81C9058B17078FEF70FFF28884146009020464A46002365E018
:20C68000FF2465E005949BF83C40CDE903980AF118080BF1400905F1120ABCB199F80010B9
:20C6A0003846FFF79FFD48B1BAF80010C180407908F8020CBAF80000A8F8000008F1040850
:20C6C0000AF1020A09F10109013CE6E70223B371D5F804C0C6F830C095F808E086F834E0B6
:20C6E00095F8098086F83580AC7A86F83640EF7A86F83770A8893087E98971872A7C86F8D3
:20C700003C208DF82640DBF844408DF82C20ADF82A10ADF828008DF827708DF825808DF833
:20C7200024E0CDF820C05CB106A81090707810AA9221A0472D88B178B379B288059C03E0F1
:20C740000025059CDDE9032170780095FFF796FC9BF80300002100F0FE008BF80300204693
:20C76000FFF764FC11B0BDE8F08F00BF0335102680C90C186C031000CCC90C182DE9FC4159
:20C78000057804462846FFF709FD20B100F0FFFA608800F0F5FABDE8FC812DE9FC41857875
:20C7A00004462846FFF7FAFC58B126885EB102214378817182888178184602230096FFF72D
:20C7C0005DFCBDE8FC8100F0E2FA208800F0D8FABDE8FC81B0B58AB000F0EEFA1FD01149C6
:20C7E0004B6CE3B100696A4694ED011FB0F801108DED021F09922288ADF80250ADF80020DF
:20C80000D4E90525E469CDE906250894ADF804108188ADF806109321407809AA98470AB032
:20C82000B0BD00BF6C031000BFB500F0C5FA15D00B494B6C93B10069B0F8011001AAADF884
:20C8400008100392818822884078ADF80A107821ADF80650ADF8042003AA9847BFBD00BFDD
:20C860006C031000B0B586B000F0A6FA1BD00F494B6CC3B100696A46B0F80110059222888D
:20C88000ADF80250ADF80020D4E90125E468CDE902250494ADF804108188ADF80610792121
:20C8A000407805AA984706B0B0BD00BF6C0310002DE9FF479946144688460646FFF752F8E2
:20C8C00005463046FFF77CFC074615B90FB90A201EE08DB128690079082818D1A87AA0B942
:20C8E000B8F1010F3CD0B8F1000F02D1287AC00736D14FF0010A01E04FF0FF0AB7B13869FC
:20C900008079022803D1B87A28B1012000E0022004B0BDE8F087B8F1000F21D0B8F1010FC0
:20C9200002D1387A80071BD44FF0020ADDE90C214B460E98CDE900214146029030462246B9
:20C94000EAF754FC50B1BAF1020F0BD0BAF1010F0ED10120A87205F1090007E00720D7E76E
:20C960000320D5E70120B87207F1090080F800800020CDE72DE9F0410C460746FEF7F2FFF4
:20C9800005463846FFF71CFC06461DB916B90A20BDE8F0815DB128690079082813D1287BC0
:20C9A00070B9C4B1E00719D1A00714D41EE04FF0FF0846B330698079022804D1307B28B127
:20C9C0000120BDE8F0810220BDE8F0811CB1A0070FD4E00715D00320BDE8F081287AC00723
:20C9E0004FF0030028D014F0020125D14FF00108DFE7307A80074FF003001DD514F0010187
:20CA00001AD14FF0020838462146EAF733FC50B1B8F1020F0AD0B8F1010F0CD10120287306
:20CA200005F10B0006E00720BDE8F0810120307306F10B0004700020BDE8F081BCB50446A7
:20CA4000FEF790FF05462046FFF7BAFB3DB930B912480122144900F068F90A251CE01DB1F3
:20CA60002969097908290CD118B10069807902280BD12046EAF727FC0725002818BF0025A9
:20CA80000AE000910548064902E00090034805490222234600F08DF92846BCBD003510261F
:20CAA000A0CA0C18FCCA0C1858CA0C18FEB500F03FF901D104B9FEBDDEB10021B172717AD5
:20CAC0008DF8051040B919B1012905D1022000E00120317A08433072306941788DF8041053
:20CAE00014498B6A2BB1694602916021407802AA9847002CDFD000202988A072607A8DF8E5
:20CB0000050041B918B1012805D1022000E00120217A08432072206941788DF8041005498A
:20CB20004B6C002BC7D0694602916021407802AA9847FEBD6C031000FEB500F0F9F801D1D6
:20CB400004B9FEBDE6B100213173F17A8DF8051048B9C80703D1880705D5FD2000E0FE20D4
:20CB6000317A08403072306941788DF8041015498B6A2BB1694602916121407802AA9847FF
:20CB8000002CDED0002029882073E07A8DF8050049B9C10703D1800705D5FD2000E0FE2059
:20CBA000217A08402072206941788DF8041005494B6C002BC5D0694602916121407802AA38
:20CBC0009847FEBD6C031000F0B587B0478806463846FEF7C7FE05463846FFF7F1FA321D14
:20CBE00004463088ADF8040007CAADF8067003AB07C305B9DCB165B1286941788DF80810DE
:20CC00000C498B6A2BB101A90691407806AA7021984764B1206941788DF8081005494B6CDC
:20CC20002BB101A90691407806AA7021984707B0F0BD00BF6C03100080B54388A3F2C131D6
:20CC40000C290CD8DFE801F0073D1D213D25293D2D31353D39000430FFF7B2F852E0A3F215
:20CC600081310E292DD8DFE801F0082C322C362C3A2C3E2C422C462C4A000430FFF716FFE1
:20CC800040E00430FFF7B0F93CE00430FFF79CF838E00430FFF754F934E00430FFF767F99A
:20CCA00030E00430FFF780FC2CE00430FFF7A4FC28E00430FFF762FD24E00430FFF76DFDBF
:20CCC00020E011480122114905F04BF91AE00430FFF732FF16E00430FFF760F912E0043051
:20CCE000FFF778FD0EE00430FFF76EFF0AE00430FFF77EF906E00430FFF796FD02E0043000
:20CD0000FFF7B0FD012080BD0035102654CB0C1858F82050032253466979E888CDE90001DD
:20CD20000BF10300394605F01CB9234605F019B94DF808ED478805463846FEF713FE064657
:20CD40003846FFF73DFA04462888002EADF80A70ADF808005DF808EB704704990422B9F8C1
:20CD600010005346C9B202905846CDE90071704790468146033002222346022605F0F1B85E
:20CD800031460090384642460023FFF777B9B0F80480477886782846FEF77ABBCDE90020E6
:20CDA0000BF10300032205F0DCB830460021FBF73DBB022505F0D5B84DF808ED458804464B
:20CDC0002846FFF7FDF900285DF808EB7047CDE90050484605F0C5B880B5EAF7EEFB0721A5
:20CDE000002818BF0021084680BD00BF2DE9FE43074624480D46CDE9001324491C46B0F826
:20CE000000809146204803223B46032605F0A9F884B3B9F1000F28D01DA03946F4F780FA65
:20CE200028B30DF10B001121E8F7D4FC08B39DF80B0021464246E8F7B9FCD0B106464044FE
:20CE40004946224605F097F8184907EB87002A462346096801EBC000018A3046CDF8008041
:20CE6000EAF7B8FB48B1002604E0032602E0022600E008263046BDE8FE833046E8F7C8FC25
:20CE80000726F7E718041000033510268CCB0C186C655F66697865645F6368616E6E5F6408
:20CEA0006174615F73656E6400000000A4021000BFB50B4D0446286880B12088F4F7AAF970
:20CEC00060B1C0788DF80400D4F80200CDF8060001A82A68039003A9C0209047BFBD00BF7B
:20CEE0001C041000BFB50F4D04462868A0B12088F4F790F9A8B1C0788DF80000D4F8020007
:20CF0000CDF8020068460390E0882A6820440830029003A9C1209047618800222088EAF7E9
:20CF20006DFBBFBD1C041000E0B504490A681AB1019001A9C22090478CBD00BF1C04100092
:20CF400080B54188B1F5E17F0BD040F2C11291420BD040F2BF1291420AD10430FFF7E4FF81
:20CF600006E00430FFF7BEFF02E00430FFF7A0FF012080BDF8B5094D0446094F002628895F
:20CF8000F1B2884207D93A682846904781880136A142F4D1F8BD0020F8BD00BFC406100052
:20CFA000BCBE130070B50446FFF7E4FF38B10546104811490122234604F0D3FF17E00F4816
:20CFC0000FA208213023002506680020B04770B106468480074801220F492346033004F0AF
:20CFE000C0FF0E48314602680D4890473546284670BD00BF00351026C8CB0C1824BE130023
:20D000006761705F61636C5F6374726C5F626C6F636B5F616464000004CC0C18ACBE1300D2
:20D02000C4061000B0B598B10E4D0446838801220D49E81C04F095FF0C48214602680C483A
:20D04000904730B10C4801682046BDE8B0400847B0BDA388284607490122BDE8B04004F00F
:20D0600080BF00BF0035102630CC0C18A8BE1300C40610005CCC0C1814BE130070B51D461B
:20D0800014460E46FFF776FF50B104998279327041B1827942B1C11D204604F06CFF03E0D6
:20D0A000042070BD07302860002070BDB0B514460D46FFF75FFF30B18571012D04BF21784C
:20D0C000C1710020B0BD0420B0BD00BF70B588B0244E04463078800615D427480368002B0C
:20D0E0003ED005A8079003A8069040208DF81220ADF814008888ADF810000868039007A955
:20D10000802098472CE003AD07AB084611462A4604F0EEFA20B396F83B00800620D59DF885
:20D120001C109DF80C0005AD2A4604F0B3FBB8B19DF81460A6B10C48013531462A460368B9
:20D140000A489847CDE90060032209482346094904F007FF9DF8141020462A46FFF7A6FF33
:20D1600008B070BDE400100084AE130000005026033510269CCC0C181C0410001CB50446D6
:20D1800040880DF10701F4F7A3F840B16088FFF709FF227A04F109016088FFF797FF1CBD7C
:20D1A00080B5FFF7E7FE18B1BDE88040FFF73ABF80BD00BF438823B103480122034904F0F9
:20D1C000D0BE0088FFF7ECBF00351026FCCC0C180088FFF7E5BF418840F22F12914209D037
:20D1E000B1F5977F09D0B1F5967F18BF70470430FFF7C4BF0430FFF7EBBF0430FFF7DABF0D
:20D20000B0B50B480CA20B4D1A23046895F83400C1000020A0470C4995F83420486010B17F
:20D2200001200A7001E0002002B1B0BD0022F7E724BE1300E40010006761705F6363636425
:20D240005F696E6974000000B403100090B1806880B1C1EBC10230F82220D2070AD1C1EB61
:20D26000C10100EB810042F602114088884204BF012070470020704710B503460B48017857
:20D280000B48006859B1027832B1C2889A4203D8847822449A4208D820300139F2E705489D
:20D2A0000122054904F05DFE002010BDCC031000D4031000003510262CCD0C18FEB5224D51
:20D2C0009446002700266A682D78B5420ED0147834B19488644504BF54888C4203D10AE07A
:20D2E000002F52EA078708320136EEE727B101203A46387003E010B14FF0FF3522E018B2EB
:20D30000B0F1FF3F5078C7BF20F00200507040F002005070D8BF6FF3DF33AE4204D2D188F2
:20D3200099425FEA0F9503E0A2F804C001255180C0B2D38006490322CDE9003063460348DA
:20D3400004F00FFE2846FEBDB40310000335102664CD0C182DE9F041DFF860C04FF0000E8E
:20D3600000244FF000089CF80070DCF80450FEB2B4421FD22E78D6B16E888E4217D108F1AB
:20D380000108022807D090B9A5F806E0A5F800E09CF800700BE0AE886B781680EE889B0784
:20D3A000568003D516B146F400435380043208350134DCE74046BDE8F08100BFB40310001B
:20D3C00070B5C1EBC102836842F6030442F6021503EB82028378023299420BD232F8026C4F
:20D3E000F60704D11688A64204D0AE4204D01C320131F1E7002001E0C088084480B270BDF1
:20D4000010B588B10A4B1A785B68043362B113F8044C34B11C88844204BF33F8024C8C4266
:20D4200004D0013A0833F1E7002010BD588810BDB403100070B50F4C23786468A51C00249D
:20D44000A34213D015F8026C2EB16E888E4204BF2E88864202D008350134F1E715F8010C6D
:20D4600000F0FD0062F3410005F8010C9C425FEA2F9070BDB40310002DE9FE4380463248AE
:20D480000D460421914632A290F851001C464FF49473002701EB80012C4806680020B04757
:20D4A00020B3064628464946324604F097F968B131460A9F11F8040B00228008904205D0B2
:20D4C0000B88A34215D004310132F7E70020002780B202902648042226493B46CDE90094D0
:20D4E00004F03FFD24480168304688473846BDE8FE8348881D4B0028054618BF1D43034613
:20D500006FF3DF33002F55EA1385ABB2984201D10127DDE704204D8000EB82004A46C0B23C
:20D52000009001200423F7F7D5FD08B1002708E0B8F1000FFAD0404621463A46FFF77AFF2D
:20D5400007462846C4E700BFE400100024BE13006761705F6366675F636363645F64617472
:20D56000615F70656E64696E670000000080FFFF02351026A0CD0C1814BE13007CB5064628
:20D580000E48007880060FD54EB10C46B17B06F108001546F3F75AFE40B1008A07E0084888
:20D5A0000022084904F0DDFC00207CBD00207278012123460095FFF75FFF7CBDE400100027
:20D5C00000351026ECCD0C18F0B587B0064622481D4614460F46007880061BD41F480268A1
:20D5E000A2B304A8069001A8059003208DF80E50ADF81000B088ADF80800306801908020ED
:20D60000ADF80C408DF80A7006A9904700285FEA1F901CE000203946ADF8040001AA30460F
:20D6200000F0F6FB04AA06AB3046394604F060F80646002809D09DF8182023469DF8101031
:20D64000BDF804000095FFF717FF06B9002000F0010007B0F0BD00BFE40010001C04100059
:20D660002DE9FC4104461046984617460E46FFF703FE40B30546C088381A81B22846FFF7C2
:20D68000E5FD00B3204631463A464346FFF716FE012818DBE888A9683C1A20B2C0EBC000D5
:20D6A00031F82000C0061CD50F48007870B1E869B8B18768AFB16A78A3B230460021CDF8DE
:20D6C0000080B8470DE00020BDE8FC813046F3F7A1FD30B1AE6926B16978A2B2C0784346D9
:20D6E000B0470120BDE8FC81D00310002DE9F04186B005464848017889060DD455480268C5
:20D70000002A71D003A8CDE904502020ADF80C0005A98020904767E090F85100FF218DF80E
:20D720000A1004213EA240F20D2301EB80013B4804680020A0470446002850D03F48007874
:20D7400000284CD0287801280BD86978A81C0DF10B020DF10A0303F0CBFF10B9FF208DF8F4
:20D760000A003748AA1C00212E78036835489847697803223346CDE900013348334904F0AB
:20D78000F0FB2878012808D048BB9DF80A10FF2925D000F03AFA18B327E09DF80A10FF2961
:20D7A0001DD000F032FA60B1267856B12F7AB74207D3D5F80C80201D3246414604F0E5FBC5
:20D7C000B8B12A7A2046E96800F8042B04F0D3FB9DF80A1022469DF80B0004F011F81CB11B
:20D7E0001B480168204688470024204606B0BDE8F081B7420DD9BA1B9DF80A109DF80B00CF
:20D80000D2B23346CDF8008004F010F80028D8D0E5E7D6D1E3E700BFE400100024BE130015
:20D820006761705F636363645F68616E646C655F73746F72655F696E6400000015001000AE
:20D8400084AE130000003026023510261CCE0C1814BE13001C041000F8B505460E460091C0
:20D8600014460B4802220B492B4604F07AFB66B1B6080027B74208D26388012034F8042B73
:20D880002946FFF7EDFE0137F4E70120F8BD00BF0335102658CE0C182DE9F04F87B00746FF
:20D8A0003248334D914633A2984604688B4695F851004FF41F7381000020A047002852D022
:20D8C0000446012039460022DDF840A0FFF742FD064695F8510086420EDDCDE9006003223A
:20D8E0002A483B462A4904F03CFB27480168204607B0BDE8F04F0847002E18DD02203946AB
:20D900002246FFF727FD002031462246234685B2AE420BDD55882DB19A421CBF15681D60A2
:20D92000043300E0013901300432F0E70E4601208DF809908DF80800DBF80000CDF80A0096
:20D94000BBF80400ADF80E00B000ADF81AA0ADF8188005948DF8100002A8FFF7C7FE0A482C
:20D9600001682046884707B0BDE8F08F24BE1300E40010006761705F636363645F73617678
:20D98000655F64617461000014BE1300003510268CCE0C182DE9F04186B004460020CDE9BE
:20D9A00004008DF804008DF80C000868CDF8060088888DF80520ADF80A0001A8FFF796FE72
:20D9C000A0B10646804616F8040B00258708BD4208D27388002036F8042B2146FFF740FE27
:20D9E0000135F4E7034801684046884706B0BDE8F08100BF14BE1300018801B170474388E0
:20DA000000F10901027A1846FFF7C4BF014600200022FFF79FBC1CB50446C079042811D17C
:20DA2000A17910290ED00DF10602204600F0F0F940B1A2790021BDF806000023009121466D
:20DA4000FFF72AFF1CBD10B51C460346C8881946104480B2FFF7D4FCDDE90221012C05D078
:20DA600054B902231380020A4A7002E00123000A13800870002010BD0020108040F20740EA
:20DA800010BD00BF064B1B6803EB4113D3F818C0BCF1000F08BF7047009B1B88604700BF63
:20DAA000D4031000BCB5074C246804EB4214E46934B1A46824B1079D2D88ADB20095A047A3
:20DAC000BCBD00BFD4031000418842F6030291421CBF4FF0FF307047018889074EBF0079AF
:20DAE00040690078704700BF2DE9FE4F83460D98022824D191460E981C46C3EBC302D9F87C
:20DB000008308A460688671CDDF8408003EB820113F822204FF0FF300292013F07D408462E
:20DB2000A1F11C05FFF7D0FF00282946F5D44FF6FC710E4207D04FF49860BDE8FE8F40F295
:20DB40000D40BDE8FE8F47461FFA86F8C10602D45FEAC871EFD1800602D45FEA8870EAD4E8
:20DB6000B9F8060059464346204482B20020FFF7A5FB002821D405465846514600F082F871
:20DB800010B3012D0CDBB9F806108688827B21448BB200F108013046CDF80080FFF77CFE14
:20DBA0000299C80610D5002D01DC88060CD50848007830B10748386006E040F21140BDE800
:20DBC000FE8F0F99044808600020BDE8FE8F00BFD0031000A5DA040485DA04044188082980
:20DBE00010D040F22F12914218BFB1F5977F02D18088FFF70BBFB1F5967F18BF7047043054
:20DC0000FFF7FABE0430FFF706BF9DF80B00224603F0E4BDF8B501A903914168CDF806105C
:20DC2000017C008BADF80A0004488DF80410026812B103A9082090478FBD00BFEC03100066
:20DC4000F8B501A903914168008BADF8080004480191026812B103A90A2090478FBD00BF35
:20DC6000EC031000E0B5ADF800006A4604480192ADF80210026812B101A9092090478CBD05
:20DC8000EC0310002DE9FC410D4E88460F4D044600273089F9B288420AD92A68304690474C
:20DCA0008188A14204BFC188414507D00137F0E704480222044900F03BFA0020BDE8FC81DC
:20DCC000D406100000351026E0CE0C18BCBE13002DE9FC410D4E88460F4D0446002730898E
:20DCE000F9B288420AD92A6830469047017CA14204BFC188414507D00137F0E704480222A5
:20DD0000044900F015FA0020BDE8FC81D40610000035102620CF0C18BCBE13002DE9F04139
:20DD20000B4D0446DFF82C80002600272889F9B2884209D9D8F80020284690478088A0424A
:20DD400056EA16960137F1E7F0B2BDE8F08100BFD4061000BCBE130080B5F3F79BFB0421FF
:20DD6000BDE88040FFF78EBF10B51446FFF78AFF68B164B18189A18081682160817BA1718C
:20DD8000018AA4F80710008B6081012405E0044800220449002404F0E4F8204610BD00BF2E
:20DDA0000035102660CF0C182DE9F84F144D9046DFF858B08946824600262F89F4B2A7422E
:20DDC00012D9DBF80020284621469047818801365145F2D18189A9F804108168C9F80010A7
:20DDE000807B88F8000005E0064801220649534604F0B7F8A7425FEA9F90BDE8F88F00BF7B
:20DE0000D40610000035102688CF0C18BCBE13002DE9F84F124F8A46DFF848B0814600255C
:20DE20000092B7F80880ECB2A04514D9DBF800203846214690470646807B504506D106F150
:20DE400008004946062204F0A0F808B10135E8E70099B0880880A0455FEA9F90BDE8F88FD7
:20DE6000D4061000BCBE13002DE9FC4115460E460446FFF707FF18B10746134813491CE01A
:20DE8000C4B1BEB1124813A26021AE2300F046F9B0B180460574C6800322848023460A4844
:20DEA000114900F040F911484146026810489047474605E0044800270E49002204F051F8CB
:20DEC0003846BDE8FC8100BF00351026BCCF0C1824BE13006761705F6368616E6E5F616C09
:20DEE0006C6361746500000004D00C18ACBE1300D4061000E0CF0C187CB508B384880546A4
:20DF00001D4E0222C0881D4923460090B01C04F028F81B48294602681A48904788B1686C69
:20DF200010B11A4909688847E988A888FFF79AFE16480168284688472046FFF7EFFE48B108
:20DF40007CBDAB8802221049E8880090304604F008F87CBD2046012100F01AF808B100F002
:20DF600035F82046002100F013F80028E8D0BDE87C4000F02BB800BF0035102644D00C187C
:20DF8000A8BE1300D406100074D00C1814BE13002DE9F0410B4E88460B4C054600273089E1
:20DFA000F9B288420AD92268304690478188A94204BF817B414502D00137F0E70020BDE853
:20DFC000F08100BFF4061000BCBE1300BCB5A8B10F4D044683880222807B0E490090A81C35
:20DFE00003F0BFFF0C48214602680C48904730B10C4801682046BDE8BC400847BCBDA38888
:20E0000028460749012202B0BDE8B04003F0A9BF00351026A8D10C18A8BE1300F4061000F2
:20E02000E4D10C1814BE13002DE9FF4180460D46084611461446FFF725FE20B1467C0746BB
:20E04000022E01D111E005260A4800214246002703684FF019509847034607480749042280
:20E06000CDE90054029603F07CFF384604B0BDE8F08100BF84AE130000351026B4D00C1831
:20E080002DE9FC4115460E460446FFF781FF18B107461548154907E01CB115B1B5F5007F4A
:20E0A00008D9114800271C49002203F05AFF3846BDE8FC810E4805F120010EA24FF4947325
:20E0C00000F02CF80028F2D08046867384800322054823460D4900F026F80D4841460268FA
:20E0E0000C4890474746E2E70035102610D10C1824BE13006761705F77726974655F6C6F3E
:20E100006E675F64625F61646400000060D10C18ACBE1300F406100038D10C180027D0F885
:20E1200000C0002060470230CDE9006503F019BF2346CDF8008003F014BF000080B503464E
:20E1400040F2314083420BD0B3F5866F08BF02290ED00C4801220C4903F003FF002080BDF1
:20E160000229F6D110884028F3D30549488004E010880028EDD002490880012080BD00BF80
:20E18000940010000035102620D20C1870B50C49B1F89A1089070ED568B10B490BA2094DAA
:20E1A0004A2300240E68287000EB400081000020B047686010B10124204670BD2C70FBE73E
:20E1C000E40010009004100024BE13006761705F656366635F696E69740000002DE9F84326
:20E1E000324C9846DFF8C0900346B4F89A4099F80000240707D432B92D4800222D4900241A
:20E2000003F0AFFE4CE0D9F804400026DDF820C004270834B04236D034F8085C4DB19D4276
:20E2200004BF14F8065C95422AD00C370C340136F0E7F5B2A84226D021600021D9F804004D
:20E2400024F8083C04F8062C00F807C0384400F8011C19490978C9071DD0102110F8023CC9
:20E2600030F8040C51FA86F10122CDF800C00124E7F7A8FCD9F80400384400F8014C0AE0D5
:20E28000F2B2904206D10A4801220C4903F069FE002405E0216006F1100088F800000124D7
:20E2A0002046BDE8F88300BF90041000E4001000003510264CD20C180804100084D20C183E
:20E2C00010280FD30849103882B20B789A4209D24968520012FA80F031F8202012B101EB86
:20E2E0008000704700207047900410007CB5104C0021032560682378021D8B4216D032F837
:20E30000040C10B112F8016C1EB10C350C320131F3E712F8023C012612780092102252FA52
:20E3200081F10122E7F74EFC606846557CBD00BF900410001CB5059C0194049C0094E7F708
:20E34000D9FC1CBDBFB5074D6C882D880395099D0295089DCDE900352346E7F749FC04B0F9
:20E36000B0BD00BF9400100070B50C46064609A031462246FFF758FE48B105463046214615
:20E38000E7F7A0FC18B103206874012070BD002070BD00BF6761705F656366635F73656E14
:20E3A000645F646973636F6E6E5F726571000000BFB5064C65882488CDE90254099C019460
:20E3C000089C0094E7F735FC04B0B0BD940010002DE9FE4304460D4619A0904621462A46D7
:20E3E0009946FFF721FE08B307460DF10B001121E7F7F0F99DF80B00FF2817D07A8B4946DD
:20E40000E7F7D4F990B10646788B41464A46304403F0B1FD798B304622462B46CDF80090ED
:20E42000E7F730FC10B10120BDE8FE830A4802220A492346009503F094FD0020BDE8FE8339
:20E440006761705F656366635F73656E645F646174615F726571000000351026B8D20C18D2
:20E460001CB5049C0094E7F75AFC1CBDB0B504464088FFF725FF58B10546806840B1FFF7D6
:20E4800035FFAA6822B120460021BDE8B0401047B0BD10B500F060F906D0826822B120467C
:20E4A0000321BDE81040104710BD10B500F054F906D0826822B120460221BDE810401047B5
:20E4C00010BD2DE9F04704460088FFF7F9FE804694F820000126102808BF0326B8F1000FEA
:20E4E00035D0A07958B304F1080704F11A0900254FF0020A854222D239883246A088FFF755
:20E50000B3FCC0B1B9F804108181D9F80010816094F82010E28A8173A18A8282628A238B6D
:20E5200041828A4252EA318180F811A0C28243830183FFF76FFB0237A0790135DAE7D8F82E
:20E54000082022B120460421BDE8F0471047BDE8F08710B500F000F906D0826822B120463F
:20E560000621BDE81040104710BD10B500F0F4F806D0826822B120460521BDE8104010474F
:20E5800010BD70B504460088FFF79AFE00F0EEF8054608B10020687426B1B26812B1204639
:20E5A0000721904715B12846FFF7A6FCA1886088BDE87040E7F792BB70B504460088FFF712
:20E5C0007FFE00F0D3F8054608B10020687426B1B26812B12046082190472846BDE8704026
:20E5E000FFF78ABCF8B50C4D0446002600272878C1B28F420ED2696863888A5B9A4206D12A
:20E6000031448A681AB120460121904728780C360137EDE7F8BD00BF90041000F8B500F0C6
:20E620009BF80BD00546A07908B1618839B1AA6822B120460A21BDE8F8401047F8BD04F128
:20E64000080600278742F2D23188A088FFF71AFB68B1A28A618A8282C28A41828A4252EAC1
:20E660003181028B01838A4218BFFFF7E9FA0236A0790137E6E77CB500F06EF82FD0826895
:20E6800032B120460921904710B1237901461DE02379CBB1A51D0026D8B2864215D22988A5
:20E6A0006088FFF7EFFA58B1218A428AC182914251EA3281028B01838A4218BFFFF7C0FAAB
:20E6C000023523790136E7E700230021658ADBB26088228ACDE90025A21DE7F73DFB7CBD25
:20E6E0001C494968B9B14288A2F1260112290ED8DFE801F00A1112151118111B1E11112145
:20E7000024111127112A2D000430FFF7AFBE052A08BFFFF7EBBD70470430FFF7BABE04306C
:20E72000FFF7C3BE0430FFF7CCBE0430FFF711BF0430FFF71ABF0430FFF73EBF0430FFF760
:20E7400020BF0430FFF74EBF0430FFF767BF0430FFF791BF900410004DF808ED0446008829
:20E76000FFF7AEFD00285DF808EB70470646A1886088FFF787BA000070B50446E7F75EF89A
:20E7800060B10D480DA20B4D4623066804EB4400810000202C70B047A86070BD034800222C
:20E7A0000349BDE8704003F0DCBB00BF00351026F8D20C18BC03100024BE1300636C6965B5
:20E7C0006E745F696E69740002498A7802B1704748607047BC031000BCB5104C0246A07832
:20E7E000D0B9607810702078637883420ED2A56803EB4303012001F06CFD6960A16801EBA6
:20E80000830100238B60511C6170BCBD009002220348044903F0A5FB0020BCBDBC03100068
:20E820000033102620D30C1880B5034608484178994205D903EB4301806800EB810080BD55
:20E8400004480122044903F08CFB002080BD00BFBC0310000033102678D30C182DE9FE4F5C
:20E86000804631484078984226D9DDF8309092460C4642B320465146FFF704FA50B10646D6
:20E88000407C022806D1B9F1000F1CBF96F82900002834D0284800214246002603684FF05B
:20E8A0001950984703462148244900F50070CDE9004ACDF8089031E01C4801221C4903F03F
:20E8C00050FB00262DE01B4D0027DFF874B02889F9B28842DED9DBF80020284690470646CF
:20E8E0008088A04204BF707C022801D00137EEE7B9F1000F1CBF96F829000028F6D10E48E7
:20E900000021424603684FF0195098470346F088CDF808900C49CDE900400A48042203F088
:20E9200020FB3046BDE8FE8FBC03100000331026ACD30C18D406100084AE130014D40C18FE
:20E94000BCBE130002351026D4D30C187CB5104C0246A078D0B160781070207863788342F4
:20E960000ED2A56803EB43030120002601F0B1FC6E60A56805EB83039960511C61707CBDD0
:20E98000009002220348044903F0EBFA00207CBDBC031000003310265CD40C1802498A7821
:20E9A00002B1C860704700BFBC03100010B507498C682CB106480022064903F0D2FA00E0F3
:20E9C0008870002C5FEA1F9010BD00BFBC03100000331026B8D40C18B0B51C461546FFF78F
:20E9E00051F918B1016A2960818B218000285FEA0F90B0BD2DE9FE4F054617480C46174927
:20EA00009846924683460330012223464FF0010903F0A7FA0E9FE988A8880D9A3B460292D1
:20EA20000C9A019222460F9E0096E7F729FC58B10020A5F84060EF8785F824A085F829909C
:20EA400085F82580BDE8FE8F05495846002203F088FA0720BDE8FE8F0033102600D50C1824
:20EA600034D50C18BFB5012514460A460146B4F1FF00009554EA108309A0FFF7EFFE68B12F
:20EA80004FF6FF710022CDE900220122CDE9025101212346FFF7AEFF04B0B0BD01F07DBC22
:20EAA000636C69656E745F6578745F616C6C5F7072696D6172795F7372765F646973636F01
:20EAC00076657279000000007FB514460A4601460AA001F00DFC68B14FF6FF710022CDE901
:20EAE00000520122CDE9026102212346FFF782FF04B070BD022004B070BD00BF636C696545
:20EB00006E745F6578745F62795F757569645F7372765F646973636F766572790000000022
:20EB20007FB514460A46014609A001F0E1FB60B14FF6FF7100228DE8640001222346039159
:20EB40000221FFF757FF04B070BD022004B070BD636C69656E745F6578745F62795F7575B0
:20EB600069643132385F7372765F646973636F7665727900BFB501F0A2FB09A001F0CAFBDB
:20EB800060B108990022CDE9002203222346CDE902510521FFF72EFF04B0B0BD01F0FDBB1F
:20EBA000636C69656E745F6578745F72656C6174696F6E736869705F646973636F766572F7
:20EBC00079000000BFB501F07AFB0AA001F0A2FB70B10899002280F82A202346CDE90022C3
:20EBE0000522CDE902510321FFF704FF04B0B0BD01F0D3BB636C69656E745F6578745F6139
:20EC00006C6C5F636861725F646973636F766572790000007FB514460A4601460BA001F027
:20EC200067FB78B1DDE90821002380F82A6081878DE82A000321234603920522FFF7DAFE77
:20EC400004B070BD022004B070BD00BF636C69656E745F6578745F62795F757569645F63D0
:20EC60006861725F646973636F766572790000002DE9FF4101F023FB10A001F04BFBC8B15D
:20EC800006460220DDE90A87102286F82A0006F12B00394603F06FF900200321CDE90007D8
:20ECA000304605222346CDE90258FFF7A3FE04B0BDE8F081022004B0BDE8F081636C696554
:20ECC0006E745F6578745F62795F757569643132385F636861725F646973636F7665727983
:20ECE00000000000BFB501F0EAFA09A001F012FB60B108990022CDE9002209222346CDE92E
:20ED000002510421FFF776FE04B0B0BD01F045BB636C69656E745F6578745F616C6C5F6376
:20ED20006861725F64657363726970746F725F646973636F76657279000000007FB501F09E
:20ED4000BEFA12A01E462346FFF788FD98B10546C18880880022CDE900620023CDE90222E5
:20ED600001220126E7F7BAFA38B185F82960002085F8264007E0032005E00A4800220A490F
:20ED800003F0EFF8072004B070BD00BF636C69656E745F6578745F617474725F726561648E
:20EDA00000000000003310266CD50C18F0B585B001F085FA16A01E462346FFF74FFDE0B1E5
:20EDC000DDE90A7305460C9AC188002F808808BF4FF6FF77002E08BF0126CDE902320222D3
:20EDE0000023CDE90067E7F779FA40B1012085F8264085F82900002007E0032005E00C4884
:20EE000000220C4903F0ADF8072005B0F0BD00BF636C69656E745F6578745F617474725FF3
:20EE2000726561645F7573696E675F75756964000033102698D50C182DE9F04F85B092463F
:20EE40000D46834603240490BBF1000F66D0688BA989081A010442D0BBF8182081B2053A2F
:20EE60008A4252EAB089BBF81A001FFA89F600F1050830461FFA88F42146E6F7D7FCE8B331
:20EE8000698B074610FA88F0324629441C3103F072F8688B2B89BBF80620BBF80410CDE923
:20EEA000006038460294E7F7B9F970B3012000248BF829004FF0000B688B85F818A048443C
:20EEC0006883E8880028BFD1A9880120009017A0002253460024FFF7C1FC8346B4E7E87B2D
:20EEE000E0B9BBF806100122A8880126E7F7BAF9A0B10498EE7380F829600FE009480022F4
:20EF0000124903F02EF8082408E03846E6F780FC04480022044903F024F80724E0B205B056
:20EF2000BDE8F08F00331026D0D50C18636C69656E745F617474725F7072655F7772697417
:20EF4000655F636F6E74696E7565000008D60C182DE9F04F85B0DDF840809A46DDE90EB7FC
:20EF600091460C460546012B0BD1012029460090224653484B46FFF771FC002841D0064679
:20EF800016E000202946009022464D484B46FFF765FCB0B306464B480078002867D0BAF1B3
:20EFA000040F05D1308B0F38B84278DA092083E00020318B0339B94225DA0320B7F5007F2E
:20EFC00088BF092078D8BAF1010F75D1284600213A464FF0000AFFF753F8002853D0054641
:20EFE0001C3001F0B8F9A5F81AA03046AF812946A5F808B04A46EC8005B0BDE8F04FFFF7D7
:20F000001BBF032058E000283846CDF810B018BF0C3081B22E48728B02F1030B00881FFA35
:20F020008BF52A46E6F7C2FB40B3044610FA8BF001F091F9F2885346B1880498CDE9000764
:20F0400020460295E7F796F9F8B1BAF1040F18BFBAF1020F25D11B480122017801390170AC
:20F060001948CBB21C49033002F07BFF1CE016480022164902F075FF06201DE012480022CE
:20F08000164902F06EFF082016E02046E6F7C0FB0D4800220F4902F064FF07200CE001203E
:20F0A00087E7012086F82900BAF1010F14BF86F8289086F82790002005B0BDE8F08F00BF69
:20F0C00063280504E40610000033102644D60C1816041000A4D60C1878D60C18D4D60C18F3
:20F0E00080B50A46014608A0FEF79EFF48B1C1888088E7F763F901460720002918BF0020F8
:20F1000080BD032080BD00BF636C69656E745F6578745F617474725F696E645F636F6E66AB
:20F1200069726D0080B5014607A00422FEF77CFF40B18088E7F74FF901460720002918BF41
:20F14000002080BD032080BD636C69656E745F6578745F73656E645F65786368616E676518
:20F160005F6D74755F726571000000002DE9FC4115460A4601460120009018A01C462B46B2
:20F18000FFF76CFB18B1022C01D30B2C02D90320BDE8FC81C288064681880120089F234620
:20F1A00000974FF00108E7F7B7F870B106F14A0062003946A6F8484086F8298086F826505F
:20F1C00002F0D9FE0020BDE8FC810D4800220D4902F0C7FE0720BDE8FC8100BF636C6965FB
:20F1E0006E745F6578745F617474725F726561645F6D756C74695F7661726961626C650039
:20F200000033102604D70C187CB501F053F801F09DF8FFF7ABFF7CBD10B50C46F2F73AF987
:20F2200004212246BDE81040FFF71CBCB0B501F09CF804212A462346BDE8B040FFF744BC0B
:20F24000B0B501F092F804212A462346BDE8B040FFF766BC7CB501F02DF801F077F8FFF786
:20F2600089FC7CBD7CB501F025F801F06FF8FFF7A9FC7CBD7CB501F01DF801F087F8FFF7C8
:20F28000C9FC7CBD7CB501F015F801F07FF8FFF7EFFC7CBD7CB501F00DF801F057F8FFF762
:20F2A00021FD7CBDB0B501F060F804212A462346BDE8B040FFF742BD7FB500F0FBFF01F0B2
:20F2C0002DF8FFF773FD04B070BD7FB500F0F2FF01F024F8FFF73CFE04B070BD80B5F2F771
:20F2E000D9F80421BDE88040FFF7FABE80B5F2F7D1F8BDE88040FFF715BF00BFF8B5F1F79B
:20F3000089FF90B1094D0026C47804276978C8B286420AD2A868C05920B1426912B1204674
:20F32000904769780C370136F1E7F8BDBC031000BFB5C188D1B300F0C8FFB8B304460B2067
:20F3400084F82400002594F8250084F82950FFF76BFA50B14168E9B10A68DAB1E07B94F8BF
:20F36000241004B0BDE8B04010478DF80050104D94F824008DF804006B681BB1E17B6A46A3
:20F38000FF209847ED688DB1E2886B46A188FF20A8470BE0806848B103683BB194F8242097
:20F3A000E188A08804B0BDE8B0401847BFBD00BFBC0310002DE9F04F8FB0804600F085FF3C
:20F3C000002800F042820646C07B089096F82500FFF72AFA8346B8F8060008B300240025E2
:20F3E00001270023C6F83E5098F804209BB2F188B8F800000095E6F75FFF002F00F02582B6
:20F4000096F82430C04D581E082800F26880DFE800F005666D666F66666679000220CBE1A0
:20F4200098F8040009960138042800F22181DFE810F005003A016B00BB00EE0000F099FFFD
:20F44000062940F06381DFF8D895002000264FF0000A2F460A9000F06EFF40F20B81B9882B
:20F46000032278883B88CDE900014946A64802F078FD788800F05BFF14D000F043FF05D0D4
:20F4800043681BB1089800212A46984700F036FF20D04468F4B1099800222B46C1888088FA
:20F4A000A04717E001200D978DF82C00DFF86C058DF8306043681BB108990BAAFF209847D0
:20F4C000DFF85805C4682CB10998C28881880BABFF20A047063706350AF1010ABBE7DFF848
:20F4E0004815A81E012202F03CFD67E1042063E196F82A00022800F05E81012814BF062018
:20F50000072059E10A2057E1B8F80C00B8F80A104044082940F09C81DFF8E89400F1140741
:20F5200000F10E0A002000250A90B8F80810E8B2814240F29F8037F8040C37F8063C37F88E
:20F54000021C3A888DE80700494604226E4802F008FD099837F8021C0A9190F82A0030B1D1
:20F5600001281CD1099A3988928F8A4217D100284FF0090408BF0324BBF1000F0FD000F050
:20F58000C1FE05D043681BB1089821465246984700F0B4FE03D046680EB100F0E0FE0837F3
:20F5A0000AF1080A0135C0E7B8F80C00404400F10E05B8F80A00042840F09F81DFF83C9440
:20F5C00000F0EEFE00F0BDFE54D9788849463B88022200904C4802F0C4FC388800F0A7FED6
:20F5E00011D000F08FFE05D043681BB1089805212A46984700F082FE05D046681EB10998E9
:20F60000052200F083FE043704350134DAE700F0B0FE082940F0A581DFF8F49300F0C0FEB7
:20F6200000F08FFE26D978883B88B988FA888DE8070049460422344802F093FC388800F0EA
:20F6400076FE11D000F05EFE05D043681BB1089807212A46984700F051FE05D046681EB115
:20F660000998072200F052FE083708350134D7E700200A900A98099E431C80B200285FEA0C
:20F680001F94F38707D0B6F84050A842BFF4A7AE00270024A8E61C480022DFF8881302382B
:20F6A00002F05FFC9BE6B8F80C000024DFF86493404400F10E0500200A902F4600F041FEE8
:20F6C000D8D9788849463B8802220090C94802F048FC788800F02BFE11D000F013FE05D05C
:20F6E00043681BB1089802212A46984700F006FE05D046681EB10998022200F007FE043746
:20F7000004350134DAE700BF02331026DFF8089300F1100400204FF0000A0A9000F00BFE1D
:20F72000A8D9D4F80E702088D4F8062034F8023CD4F80210D4F80A60CDE90007AD48CDE97E
:20F74000026206220491494602F00BFC208800F0EEFD14D000F0D6FD05D043681BB10898EA
:20F7600001212A46984700F0C9FD1FD04768EFB1099801222B46C1888088B84716E0A01EEB
:20F780000D9001208DF830008DF82C00A34843681BB108990BAAFF209847A048C7682FB198
:20F7A0000998C28881880BABFF20B847143414350AF1010AB2E7082086F82400B8F80630A1
:20F7C00040F20A40834214BF002B002C07D00B20964986F82400A81E012202F0C2FB96F815
:20F7E0002430681C9249012202F0BBFB0020BBF1000F86F8290009D000F084FD1BD002686A
:20F80000CAB196F82410089890471EE0834C8DF82C0096F8240063688DF830001BB10BAA03
:20F820000899FF209847E4687CB1F288FF20B1880BABA04709E000F061FD06D0036823B1F5
:20F8400096F82420F188B08898470FB0BDE8F08F00F1100900F10E0A099800272B30079096
:20F8600000200A90B8F80810F8B281427FF602AFB9F80000B9F80210D9F8042039F8023C9B
:20F88000D9F80840D9F80C60D9F810508DE8630058485B49CDE90442072202F062FB0998B0
:20F8A00090F82A40B9F802000A9044B1022C1ED1079809F10401102202F067FBB8B9002C36
:20F8C0004FF00A0408BF0424BBF1000F0FD000F019FD05D043681BB1089821465246984782
:20F8E00000F00CFD03D046680EB100F038FD09F116090AF1160A0137B4E7DFF8FC9000F050
:20F900004FFD00F01EFD7FF6B5AED7F80200D7F80610D7F80A203B88D7F80E60CDE9021041
:20F9200049463448CDE90062052202F01AFB388800F0FDFC11D000F0E5FC05D043681BB1CF
:20F94000089806212A46984700F0D8FC05D046681EB10998062200F0D9FC12350134123728
:20F96000CFE700F1140900204FF0000A0A9000F0E2FC7FF67FAE6888A988D5F806202B8889
:20F98000D5F80A60D5F80E70D5F812408DE8930018481D49CDE90462072202F0E2FA1020B5
:20F9A000494628B111F8012B0138002AF9D005E06B8801220F48154902F0D3FA288800F06F
:20F9C000B6FC11D000F09EFC05D043681BB1089808212A46984700F091FC05D046681EB1D7
:20F9E0000998082200F092FC09F116090AF1010A1635BCE702331026B0D90C1880D90C181C
:20FA000014D90C18B8D80C1828D80C1880D80C18E0D70C18BCD70C1878D70C18BC031000AD
:20FA200040D70C18F0D90C182CDA0C1860DA0C1894DA0C182DE9F04F89B0044600F045FC7B
:20FA4000002800F0BF808046C07B049098F826000894FEF7E9FEDDF820C006460690BCF841
:20FA6000061021B30020002E88F8290000F0AA80706850B1846844B10020002200900023DC
:20FA80000498A047069EDDF820C0B068002800F099808468002C00F09580BCF80620002327
:20FAA00000F06FFCCDE900330023A0478AE0BCF80A10002900F08680BCF810004FF0000A94
:20FAC000BCF80C906044CDF8148000F11205BCF80E0009F10202424305EB4004511A079155
:20FAE00081B25FFA8AFB8B456CD24A1E5A45079B4A4608BFD21A1B0452EA198901291BD1E8
:20FB0000B8F818001FFA89F70438B84213D12F482FA24FF4007140F2397306680020B0470B
:20FB2000DDF81480C8F84400D0BBDDF820C0069EBCF80E0000E001204FF0FF3111FA80F0C7
:20FB4000584504BF002088F829000EB3706860B1876857B12A881FFA89F3BCF8061004982E
:20FB60000094B847069EDDF820C0B06880B1876877B12B881FFA89F6BCF8062000F001FC27
:20FB80000096DDF814800194B847069EDDF820C014FA89F4BCF80E000AF1010A02359FE769
:20FBA00021463A4602F0E7F9A8F84290002300F0E8FB2A88CDE900230122CDE902333B460A
:20FBC000E6F78CFB09B0BDE8F08F00BF24BE1300636C69656E745F68616E646C655F6761BF
:20FBE00074745F617474725F726561645F62795F75756964000000002DE9FF47054600F021
:20FC000064FB002800F0AB80044690F82600FEF70BFEE98806466A8951B300203AB1EA891A
:20FC2000012A04D12A8A2A44B2F8128001E04FF00008002E84F8290000F08A80706840B1A8
:20FC4000876837B1E07B002200921FFA88F20023B847B06800287BD08668002E78D0EA88A8
:20FC60000023E188A088CDE900331FFA88F36EE0002A6DD0288AAF89284400F11209E889CB
:20FC800009EB40082889B8B1B4F84200C119B1F5007F34D8616C3A460844414602F06BF99F
:20FCA000B4F8420000EB070A208BA4F842A00138B8422CD1574613E0208B0138B84224D19E
:20FCC000284829A24FF4007140F2AC73D0F800C00020E0476064C0B100F03DFBA4F842706A
:20FCE000E1880023A088B9F80020CDE900230122CDE90233BBB2E6F7F1FABDE8FF8740F602
:20FD000011404FF0000AE88003E0BA4601E0D4F84480002084F82900D6B1706850B1876879
:20FD200047B1B9F800201FFA8AF3E988E07BCDF80080B847B06858B186684EB1EA881FFABB
:20FD40008AF5B9F80030E188A088CDE90058B047606C20B10D490968884700206064BDE8F1
:20FD6000FF8700BF24BE1300636C69656E745F68616E646C655F676174745F617474725F77
:20FD800062617369635F72656164000014BE13002DE9FF41064600F098FA00283FD00446DC
:20FDA0002E482FA240F628030568B4F8480000EB400081000020A84788B3804602208DF8D7
:20FDC000000004F14A0294F8260043468DF80400B4F84800B188CDF80C800746ADF8061098
:20FDE000ADF808002FB132F8025B013F23F80C5BF8E7002284F8292099B1244E73681BB104
:20FE0000E17B6A46FF209847F66826B1E2886B46A188FF20B0471E48016840468847BDE880
:20FE2000FF81318908F10802F38831440A310028E3D031F8025B023B9EB222F8045CB542FB
:20FE400053EA85869B1B11609DB222F8066C022DD3D311FA86F101380C32E8E724BE1300C6
:20FE6000636C69656E745F68616E646C655F676174745F617474725F726561645F6D756C67
:20FE800074695F7661726961626C6500BC03100014BE1300FEB5044600F017FA054620794A
:20FEA0009DB1042818BF022818D195F82800FEF7BBFC06461D480122017801310170CBB210
:20FEC0001B481C4902F04DF810E0042818BF02282AD11648017801310170FEBD95F8270022
:20FEE000FEF7A2FC0646002085F82900E6B1706860B1D0F80CC0BCF1000F07D00B4F2389B0
:20FF0000E2882179E87B3F780097E047B06858B1C6684EB1E988A888044DE38822792D781A
:20FF20002489CDE90045B047FEBD00BFE406100003331026C0DA0C18B0B514460D46FDF77E
:20FF40000BFF18B1016A2960818B218000285FEA0F90B0BD2DE9F04F89B004468888089030
:20FF60000E46C88890460D89079049883088FDF789FE002854D07119C0F820800A310691D6
:20FF8000A1EB0801DFF8D48081834FF0000B04904FF00009C07B002603900020059098F83E
:20FFA00001A0D14543D2D8F8080000EB0B07786860B1056955B10698B4F5917F00905FEA0B
:20FFC0001F910398DDE90732A8470646B86878B107696FB10498B4F5917F079A089BC188E1
:20FFE00080880092069A01925FEA1F92B847064640F60150864207D117480022194901F0F4
:020000040405F1
:20000000B0FF0120059006E0B4F5917F04BF40F60550864206D00BF10C0B09F10109BEE734
:20002000012614E00E4900220B4801F09AFFD14505995FEA3F96B4F5917F5FEA1F90084381
:20004000C00704D10498C1888088E6F7B7F9304609B0BDE8F08F00BF03331026BC0310003D
:2000600024DB0C18F8DA0C182DE9F04F85B0C488418803900088FDF705FE002843D0054630
:200080000398234B2044002400F108020398A1B28088814237D2211D568816FA81F4A1B21E
:2000A000814230D832F804AB4FF000080494002493465878804523D2986800EB0409D9F86D
:2000C000040050B1076947B1E87B012100921FFA8AF23346B8470E4B5A46D9F8080058B1B4
:2000E00007694FB1E9881FFA8AF3A888CDE900620122B847064B5A460C3408F10108D8E72D
:200100003244049CC2E7012005B0BDE8F08F00BFBC031000F8B5064600F0D7F804463088DE
:200120000021FDF735FF44B3054630B3B788002084F8290038465FB97089F1883044328916
:2001400029440C301C3101F020FFB8B140F20440688101220D483B460D4901F002FFE87B2D
:2001600048B9E18800223088E6F77CF818B10120E87384F8290000206883F8BD2A7E204632
:200180002946BDE8F840FEF757BE00BF003310265CDB0C18FEB5044600F097F80646208816
:2001A0000021FDF7F5FE5EB3054648B3287EFEF73BFB0746002086F82900E7B1786860B172
:2001C000D0F80CC0BCF1000F07D00E49A3882A89F07B097800910121E047B86858B1C668A6
:2001E0004EB1A288074C2B89E9882478A888CDE900240122B0472846BDE8FE40FDF7E6BEB5
:20020000FEBD00BFE406100080B502462848007800284AD05088A0F213110F290ED8DFE850
:2002200001F01F2344443344444427442B442F084408111DBDE88040FFF78CBEB0F5397F77
:2002400029D040F22F11884206D040F2E221884225D0B0F5977F28D19088FFF74FF824E092
:20026000101DFFF765F820E0101DFFF7A3F81CE0101DFFF70FFE18E0101DFFF74BFF14E0BB
:20028000101DFFF787FF10E0117A101D02290AD1FFF7D0FB09E0101DFFF77AFD05E0101DB1
:2002A000FFF7E2FE01E0FFF7A7FC012080BD00BFBC0310001C4615460E46F1F7EBB814460C
:2002C0000A46014601200090704741880088FDF7D9BC05F823006378127803EB430305EB9C
:2002E00083035A70627802EB420305EB830570471D46012623460096FEF7B0BADBF80800B0
:2003000000287047DBF80400002870472B46C188808830471D462346FEF7A0BA09993246DA
:2003200002912B460899CDE9004104217047BBF1000F0A907047B8F808105FFA8AF08142DB
:200340007047B8F80810E0B281427047042132462B460094704741463A4601F00CBE099856
:2003600022465346C1888088304714460D46F1F791B8B8F80C00B8F80A10404400F10E05C8
:200380007047B8F80610B8F804007047069932462B46CDE9004104217047022004B0B0BDD7
:2003A000002000242F460A907047000010B5044603480449002201F0D4FD0348047010BD1C
:2003C00002331026ACDB0C189F00100070B50446E5F734FAD8B1144D16A2144E2878002813
:2003E00018BF0234E0B2B470410111484A2304680020A047B06088B1FCF702FF287868B1C9
:20040000307901210122BDE87040F3F7ADBB044800220449BDE8704001F0A3BD70BD00BFFA
:2004200000351026CCDB0C189F001000CC03100024BE13007365727665725F696E69740059
:2004400002490A7902B17047C8607047CC0310002DE9FC41294D2E7806702C78A878844237
:2004600008D2E87888B1264800222749002401F078FD07E00090022221482346214901F0B7
:2004800070FD00242046BDE8FC81A868DDE9087E00EB4414DDE90A8C66702C7800EB44108F
:2004A0008160A86800EB441000F11001A1E88840A96882801C2001EB4411B2FBF0F0C1F8E3
:2004C0001C80A96801EB44118870A1F806C02878013028700D480078C00701D10124D1E72B
:2004E000074800220A490024023001F03AFD00F011F80028C6D00124EC70C3E7CC031000F9
:2005000000331026F4DB0C1840DC0C180804100080DC0C182DE9F84FDFF8FCA09AF802003F
:2005200030B93E480078002848D00020FFF74EFF3B494FF001099AF800003BA240F29533FB
:200540000978C90750EA09855FFA85F84FEA480050FA85F08100334804680020A04738B312
:200560008346AE4600274FF01C0CF9B288452CD99AF80100DAF80860431806EB431290684D
:2005800028B39AF80240A3421AD25D01755DBDB9938801EB410182F800900137B3FBFCF30D
:2005A0002BF821300BEB81014860D0880881DCE7244801222749434601F0D3FC002527E08F
:2005C000204802222049009404E0774604E01D4801221E4901F0C5FC380614D0FDB25946FC
:2005E0002846E5F7AFFC08B101250DE0DAF80800002100223DB19AF80130013D13440132A4
:200600005B01C154F6E7002511480168584688472846BDE8F88F00BFCC0310009F00100051
:200620000804100024BE13007365727665725F72656769737465725F73657276696365738B
:2006400000000000003310267CDF0C1830DF0C1814BE1300F4DE0C187FB5084C247914B1BA
:20066000002004B070BDDDE908540026CDE90054CDE90266FFF7ECFE04B070BDCC03100069
:20068000F0B585B0084C247914B1002005B0F0BD0C9E0027DDE90A54CDE90054CDE902761B
:2006A000FFF7D6FE05B0F0BDCC0310001FB5084C24794CB10024CDE902340023CDE9004440
:2006C000FFF7C6FE04B010BD002004B010BD00BFCC031000BFB5084C247954B1089C00256D
:2006E000CDE90055CDE902340023FFF7B1FE04B0B0BD002004B0B0BDCC03100002490A792C
:2007000002B10861704700BFCC03100010B507498C682CB106480022064901F022FC00E0D4
:200720000871002C5FEA1F9010BD00BFCC03100000331026ACDC0C18B0B51C461546FDF786
:20074000A1FA18B1016A2960818B218000285FEA0F90B0BD2DE9F04F87B005468A462AA0A6
:200760009146294652461F46FDF75EFC002846D02D49064606971398DDE911B78C6800B16D
:2007800019E0308B584598BFA0F1010B718B1FFA8BF73846E5F74AF840B18046708B109986
:2007A0003A46404401F0E7FB002003E04FF0000840F21140129F04EB491100220028069CAF
:2007C000CB68718B5BEA0286B6B20028CDE903172946CDE9014658EA0286009030465246E9
:2007E000E5F764FC08B101240AE0104800221049002401F0B6FB1EB13046E5F709F8002416
:20080000204607B0BDE8F08F7365727665725F6578745F617474725F726561645F636F6E9C
:200820006669726D00000000CC03100000331026F4DC0C18F8B506460C460BA01746314604
:2008400022461D46FDF7F0FB58B10F482146069B806800EB4710C26830460095E5F770FCDF
:20086000F8BD0020F8BD00BF7365727665725F6578745F617474725F77726974655F636F13
:200880006E6669726D000000CC0310002DE9F84305460F460FA0914629463A469846FDF725
:2008A000C3FB064628460121FDF772FB044646B1284639464A464346E5F7A0FC08B101259F
:2008C00000E0002514B12046FDF780FB2846BDE8F88300BF7365727665725F6578745F6521
:2008E0007865635F77726974655F636F6E6669726D0000002DE9FC470D460746C2EBC20079
:2009000089689846144601EB800093F800901C38FDF7DAF8002804D41CBF064610F0300AAC
:200920000BD140F60941009102221F4823461F4901F017FB0020BDE8FC8728462146FCF75B
:200940003FFD3946FCF75CFD164991F83810890708D4032822D840F60A41DFE800F0020E87
:200960001606E0E7BAF1300F03D1B9F1020F07D111E0B10609D4F106EBD5B9F1020F07D075
:20098000012088F80000BDE8FC87B9F1010F02D140F60A41C7E7022088F800000120BDE86A
:2009A000FC8700BFE40010000033102624DD0C182DE9F04F87B0054612980E468DF81B00FE
:2009C00041A01446294632469846FDF72DFB002876D00746008BDDF844A0033881B2404806
:2009E000514501D2022368E0DFF8F8B09BF8001079B33D4A9178A1422DD9D2F808900DF1FA
:200A00001B032846424609EB4411FFF773FF20B336480021109ABAF1000F008818BF002AB2
:200A200001D0798B0331002A5AEA12870022B7B18AB205913946E4F7B9FEE0B38246059841
:200A400010993A461AFA80F001F095FA0599002207E0032331E004232FE008232CE04FF0DF
:200A6000000A09EB441089B2C3689DF81B00CDE900283246CDE90271294604905046E5F71A
:200A800095FA80B19BF80000032219492B4601388BF80000C0B2CDE900601148033001F04A
:200AA00060FA01200DE0BAF1000F02D05046E4F7AFFE062300E0052309480E4900F00CFE51
:200AC000002007B0BDE8F08F7365727665725F6578745F73656E645F6461746100000000D2
:200AE00000331026E4061000CC0310001604100064DD0C18A8DD0C182DE9FC470DF1070816
:200B00008146012092460D4600268DF80700B0B2504517D22F886C883846FCF7ADFB70B14B
:200B20000146301D434614FA80F62819051DC888381A82B24846FFF7DDFE0028E7D100207C
:200B4000BDE8FC870120BDE8FC8700BF2DE9FE4F05460E4632A09146294632461F46FDF77A
:200B600063FA60B10446008B013881B23448B94228BF082F06D20223354900F0ADFD0020FC
:200B8000BDE8FE8FDFF8BCA09AF80010D1B18346284649463A46FFF7AFFFA8B1B9F1000FD0
:200BA00014D02948618B4C1C0088A2B23946E4F7FDFD90B3804610FA84F049463A4601F0D5
:200BC000DAF907E00323D7E7082327E0002700244FF00008A0B200904046294632463B46E3
:200BE000E5F72EFA88B19AF80000032217492B4601388AF80000C0B2CDE900600BF10300EE
:200C000001F0AFF90120BDE8FE8FB8F1000F02D04046E4F7FDFD062300E005235846ABE7A2
:200C20007365727665725F6578745F73656E645F6D756C74695F6E6F7469667900000000E2
:200C400000331026E406100016041000D4DD0C1824DE0C187FB500F034FD09993246039109
:200C60002B4608990291CDE900410421FFF772FD04B070BDB0B514460D46F0F70BFC042148
:200C80002A462346BDE8B040FFF700BE7CB500F018FD042132462B460094FFF7CBFD7CBD63
:200CA0007FB500F00EFD0999324602912B460899CDE900410421FFF77BFE04B070BDB0B575
:200CC00014460D46F0F7E6FB04212A462346BDE8B040FFF73BBF00BF1CB503460A488178F8
:200CE000994207D980685901415C19B100EB4310C48800E00024054802220549009401F0BE
:200D000030F920461CBD00BFCC031000023310265CDE0C182DE9FC41044614480F4616465A
:200D20008178B94216D980687901415C91B100EB4715314698462846FCF788FA50B1E8889F
:200D40002146304480B2FCF75BFBA8F800000120BDE8FC810648032206492346CDE9007603
:200D600001F0FFF80020BDE8FC8100BFCC031000003310269CDE0C1870B500F0A2FC31467A
:200D80002A462346BDE87040FFF7C4BF2DE9FF4705469A46DDF8309000206B7C0E9F022BAF
:200DA000A9F80000388012D129481646DDF834800079A0B1C869C0B30468B4B34A78334625
:200DC000E988A888CDE900A7CDF808800FE01E4801221E4901F0C5F840F2C3462DE00C697E
:200DE0001CB349783246E87B5346CDE90078A047064640F6015086421FD0C6B93888A9F870
:200E00000000298B514401398142BCBFA9F8001088B2B0EB0A0014D4A9F800000026D8F802
:200E200000005044C8F8000007E040F20446064801220849334601F094F8304604B0BDE874
:200E4000F08740F20746F8E700331026C4DF0C18CC031000F0DF0C1880B503460948017873
:200E6000806839B1027812B1C2689A4208D020300139F6E704480122044901F072F80020E7
:200E800080BD00BFCC0310000033102614E00C18F8B58DF8040008488DF80610ADF80830F8
:200EA00001798DF8072009B1026900E0C26812B101A9FF2090478FBDCC0310007FB5134CBC
:200EC000089D267976B1ADF80C3001238DF808004868ADF80A208DF80030ADF80250019059
:200EE00022690EE0ADF80620E268ADF8083001238DF80500C87B8DF80030ADF802508DF865
:200F0000040012B16946FF2090477FBDCC0310002DE9F047DFF8BC8004462D4998F800009A
:200F200091F800E010F0010C18BF4FF0010E94F80190002794F800A04E468EB14878013ED4
:200F40008A68656802EB4012EB59D360EB198A6808379B8802EB40120130D3804870ECE776
:200F6000AAEB09008E68C3B20027002033B14A78013B024401305201B754F7E7CA784FEA11
:200F80004C000AB10022CA70638823B14A780121FFF77EFF14E05FFA8EF24A4510D14978DA
:200FA00000230139CAB20021FFF772FF98F80000C00705D108480078C00701D0EFF7EEFB74
:200FC000606818B1BDE8F047E4F722BCBDE8F087CC03100008041000E8031000F8B50546E1
:200FE00041890089FCF74EFE04462868FFF734FF114F06463878411C1048397084B17EB13E
:20100000CBB20F49033000F067FBEB8940F60C40834210D063B9AA89002300F057FBF8BD72
:20102000CBB20849012201B0BDE8F04000F099BFAA8900F04BFBF8BDE40610000033102670
:2010400084E00C1840E00C187CB5054641880088FCF718FE114E0446307801303070C3B257
:201060000F485CB10F49033000F036FBAB8830785BB10090FF20214600220BE00A490122E0
:2010800002B0BDE8704000F06CBF0090FF20214600220023FFF712FF7CBD00BFE4061000DA
:2010A0000033102608E10C18BCE00C18F8B5044641890089FCF7E6FD05462068FFF7CCFE47
:2010C0000646D4E9002361892089A7890097E4F7D7FF4DB146B10549A2897078E389097896
:2010E00000912946FFF7EAFEF8BD00BFE40610002DE9F04188B00446418800880027ADF8BE
:201100001E70ADF81C700697FCF7BCFD05466068FFF7A2FEC0B1BDB121890646FCF796F8C8
:2011200080B30DF1160C638922890DF11E012088CDE9001C3146CDF818C0FCF784FCBDF8F2
:201140001E10ADF81C102AE040F2C3404FF000080026ADF81E706368628821882489BDF8F1
:201160001C508DE8910130460495E4F79FFF08BB1D4800221E4900F0F4FEDEB13046E4F701
:2011800047FB17E063890DF11E00228906A90DF11C0C8DE8031028463146FFF7F7FD60B126
:2011A00040F601518842D1D10F4800220F49023000F0D7FE08B0BDE8F081B5F81A80BDF8A9
:2011C0001E004146E4F732FB50B1BDF81E2006460699404400F0CFFE0020BDF81E70BAE73E
:2011E00040F21140B4E700BF0033102648E10C1878E10C18B0B514460D46FCF7ADFD18B167
:20120000016A2960818B218000285FEA0F90B0BD2DE9F04F8BB00546B0F802800020CDE9D5
:201220000900284630F804BF018A4668014444881231089101890791418930460691FFF737
:201240000BFE814658462146FCF71CFD8246B9F1000F18BFBAF1000F02D140F2C3435BE055
:2012600005960121089ECAF82050701BAAF81C0040F2B7108045079F51EA1190B8F58571AD
:2012800050EA118548463946FBF7E0FF88B109A8EAB20AA90092069A3B46CDE9031058464D
:2012A000CDE9012621464A46FCF71EFC0346059E32E038480079C0B1D9F81C00059E48B35A
:2012C000D0F804C0BCF1000F24D0EDB299F80120BAF80610BAF8040009AB0095069D019581
:2012E000089DCDE90253079B11E0D9F814C0059EBCF1000F0ED099F801109AF80F000AAAD2
:20130000069B0093089BCDE90132EBB2079AE047034601E040F20443B8F5857F0DD140F640
:201320000150834214D0079F5846214632460097E4F706FF0124089E0DE040F60550834211
:2013400006D1154800221549002400F00AFE00E00124DDE90776BAF1000F16D00A9D3DB140
:2013600099F801103A469AF80F00069B0096A847099D55B199F80120BAF80610BAF80400A8
:20138000069BCDE900363B46A84720460BB0BDE8F08F00BFCC03100000331026B4E10C184B
:2013A0002DE9F04385B0044641880088FCF76AFC0746208AB4F80A90204400F11208414886
:2013C00005886068FFF748FD002842D0002F40D0064620880121FCF7DBFD60B107467078DD
:2013E000397C814203D12089798A814217D040F2C340788113E0208801214FF40072FCF7B8
:201400003FFEA8B30746707838742089A18978823981C0EBC000B16801EB80007861788902
:20142000B8B9E0890021B1EB502F0FD17969498A09B188420AD262890244B2F5007F02D870
:20144000B1B38A4234D940F20D4001E040F20740788105354846A9B2E4F7E8F940B1074660
:2014600010FA85F041464A4600F085FD002004E04FF0000940F2114000276368ADB262885A
:20148000218824898DE8110238460395E4F76CFE58B90D4800220D4900F063FD2FB1384687
:2014A00005B0BDE8F043E4F7B3B905B0BDE8F083384441461C304A4600F05DFDE08948446D
:2014C000B881C6E71804100000331026FCE10C182DE9F04F87B006460020CDE905000121BB
:2014E00030880125FCF754FD044671883088FCF7C9FB824648B19AF81100022819BF40F280
:20150000C34701250025002701E040F2C34730794FF00008002857EA1082C5B94FF0000981
:20152000B8B184B16289B4F80890002A42D04FF0000840F6015082420BD1424800224249FD
:2015400000F00FFD16E04FF0000840F2C3424FF0000971884B463088E4F750FEBAF1000FAE
:2015600004D0B8F1000F18BF002C06D114B12046FCF72CFD07B0BDE8F08F069D4DB1A38916
:2015800004F11C06628A98F801109AF80F000096A847059D002DE9D0638A04F11C0798F864
:2015A0000120BAF80610BAF80400A689CDE90067A847DBE72248217C826802EB411861698E
:2015C0000A88520708D4486918B1A289498A8A422FD940F2C342BCE70079B8B1D8F81C0050
:2015E00058B345684DB3032798F80120638A0DF1140CBAF8061004F11C0EBAF80400B4F804
:201600000CB08DE88048CDF80CC00FE0D8F814509DB198F801100DF1180C628A04F11C0708
:201620009AF80F00A3898DE888100323A84702467FE704F11C0100F09EFC3A4689E700BFC2
:20164000CC031000023310263CE20C1880B54188A1F205120B2A0BD8DFE802F0061E31220E
:20166000311A3126312A311A0430FFF7B7FC26E040F2B71291420BD040F2E12291421BD0A3
:2016800040F2E62291421AD10430FFF741FC16E0BDE88040FFF7BCBD0430FFF707FD0EE005
:2016A0000430FFF725FD0AE00430FFF779FE06E00430FFF70DFF02E00430FFF7C5FC012049
:2016C00080BD1C4615460E46EFF7E4BE7078397800912146FFF7F2BB012200F042BC0000EF
:2016E00002480078C0F34010704700BFE40010002DE9FC41984617460C460546F0F79AFC13
:2017000020B928462146F0F7B1FF38B101263E70407888F800003046BDE8FC810748002186
:201720002A4600260368064898470346054806490222009400F015FCEDE700BF84AE130005
:20174000000030260035102668E20C18BCB50D460C490978890612D514460DF102010DF1F1
:201760000102FCF721FB50B19DF801100DF102002A462346FFF7BCFF08B10120BCBD0020B3
:20178000BCBD00BFE4001000F0B585B005461048007810F0200615D00C4600910D480222C1
:2017A0000D492B4600F0DDFB002701208DF8107004A922460423F3F7F3FB8DF8087002A991
:2017C00000F0D0F8002E5FEA0F9005B0F0BD00BFE400100002351026ACE20C1880B50B4681
:2017E0000649097889065CBF002080BD11461A46F3F7B0FC00285FEA1F9080BDE400100074
:2018000010B50C460849097889065CBF002010BD11780431CBB211462246F3F725FC00281B
:201820005FEA1F9010BD00BFE40010002DE9FF4105461548007880061AD50C46134814493B
:201840001F46CDE90023164603222346DDF8288000F087FBB8198DF80800381D08EB0701C3
:20186000C0B20090284622463346F3F733FC08B1002005E002A900F075F800285FEA1F9018
:2018800004B0BDE8F08100BFE400100003351026D4E20C181CB514460A460A4909788906A5
:2018A0000ED501A9F3F7B6FB50B99DF80400012806D810B19DF805106170207001201CBD91
:2018C00000201CBDE40010007CB5054612480C460178890609D590F83B00800601D40120CE
:2018E0007CBDFF2C18BF002A01D100207CBD1378012BFAD88DF8043001AE511C701C1A460E
:2019000000F039FB2846314622460423F3F748FB0028EAD1E3E700BFE4001000BCB50546E6
:201920000F480278920601D4002416E090F83B000124800611D5009401AB5A1C0846194698
:2019400000230024FBF79AFB38B901AA012029460124FFF7B9FF0028E6D02046BCBD00BF3E
:20196000E4001000284622460423F3F77DBB000080B5E5F750FE0721002818BF002108465F
:2019800080BD80B5E5F752FE0721002818BF0021084680BDB0B5054607A000F025FA48B177
:2019A000104900F010FAE5F74EFE00F025FA18BF0020B0BD0420B0BD6C655F72665F656E6E
:2019C00068616E6365645F726561645F7472616E736D69745F706F7765725F6C6576656CD5
:2019E00000000000A4021000B0B5054607A000F0FBF948B10F4900F0E6F9E5F733FE00F0D9
:201A0000FBF918BF0020B0BD0420B0BD6C655F72665F726561645F72656D6F74655F7472AA
:201A2000616E736D69745F706F7765725F6C6576656C0000A402100070B506460CA00D46F1
:201A400031461446EFF76CFC78B1144906EB86002246096801EBC0002946008AE5F711FE01
:201A600000F0CAF918BF002070BD042070BD00BF6C655F72665F7365745F7472616E736DD8
:201A800069745F706F7765725F7265706F7274696E675F656E61626C65000000A402100028
:201AA000FEB507460FA00E4639461C461546EFF737FCA0B1154B07EB8700DDE908211B6832
:201AC00003EBC0002346008ACDE9002131462A46E5F7E8FD00F090F918BF0020FEBD042097
:201AE000FEBD00BF6C655F72665F7365745F706174685F6C6F73735F7265706F7274696EBB
:201B0000675F706172616D7300000000A4021000B0B5054607A000F067F948B10F4900F0DD
:201B200052F9E5F7D4FD00F067F918BF0020B0BD0420B0BD6C655F72665F7365745F706185
:201B400074685F6C6F73735F7265706F7274696E675F656E61626C6500000000A4021000D4
:201B6000FEB50B490A6882B103A9059101A904910021ADF80C100188D0F80200CDF8060038
:201B8000D120ADF8041005A9904706B080BD00BF1C041000F8B507490A6852B101A9039184
:201BA00001210088ADF80800D120ADF8041003A990478FBD1C041000B0B586B0104D00F03D
:201BC00017F91AD000F00DF9B8B1C07810218DF804002088ADF8060020798DF80800B4F895
:201BE0000500ADF80C10ADF8090001A8049003A82A68059005A9D120904706B0B0BD00BF0A
:201C00001C041000BFB50C4D00F0F2F813D000F0E8F880B1C07811218DF802002088ADF8CB
:201C200000006846ADF80410029001A82A68039003A9D1209047BFBD1C041000BFB50B4DF1
:201C400000F0D6F810D000F0CCF868B1C078122100F0C1F86846ADF80410029001A82A68D1
:201C6000039003A9D1209047BFBD00BF1C04100010B586B004464088EFF7CCFAC8B10E4969
:201C80000A68B2B1C07813218DF80C002088ADF80E0020798DF81000D4F80500ADF8001063
:201CA000CDF8110003A801906846029002A9D120904706B010BD00BF1C041000BFB50B4D21
:201CC00000F096F810D000F08CF868B1C078202100F081F86846ADF80410029001A82A6803
:201CE000039003A9D1209047BFBD00BF1C041000BFB50B4D00F07CF810D000F072F868B1EF
:201D0000C078212100F067F86846ADF80410029001A82A68039003A9D1209047BFBD00BF84
:201D20001C0410001FB504460088EFF773FA90B109490A687AB1C07822218DF80C00608856
:201D4000ADF80010ADF80D0003A801906846029002A9D12090471FBD1C04100080B5418823
:201D6000A1F2E1310E292CD8DFE801F0082B0C2B102B142B182B1C2B202428000430FFF7C7
:201D8000EFFE1EE00430FFF705FF1AE00430FFF713FF16E00430FFF735FF12E00430FFF784
:201DA0008DFF0EE00430FFF7A3FF0AE00430FFF745FF06E00430FFF7B5FF02E00430FFF7B5
:201DC00057FF012080BD05EB8500096801EBC0002146008A70478DF800002088ADF8020041
:201DE00070476088EFF716BA0C462946EFF798BA044628680028704701460720002970478E
:201E0000431A28BF9A4240F2B68010441144032A40F2268010F0030F1EBF11F8013D521EE6
:201E200000F8013D10F0030F7FF4F6AF11F0030300F03B80083AC0F00B8051F8043D083A47
:201E400051F804CD40F8043D40F804CDFFF7F3BF121D5CBF51F8043D40F8043DAFF30080CF
:201E6000D20724BF11F8013D11F801CD48BF11F8012C24BF00F8013D00F801CD48BF00F86D
:201E8000012C7047431A28BF9A4240F292801044114410F0030F1EBF11F8013D521E00F8B3
:201EA000013D10F0030F7FF4F6AF103AC0F00A8010B531E9185020E91850103ABFF4F9AFD9
:201EC000BDE81040530724BF31E9081020E9081044BF51F8043D40F8043D12F0030F08BF9C
:201EE0007047D20728BF31F8023D48BF11F8012C28BF20F8023D48BF00F8012C70470000A5
:201F000004480549054A800818B108C9013808C2FAE7704700000000842805040000100056
:201F200008480949094A800818B108C9013808C2FAE7074800220749800810B104C101389E
:201F4000FBE77047900100009028050400001000B0070000900110004BF6916CC0F2010C31
:201F6000604743F6B13CC0F2020C60474DF63D1CC0F2010C60474DF6A30CC0F2010C6047D3
:201F80004DF6811CC0F2010C60474DF2C57CC0F2010C60474CF2191CC0F2010C60474CF2FE
:201FA000011CC0F2010C60474DF6650CC0F2010C60474DF6A14CC0F2010C60474CF2091C8B
:201FC000C0F2010C60474BF6A16CC0F2010C60474DF6811CC0F2010C6047000000000000A1
:201FE00000000000000000000000000000000000B35B341200100000001500040000F4026E
:20200000F4020A0110010C011001B701000000000000000000000000000000004401000093
:2020200000000000000000000000000000000000020C002800180000000000000000000052
:20204000000002000000000001000000000003280000000000000000000000000000010051
:202060004D001000010000000C00002A0000000000000000000000000000000000000000CC
:202080001100000000000328000000000000000000000000000001004C00100001000000A6
:2020A0000400012A00000000000000000000000000000000000000001100000002000328B3
:2020C0000200000000000000000000000000010000000000010000000000042A00000000CE
:2020E000000000000000000000000800E806100001000000020003280200000000000000AA
:20210000000000000000010000000000010000000000A62A000000000000000000000000ED
:20212000000001003804100001000000020003280200000000000000000000000000010021
:2021400000000000010000000000C92A00000000000000000000000000000100F006100084
:202160000100000034010000020C00280118000000000000000000000000020000000000D8
:202180000100000002000328200000000000000000000000000001000000000001000000EF
:2021A0000400052A00000000000000000000000000000000000000000000000012000229AF
:2021C0000000000000000000000000000000020000000000110000000200032802000000BD
:2021E000000000000000000000000100000000000100000000003A2B000000000000000078
:2022000000000000000001003904100001000000020003280A000000000000000000000038
:202220000000010000000000010000000400292B0000000000000000000000000000000044
:202240000000000011000000E000000000000000000000000000000000000000000000008D
:2022600000000000000000000000000000000000FCFFFFFFFFFFFFFFFFFFFFFF000000006D
:20228000000000000000000001000000FFFFFFFF4B60D2273E3CCE3BF6B053CCB0061D651D
:2022A000BC86987655BDEBB3E7933AAAD835C65A96C298D84539A1F4A033EB2D817D037755
:2022C000F240A463E5E6BCF847422CE1F2D1176BF551BF376840B6CBCE5E316B5733CE2BBB
:2022E000169E0F7C4AEBE78E9B7F1AFEE242E34F512563FCC2CAB9F3849E17A7ADFAE6BC37
:20230000FFFFFFFFFFFFFFFF00000000FFFFFFFFFFFFFFFFFFFFFFFFFFFFFFFF00000000D5
:20232000000000000000000001000000FFFFFFFF113904041D39040400000000C93A0404E5
:20234000D53A040400000000AD37040419380404A5380404D5390404213A0404913A0404F0
:20236000000402000200040200020101020001000400000401010200060000000000000036
:202380000402000200050200050101020001000400000401050200056274655F73636865D2
:2023A000645F696E6974006274655F6C655F706F6F6C5F696E6974006274655F7379735FB7
:2023C000706F6F6C5F696E6974006863695F6C655F6164765F7265706F72745F6576740089
:2023E0006863695F68616E646C655F61636C5F696E64006863695F69665F63616C6C626195
:20240000636B006863695F68616E646C655F75707065725F646174615F7265710068636990
:202420005F73656E645F706B74006863695F73656E645F636D645F6D7367006863695F6676
:202440007265655F6C696E6B006761705F69736F5F73656E645F64617461006863695F6854
:20246000616E646C655F69736F5F696E64006C3263755F73656E645F64617461006C32639B
:202480005F68616E646C655F646174615F696E64006C32635F73656E645F667261676D6503
:2024A0006E745F6D7367006C32635F73656E645F7064755F6D7367006C32635F696E697428
:2024C000006C32635F667265655F61636C5F6C696E6B006C32635F64656C6574655F636861
:2024E000616E6E006C32635F68616E646C655F6C655F7064755F6D736700736D5F696E69D6
:202500007400736D5F73656E645F6C655F73635F6D616B655F6B65795F72737000736D5F61
:2025200073656E645F6C655F73635F67656E5F64686B65795F72737000736D5F616C6C6FE4
:20254000635F736D705F6461746100736D5F72656C656173655F736D705F64617461007335
:202560006D5F68616E646C655F6D65737361676500736D5F747269676765725F637279708F
:20258000745F717565756500736D5F73656E645F73635F67656E5F64686B65795F72657171
:2025A00000736D5F73656E645F6863695F6C655F656E637279707400736D5F6465666572C6
:2025C0007265645F71756575655F6F7574006174745F73656E645F6E6F746966795F696E05
:2025E0006400676174745F696E697400676174745F73656E645F646973636F766572795F65
:20260000696E6400676174745F68616E646C655F6C655F657874656E6465645F6164765F2B
:2026200072657100676174745F68616E646C655F6C655F6164765F72657100676174745F57
:20264000726561645F6D756C746900676174745F68616E646C655F726561645F7265710037
:20266000676174745F68616E646C655F726561645F66696E645F72657100676174745F68C6
:20268000616E646C655F726561645F6D756C74695F72657100627469665F73656E645F639A
:2026A0006D6400627469665F70726F636573735F64656665727265645F6D736700627469C1
:2026C000665F64656665725F75705F6D736700627469665F6C655F616F785F636F6E6E5F5D
:2026E00069715F7265706F72745F696E666F00627469665F6C655F616F785F636F6E6E650C
:202700006374696F6E6C6573735F69715F7265706F72745F696E666F00627469665F6C65D1
:202720005F706572696F6469635F6164765F7265706F72745F696E666F00627469665F6CDB
:20274000655F6578745F6164765F7265706F72745F696E666F00627469665F726561645FC5
:202760006C6F63616C5F737570706F727465645F636F646563735F76325F727370006274A8
:2027800069665F726561645F6C6F63616C5F737570706F727465645F636F6465635F636140
:2027A000706162696C69746965735F72737000627469665F73656E645F6576656E74006CA4
:2027C00032635F656366635F73656E645F7365676D656E745F6D7367006C32635F656366E5
:2027E000635F68616E646C655F7364755F6D7367006761705F627469665F6D73675F636254
:20280000006761705F73656E645F6D73675F746F5F617070006369675F6D67725F696E6978
:2028200074006761705F6269675F6D67725F69736F635F62726F61646361737465725F69F8
:202840006E6974006761705F6269675F6D67725F73796E635F72656365697665725F696EB9
:20286000697400636C69656E745F6578745F617474725F777269746500000000E4001000B4
:202880009C000000000000000000000000000000FFFFFFFFFFFFFFFFFFFFFFFFFFFFFF00AB
:2028A0000103010007010000017F7FFFFF00FB004808070A474150000000000000000000DA
:2028C0000000000000000000000000000000000000000000000000000000000002020000F4
:2028E00003070700200000040201050000000000000000000000000000000000000000009B
:20290000000000000000000001011000100002080800C80001010100010040002000010056
:20292000400020000400F500010101018403FF014B00000071F2020499E2020481E6020411
:2029400029EE020471EC0204BDED0204B9EE020439EF020401F0020481F002042DF10204DA
:20296000C5F1020459E9020489EA0204FDED020471F20204AC00280024002400000C030056
:20298000003000003003000014102816FF001B013C003C0002010A020A060006F7000005BE
:2029A000F7000005FB00040A1014F7004C0585024265655467740000B43C64FF0800EF9901
:2029C000234CE0000010FF00030212010A040408080014F0FD03FD033C00FD03FD03FD031F
:2029E000040A100A300000000000000004080204000402003C000E00B4000A00B4000E009D
:202A00003C00060006141400F700FB00FF0000000100000000000000000000000000000054
:202A2000FFFFFFFFFFFFFFFFFFFFFFFFFFFFFFFFFFFFFFFFFFFFFFFFFFFFFFFFFFFFFFFFB6
:202A4000FFFFFFFFFFFFFFFFFFFFFFFFFFFFFFFFFFFFFFFFFFFFFFFFFFFFFFFFFFFFFFFF96
:202A6000FFFFFFFFFFFFFFFFFFFFFFFFFFFFFFFFFFFFFFFFFFFFFFFFFFFFFFFFFFFFFFFF76
:202A8000FFFFFFFFFFFFFFFFFFFFFFFFFFFFFFFFFFFFFFFFFFFFFFFFFFFFFFFFFFFFFFFF56
:202AA000FFFFFFFFFFFFFFFFFFFFFFFFFFFFFFFFFFFFFFFFFFFFFFFFFFFFFFFFFFFFFFFF36
:202AC000FFFFFFFFFFFFFFFFFFFFFFFFFFFFFFFFFFFFFFFFFFFFFFFFFFFFFFFFFFFFFFFF16
:202AE000FFFFFFFFFFFFFFFFFFFFFFFFFFFFFFFFFFFFFFFFFFFFFFFFFFFFFFFFFFFFFFFFF6
:202B0000FFFFFFFFFFFFFFFFFFFFFFFFFFFFFFFFFFFFFFFFFFFFFFFFFFFFFFFFFFFFFFFFD5
:202B2000FFFFFFFFFFFFFFFFFFFFFFFFFFFFFFFFFFFFFFFFFFFFFFFFFFFFFFFFFFFFFFFFB5
:202B4000FFFFFFFFFFFFFFFFFFFFFFFFFFFFFFFFFFFFFFFFFFFFFFFFFFFFFFFFFFFFFFFF95
:202B6000FFFFFFFFFFFFFFFFFFFFFFFFFFFFFFFFFFFFFFFFFFFFFFFFFFFFFFFFFFFFFFFF75
:202B8000FFFFFFFFFFFFFFFFFFFFFFFFFFFFFFFFFFFFFFFFFFFFFFFFFFFFFFFFFFFFFFFF55
:202BA000FFFFFFFFFFFFFFFFFFFFFFFFFFFFFFFFFFFFFFFFFFFFFFFFFFFFFFFFFFFFFFFF35
:202BC000FFFFFFFFFFFFFFFFFFFFFFFFFFFFFFFFFFFFFFFFFFFFFFFFFFFFFFFFFFFFFFFF15
:202BE000FFFFFFFFFFFFFFFFFFFFFFFFFFFFFFFFFFFFFFFFFFFFFFFFFFFFFFFFFFFFFFFFF5
:202C0000FFFFFFFFFFFFFFFFFFFFFFFFFFFFFFFFFFFFFFFFFFFFFFFFFFFFFFFFFFFFFFFFD4
:202C2000FFFFFFFFFFFFFFFFFFFFFFFFFFFFFFFFFFFFFFFFFFFFFFFFFFFFFFFFFFFFFFFFB4
:202C4000FFFFFFFFFFFFFFFFFFFFFFFFFFFFFFFFFFFFFFFFFFFFFFFFFFFFFFFFFFFFFFFF94
:202C6000FFFFFFFFFFFFFFFFFFFFFFFFFFFFFFFFFFFFFFFFFFFFFFFFFFFFFFFFFFFFFFFF74
:202C8000FFFFFFFFFFFFFFFFFFFFFFFFFFFFFFFFFFFFFFFFFFFFFFFFFFFFFFFFFFFFFFFF54
:202CA000FFFFFFFFFFFFFFFFFFFFFFFFFFFFFFFFFFFFFFFFFFFFFFFFFFFFFFFFFFFFFFFF34
:202CC000FFFFFFFFFFFFFFFFFFFFFFFFFFFFFFFFFFFFFFFFFFFFFFFFFFFFFFFFFFFFFFFF14
:202CE000FFFFFFFFFFFFFFFFFFFFFFFFFFFFFFFFFFFFFFFFFFFFFFFFFFFFFFFFFFFFFFFFF4
:202D0000FFFFFFFFFFFFFFFFFFFFFFFFFFFFFFFFFFFFFFFFFFFFFFFFFFFFFFFFFFFFFFFFD3
:202D2000FFFFFFFFFFFFFFFFFFFFFFFFFFFFFFFFFFFFFFFFFFFFFFFFFFFFFFFFFFFFFFFFB3
:202D4000FFFFFFFFFFFFFFFFFFFFFFFFFFFFFFFFFFFFFFFFFFFFFFFFFFFFFFFFFFFFFFFF93
:202D6000FFFFFFFFFFFFFFFFFFFFFFFFFFFFFFFFFFFFFFFFFFFFFFFFFFFFFFFFFFFFFFFF73
:202D8000FFFFFFFFFFFFFFFFFFFFFFFFFFFFFFFFFFFFFFFFFFFFFFFFFFFFFFFFFFFFFFFF53
:202DA000FFFFFFFFFFFFFFFFFFFFFFFFFFFFFFFFFFFFFFFFFFFFFFFFFFFFFFFFFFFFFFFF33
:202DC000FFFFFFFFFFFFFFFFFFFFFFFFFFFFFFFFFFFFFFFFFFFFFFFFFFFFFFFFFFFFFFFF13
:202DE000FFFFFFFFFFFFFFFFFFFFFFFFFFFFFFFFFFFFFFFFFFFFFFFFFFFFFFFFFFFFFFFFF3
:202E0000FFFFFFFFFFFFFFFFFFFFFFFFFFFFFFFFFFFFFFFFFFFFFFFFFFFFFFFFFFFFFFFFD2
:202E2000FFFFFFFFFFFFFFFFFFFFFFFFFFFFFFFFFFFFFFFFFFFFFFFFFFFFFFFFFFFFFFFFB2
:202E4000FFFFFFFFFFFFFFFFFFFFFFFFFFFFFFFFFFFFFFFFFFFFFFFFFFFFFFFFFFFFFFFF92
:202E6000FFFFFFFFFFFFFFFFFFFFFFFFFFFFFFFFFFFFFFFFFFFFFFFFFFFFFFFFFFFFFFFF72
:202E8000FFFFFFFFFFFFFFFFFFFFFFFFFFFFFFFFFFFFFFFFFFFFFFFFFFFFFFFFFFFFFFFF52
:202EA000FFFFFFFFFFFFFFFFFFFFFFFFFFFFFFFFFFFFFFFFFFFFFFFFFFFFFFFFFFFFFFFF32
:202EC000FFFFFFFFFFFFFFFFFFFFFFFFFFFFFFFFFFFFFFFFFFFFFFFFFFFFFFFFFFFFFFFF12
:202EE000FFFFFFFFFFFFFFFFFFFFFFFFFFFFFFFFFFFFFFFFFFFFFFFFFFFFFFFFFFFFFFFFF2
:202F0000FFFFFFFFFFFFFFFFFFFFFFFFFFFFFFFFFFFFFFFFFFFFFFFFFFFFFFFFFFFFFFFFD1
:202F2000FFFFFFFFFFFFFFFFFFFFFFFFFFFFFFFFFFFFFFFFFFFFFFFFFFFFFFFFFFFFFFFFB1
:202F4000FFFFFFFFFFFFFFFFFFFFFFFFFFFFFFFFFFFFFFFFFFFFFFFFFFFFFFFFFFFFFFFF91
:202F6000FFFFFFFFFFFFFFFFFFFFFFFFFFFFFFFFFFFFFFFFFFFFFFFFFFFFFFFFFFFFFFFF71
:202F8000FFFFFFFFFFFFFFFFFFFFFFFFFFFFFFFFFFFFFFFFFFFFFFFFFFFFFFFFFFFFFFFF51
:202FA000FFFFFFFFFFFFFFFFFFFFFFFFFFFFFFFFFFFFFFFFFFFFFFFFFFFFFFFFFFFFFFFF31
:202FC000FFFFFFFFFFFFFFFFFFFFFFFFFFFFFFFFFFFFFFFFFFFFFFFFFFFFFFFFFFFFFFFF11
:202FE000FFFFFFFFFFFFFFFFFFFFFFFFFFFFFFFFFFFFFFFFFFFFFFFFFFFFFFFFFFFFFFFFF1
:20300000FFFFFFFFFFFFFFFFFFFFFFFFFFFFFFFFFFFFFFFFFFFFFFFFFFFFFFFFFFFFFFFFD0
:20302000FFFFFFFFFFFFFFFFFFFFFFFFFFFFFFFFFFFFFFFFFFFFFFFFFFFFFFFFFFFFFFFFB0
:20304000FFFFFFFFFFFFFFFFFFFFFFFFFFFFFFFFFFFFFFFFFFFFFFFFFFFFFFFFFFFFFFFF90
:20306000FFFFFFFFFFFFFFFFFFFFFFFFFFFFFFFFFFFFFFFFFFFFFFFFFFFFFFFFFFFFFFFF70
:20308000FFFFFFFFFFFFFFFFFFFFFFFFFFFFFFFFFFFFFFFFFFFFFFFFFFFFFFFFFFFFFFFF50
:2030A000FFFFFFFFFFFFFFFFFFFFFFFFFFFFFFFFFFFFFFFFFFFFFFFFFFFFFFFFFFFFFFFF30
:2030C000FFFFFFFFFFFFFFFFFFFFFFFFFFFFFFFFFFFFFFFFFFFFFFFFFFFFFFFFFFFFFFFF10
:2030E000FFFFFFFFFFFFFFFFFFFFFFFFFFFFFFFFFFFFFFFFFFFFFFFFFFFFFFFFFFFFFFFFF0
:20310000FFFFFFFFFFFFFFFFFFFFFFFFFFFFFFFFFFFFFFFFFFFFFFFFFFFFFFFFFFFFFFFFCF
:20312000FFFFFFFFFFFFFFFFFFFFFFFFFFFFFFFFFFFFFFFFFFFFFFFFFFFFFFFFFFFFFFFFAF
:20314000FFFFFFFFFFFFFFFFFFFFFFFFFFFFFFFFFFFFFFFFFFFFFFFFFFFFFFFFFFFFFFFF8F
:20316000FFFFFFFFFFFFFFFFFFFFFFFFFFFFFFFFFFFFFFFFFFFFFFFFFFFFFFFFFFFFFFFF6F
:20318000FFFFFFFFFFFFFFFFFFFFFFFFFFFFFFFFFFFFFFFFFFFFFFFFFFFFFFFFFFFFFFFF4F
:2031A000FFFFFFFFFFFFFFFFFFFFFFFFFFFFFFFFFFFFFFFFFFFFFFFFFFFFFFFFFFFFFFFF2F
:2031C000FFFFFFFFFFFFFFFFFFFFFFFFFFFFFFFFFFFFFFFFFFFFFFFFFFFFFFFFFFFFFFFF0F
:2031E000FFFFFFFFFFFFFFFFFFFFFFFFFFFFFFFFFFFFFFFFFFFFFFFFFFFFFFFFFFFFFFFFEF
:20320000FFFFFFFFFFFFFFFFFFFFFFFFFFFFFFFFFFFFFFFFFFFFFFFFFFFFFFFFFFFFFFFFCE
:20322000FFFFFFFFFFFFFFFFFFFFFFFFFFFFFFFFFFFFFFFFFFFFFFFFFFFFFFFFFFFFFFFFAE
:20324000FFFFFFFFFFFFFFFFFFFFFFFFFFFFFFFFFFFFFFFFFFFFFFFFFFFFFFFFFFFFFFFF8E
:20326000FFFFFFFFFFFFFFFFFFFFFFFFFFFFFFFFFFFFFFFFFFFFFFFFFFFFFFFFFFFFFFFF6E
:20328000FFFFFFFFFFFFFFFFFFFFFFFFFFFFFFFFFFFFFFFFFFFFFFFFFFFFFFFFFFFFFFFF4E
:2032A000FFFFFFFFFFFFFFFFFFFFFFFFFFFFFFFFFFFFFFFFFFFFFFFFFFFFFFFFFFFFFFFF2E
:2032C000FFFFFFFFFFFFFFFFFFFFFFFFFFFFFFFFFFFFFFFFFFFFFFFFFFFFFFFFFFFFFFFF0E
:2032E000FFFFFFFFFFFFFFFFFFFFFFFFFFFFFFFFFFFFFFFFFFFFFFFFFFFFFFFFFFFFFFFFEE
:20330000FFFFFFFFFFFFFFFFFFFFFFFFFFFFFFFFFFFFFFFFFFFFFFFFFFFFFFFFFFFFFFFFCD
:20332000FFFFFFFFFFFFFFFFFFFFFFFFFFFFFFFFFFFFFFFFFFFFFFFFFFFFFFFFFFFFFFFFAD
:20334000FFFFFFFFFFFFFFFFFFFFFFFFFFFFFFFFFFFFFFFFFFFFFFFFFFFFFFFFFFFFFFFF8D
:20336000FFFFFFFFFFFFFFFFFFFFFFFFFFFFFFFFFFFFFFFFFFFFFFFFFFFFFFFFFFFFFFFF6D
:20338000FFFFFFFFFFFFFFFFFFFFFFFFFFFFFFFFFFFFFFFFFFFFFFFFFFFFFFFFFFFFFFFF4D
:2033A000FFFFFFFFFFFFFFFFFFFFFFFFFFFFFFFFFFFFFFFFFFFFFFFFFFFFFFFFFFFFFFFF2D
:2033C000FFFFFFFFFFFFFFFFFFFFFFFFFFFFFFFFFFFFFFFFFFFFFFFFFFFFFFFFFFFFFFFF0D
:2033E000FFFFFFFFFFFFFFFFFFFFFFFFFFFFFFFFFFFFFFFFFFFFFFFFFFFFFFFFFFFFFFFFED
:20340000FFFFFFFFFFFFFFFFFFFFFFFFFFFFFFFFFFFFFFFFFFFFFFFFFFFFFFFFFFFFFFFFCC
:20342000FFFFFFFFFFFFFFFFFFFFFFFFFFFFFFFFFFFFFFFFFFFFFFFFFFFFFFFFFFFFFFFFAC
:20344000FFFFFFFFFFFFFFFFFFFFFFFFFFFFFFFFFFFFFFFFFFFFFFFFFFFFFFFFFFFFFFFF8C
:20346000FFFFFFFFFFFFFFFFFFFFFFFFFFFFFFFFFFFFFFFFFFFFFFFFFFFFFFFFFFFFFFFF6C
:20348000FFFFFFFFFFFFFFFFFFFFFFFFFFFFFFFFFFFFFFFFFFFFFFFFFFFFFFFFFFFFFFFF4C
:2034A000FFFFFFFFFFFFFFFFFFFFFFFFFFFFFFFFFFFFFFFFFFFFFFFFFFFFFFFFFFFFFFFF2C
:2034C000FFFFFFFFFFFFFFFFFFFFFFFFFFFFFFFFFFFFFFFFFFFFFFFFFFFFFFFFFFFFFFFF0C
:2034E000FFFFFFFFFFFFFFFFFFFFFFFFFFFFFFFFFFFFFFFFFFFFFFFFFFFFFFFFFFFFFFFFEC
:20350000FFFFFFFFFFFFFFFFFFFFFFFFFFFFFFFFFFFFFFFFFFFFFFFFFFFFFFFFFFFFFFFFCB
:20352000FFFFFFFFFFFFFFFFFFFFFFFFFFFFFFFFFFFFFFFFFFFFFFFFFFFFFFFFFFFFFFFFAB
:20354000FFFFFFFFFFFFFFFFFFFFFFFFFFFFFFFFFFFFFFFFFFFFFFFFFFFFFFFFFFFFFFFF8B
:20356000FFFFFFFFFFFFFFFFFFFFFFFFFFFFFFFFFFFFFFFFFFFFFFFFFFFFFFFFFFFFFFFF6B
:20358000FFFFFFFFFFFFFFFFFFFFFFFFFFFFFFFFFFFFFFFFFFFFFFFFFFFFFFFFFFFFFFFF4B
:2035A000FFFFFFFFFFFFFFFFFFFFFFFFFFFFFFFFFFFFFFFFFFFFFFFFFFFFFFFFFFFFFFFF2B
:2035C000FFFFFFFFFFFFFFFFFFFFFFFFFFFFFFFFFFFFFFFFFFFFFFFFFFFFFFFFFFFFFFFF0B
:2035E000FFFFFFFFFFFFFFFFFFFFFFFFFFFFFFFFFFFFFFFFFFFFFFFFFFFFFFFFFFFFFFFFEB
:20360000FFFFFFFFFFFFFFFFFFFFFFFFFFFFFFFFFFFFFFFFFFFFFFFFFFFFFFFFFFFFFFFFCA
:20362000FFFFFFFFFFFFFFFFFFFFFFFFFFFFFFFFFFFFFFFFFFFFFFFFFFFFFFFFFFFFFFFFAA
:20364000FFFFFFFFFFFFFFFFFFFFFFFFFFFFFFFFFFFFFFFFFFFFFFFFFFFFFFFFFFFFFFFF8A
:20366000FFFFFFFFFFFFFFFFFFFFFFFFFFFFFFFFFFFFFFFFFFFFFFFFFFFFFFFFFFFFFFFF6A
:20368000FFFFFFFFFFFFFFFFFFFFFFFFFFFFFFFFFFFFFFFFFFFFFFFFFFFFFFFFFFFFFFFF4A
:2036A000FFFFFFFFFFFFFFFFFFFFFFFFFFFFFFFFFFFFFFFFFFFFFFFFFFFFFFFFFFFFFFFF2A
:2036C000FFFFFFFFFFFFFFFFFFFFFFFFFFFFFFFFFFFFFFFFFFFFFFFFFFFFFFFFFFFFFFFF0A
:2036E000FFFFFFFFFFFFFFFFFFFFFFFFFFFFFFFFFFFFFFFFFFFFFFFFFFFFFFFFFFFFFFFFEA
:20370000FFFFFFFFFFFFFFFFFFFFFFFFFFFFFFFFFFFFFFFFFFFFFFFFFFFFFFFFFFFFFFFFC9
:20372000FFFFFFFFFFFFFFFFFFFFFFFFFFFFFFFFFFFFFFFFFFFFFFFFFFFFFFFFFFFFFFFFA9
:20374000FFFFFFFFFFFFFFFFFFFFFFFFFFFFFFFFFFFFFFFFFFFFFFFFFFFFFFFFFFFFFFFF89
:20376000FFFFFFFFFFFFFFFFFFFFFFFFFFFFFFFFFFFFFFFFFFFFFFFFFFFFFFFFFFFFFFFF69
:20378000FFFFFFFFFFFFFFFFFFFFFFFFFFFFFFFFFFFFFFFFFFFFFFFFFFFFFFFFFFFFFFFF49
:2037A000FFFFFFFFFFFFFFFFFFFFFFFFFFFFFFFFFFFFFFFFFFFFFFFFFFFFFFFFFFFFFFFF29
:2037C000FFFFFFFFFFFFFFFFFFFFFFFFFFFFFFFFFFFFFFFFFFFFFFFFFFFFFFFFFFFFFFFF09
:2037E000FFFFFFFFFFFFFFFFFFFFFFFFFFFFFFFFFFFFFFFFFFFFFFFFFFFFFFFFFFFFFFFFE9
:20380000FFFFFFFFFFFFFFFFFFFFFFFFFFFFFFFFFFFFFFFFFFFFFFFFFFFFFFFFFFFFFFFFC8
:20382000FFFFFFFFFFFFFFFFFFFFFFFFFFFFFFFFFFFFFFFFFFFFFFFFFFFFFFFFFFFFFFFFA8
:20384000FFFFFFFFFFFFFFFFFFFFFFFFFFFFFFFFFFFFFFFFFFFFFFFFFFFFFFFFFFFFFFFF88
:20386000FFFFFFFFFFFFFFFFFFFFFFFFFFFFFFFFFFFFFFFFFFFFFFFFFFFFFFFFFFFFFFFF68
:20388000FFFFFFFFFFFFFFFFFFFFFFFFFFFFFFFFFFFFFFFFFFFFFFFFFFFFFFFFFFFFFFFF48
:2038A000FFFFFFFFFFFFFFFFFFFFFFFFFFFFFFFFFFFFFFFFFFFFFFFFFFFFFFFFFFFFFFFF28
:2038C000FFFFFFFFFFFFFFFFFFFFFFFFFFFFFFFFFFFFFFFFFFFFFFFFFFFFFFFFFFFFFFFF08
:2038E000FFFFFFFFFFFFFFFFFFFFFFFFFFFFFFFFFFFFFFFFFFFFFFFFFFFFFFFFFFFFFFFFE8
:20390000FFFFFFFFFFFFFFFFFFFFFFFFFFFFFFFFFFFFFFFFFFFFFFFFFFFFFFFFFFFFFFFFC7
:20392000FFFFFFFFFFFFFFFFFFFFFFFFFFFFFFFFFFFFFFFFFFFFFFFFFFFFFFFFFFFFFFFFA7
:20394000FFFFFFFFFFFFFFFFFFFFFFFFFFFFFFFFFFFFFFFFFFFFFFFFFFFFFFFFFFFFFFFF87
:20396000FFFFFFFFFFFFFFFFFFFFFFFFFFFFFFFFFFFFFFFFFFFFFFFFFFFFFFFFFFFFFFFF67
:20398000FFFFFFFFFFFFFFFFFFFFFFFFFFFFFFFFFFFFFFFFFFFFFFFFFFFFFFFFFFFFFFFF47
:2039A000FFFFFFFFFFFFFFFFFFFFFFFFFFFFFFFFFFFFFFFFFFFFFFFFFFFFFFFFFFFFFFFF27
:2039C000FFFFFFFFFFFFFFFFFFFFFFFFFFFFFFFFFFFFFFFFFFFFFFFFFFFFFFFFFFFFFFFF07
:2039E000FFFFFFFFFFFFFFFFFFFFFFFFFFFFFFFFFFFFFFFFFFFFFFFFFFFFFFFFFFFFFFFFE7
:203A0000FFFFFFFFFFFFFFFFFFFFFFFFFFFFFFFFFFFFFFFFFFFFFFFFFFFFFFFFFFFFFFFFC6
:203A2000FFFFFFFFFFFFFFFFFFFFFFFFFFFFFFFFFFFFFFFFFFFFFFFFFFFFFFFFFFFFFFFFA6
:203A4000FFFFFFFFFFFFFFFFFFFFFFFFFFFFFFFFFFFFFFFFFFFFFFFFFFFFFFFFFFFFFFFF86
:203A6000FFFFFFFFFFFFFFFFFFFFFFFFFFFFFFFFFFFFFFFFFFFFFFFFFFFFFFFFFFFFFFFF66
:203A8000FFFFFFFFFFFFFFFFFFFFFFFFFFFFFFFFFFFFFFFFFFFFFFFFFFFFFFFFFFFFFFFF46
:203AA000FFFFFFFFFFFFFFFFFFFFFFFFFFFFFFFFFFFFFFFFFFFFFFFFFFFFFFFFFFFFFFFF26
:203AC000FFFFFFFFFFFFFFFFFFFFFFFFFFFFFFFFFFFFFFFFFFFFFFFFFFFFFFFFFFFFFFFF06
:203AE000FFFFFFFFFFFFFFFFFFFFFFFFFFFFFFFFFFFFFFFFFFFFFFFFFFFFFFFFFFFFFFFFE6
:203B0000FFFFFFFFFFFFFFFFFFFFFFFFFFFFFFFFFFFFFFFFFFFFFFFFFFFFFFFFFFFFFFFFC5
:203B2000FFFFFFFFFFFFFFFFFFFFFFFFFFFFFFFFFFFFFFFFFFFFFFFFFFFFFFFFFFFFFFFFA5
:203B4000FFFFFFFFFFFFFFFFFFFFFFFFFFFFFFFFFFFFFFFFFFFFFFFFFFFFFFFFFFFFFFFF85
:203B6000FFFFFFFFFFFFFFFFFFFFFFFFFFFFFFFFFFFFFFFFFFFFFFFFFFFFFFFFFFFFFFFF65
:203B8000FFFFFFFFFFFFFFFFFFFFFFFFFFFFFFFFFFFFFFFFFFFFFFFFFFFFFFFFFFFFFFFF45
:203BA000FFFFFFFFFFFFFFFFFFFFFFFFFFFFFFFFFFFFFFFFFFFFFFFFFFFFFFFFFFFFFFFF25
:203BC000FFFFFFFFFFFFFFFFFFFFFFFFFFFFFFFFFFFFFFFFFFFFFFFFFFFFFFFFFFFFFFFF05
:203BE000FFFFFFFFFFFFFFFFFFFFFFFFFFFFFFFFFFFFFFFFFFFFFFFFFFFFFFFFFFFFFFFFE5
:203C0000FFFFFFFFFFFFFFFFFFFFFFFFFFFFFFFFFFFFFFFFFFFFFFFFFFFFFFFFFFFFFFFFC4
:203C2000FFFFFFFFFFFFFFFFFFFFFFFFFFFFFFFFFFFFFFFFFFFFFFFFFFFFFFFFFFFFFFFFA4
:203C4000FFFFFFFFFFFFFFFFFFFFFFFFFFFFFFFFFFFFFFFFFFFFFFFFFFFFFFFFFFFFFFFF84
:203C6000FFFFFFFFFFFFFFFFFFFFFFFFFFFFFFFFFFFFFFFFFFFFFFFFFFFFFFFFFFFFFFFF64
:203C8000FFFFFFFFFFFFFFFFFFFFFFFFFFFFFFFFFFFFFFFFFFFFFFFFFFFFFFFFFFFFFFFF44
:203CA000FFFFFFFFFFFFFFFFFFFFFFFFFFFFFFFFFFFFFFFFFFFFFFFFFFFFFFFFFFFFFFFF24
:203CC000FFFFFFFFFFFFFFFFFFFFFFFFFFFFFFFFFFFFFFFFFFFFFFFFFFFFFFFFFFFFFFFF04
:203CE000FFFFFFFFFFFFFFFFFFFFFFFFFFFFFFFFFFFFFFFFFFFFFFFFFFFFFFFFFFFFFFFFE4
:203D0000FFFFFFFFFFFFFFFFFFFFFFFFFFFFFFFFFFFFFFFFFFFFFFFFFFFFFFFFFFFFFFFFC3
:203D2000FFFFFFFFFFFFFFFFFFFFFFFFFFFFFFFFFFFFFFFFFFFFFFFFFFFFFFFFFFFFFFFFA3
:203D4000FFFFFFFFFFFFFFFFFFFFFFFFFFFFFFFFFFFFFFFFFFFFFFFFFFFFFFFFFFFFFFFF83
:203D6000FFFFFFFFFFFFFFFFFFFFFFFFFFFFFFFFFFFFFFFFFFFFFFFFFFFFFFFFFFFFFFFF63
:203D8000FFFFFFFFFFFFFFFFFFFFFFFFFFFFFFFFFFFFFFFFFFFFFFFFFFFFFFFFFFFFFFFF43
:203DA000FFFFFFFFFFFFFFFFFFFFFFFFFFFFFFFFFFFFFFFFFFFFFFFFFFFFFFFFFFFFFFFF23
:203DC000FFFFFFFFFFFFFFFFFFFFFFFFFFFFFFFFFFFFFFFFFFFFFFFFFFFFFFFFFFFFFFFF03
:203DE000FFFFFFFFFFFFFFFFFFFFFFFFFFFFFFFFFFFFFFFFFFFFFFFFFFFFFFFFFFFFFFFFE3
:203E0000FFFFFFFFFFFFFFFFFFFFFFFFFFFFFFFFFFFFFFFFFFFFFFFFFFFFFFFFFFFFFFFFC2
:203E2000FFFFFFFFFFFFFFFFFFFFFFFFFFFFFFFFFFFFFFFFFFFFFFFFFFFFFFFFFFFFFFFFA2
:203E4000FFFFFFFFFFFFFFFFFFFFFFFFFFFFFFFFFFFFFFFFFFFFFFFFFFFFFFFFFFFFFFFF82
:203E6000FFFFFFFFFFFFFFFFFFFFFFFFFFFFFFFFFFFFFFFFFFFFFFFFFFFFFFFFFFFFFFFF62
:203E8000FFFFFFFFFFFFFFFFFFFFFFFFFFFFFFFFFFFFFFFFFFFFFFFFFFFFFFFFFFFFFFFF42
:203EA000FFFFFFFFFFFFFFFFFFFFFFFFFFFFFFFFFFFFFFFFFFFFFFFFFFFFFFFFFFFFFFFF22
:203EC000FFFFFFFFFFFFFFFFFFFFFFFFFFFFFFFFFFFFFFFFFFFFFFFFFFFFFFFFFFFFFFFF02
:203EE000FFFFFFFFFFFFFFFFFFFFFFFFFFFFFFFFFFFFFFFFFFFFFFFFFFFFFFFFFFFFFFFFE2
:203F0000FFFFFFFFFFFFFFFFFFFFFFFFFFFFFFFFFFFFFFFFFFFFFFFFFFFFFFFFFFFFFFFFC1
:203F2000FFFFFFFFFFFFFFFFFFFFFFFFFFFFFFFFFFFFFFFFFFFFFFFFFFFFFFFFFFFFFFFFA1
:203F4000FFFFFFFFFFFFFFFFFFFFFFFFFFFFFFFFFFFFFFFFFFFFFFFFFFFFFFFFFFFFFFFF81
:203F6000FFFFFFFFFFFFFFFFFFFFFFFFFFFFFFFFFFFFFFFFFFFFFFFFFFFFFFFFFFFFFFFF61
:203F8000FFFFFFFFFFFFFFFFFFFFFFFFFFFFFFFFFFFFFFFFFFFFFFFFFFFFFFFFFFFFFFFF41
:203FA000FFFFFFFFFFFFFFFFFFFFFFFFFFFFFFFFFFFFFFFFFFFFFFFFFFFFFFFFFFFFFFFF21
:203FC000FFFFFFFFFFFFFFFFFFFFFFFFFFFFFFFFFFFFFFFFFFFFFFFFFFFFFFFFFFFFFFFF01
:203FE000FFFFFFFFFFFFFFFFFFFFFFFFFFFFFFFFFFFFFFFFFFFFFFFFFFFFFFFFFFFFFFFFE1
:20400000FFFFFFFFFFFFFFFFFFFFFFFFFFFFFFFFFFFFFFFFFFFFFFFFFFFFFFFFFFFFFFFFC0
:20402000FFFFFFFFFFFFFFFFFFFFFFFFFFFFFFFFFFFFFFFFFFFFFFFFFFFFFFFFFFFFFFFFA0
:20404000FFFFFFFFFFFFFFFFFFFFFFFFFFFFFFFFFFFFFFFFFFFFFFFFFFFFFFFFFFFFFFFF80
:20406000FFFFFFFFFFFFFFFFFFFFFFFFFFFFFFFFFFFFFFFFFFFFFFFFFFFFFFFFFFFFFFFF60
:20408000FFFFFFFFFFFFFFFFFFFFFFFFFFFFFFFFFFFFFFFFFFFFFFFFFFFFFFFFFFFFFFFF40
:2040A000FFFFFFFFFFFFFFFFFFFFFFFFFFFFFFFFFFFFFFFFFFFFFFFFFFFFFFFFFFFFFFFF20
:2040C000FFFFFFFFFFFFFFFFFFFFFFFFFFFFFFFFFFFFFFFFFFFFFFFFFFFFFFFFFFFFFFFF00
:2040E000FFFFFFFFFFFFFFFFFFFFFFFFFFFFFFFFFFFFFFFFFFFFFFFFFFFFFFFFFFFFFFFFE0
:20410000FFFFFFFFFFFFFFFFFFFFFFFFFFFFFFFFFFFFFFFFFFFFFFFFFFFFFFFFFFFFFFFFBF
:20412000FFFFFFFFFFFFFFFFFFFFFFFFFFFFFFFFFFFFFFFFFFFFFFFFFFFFFFFFFFFFFFFF9F
:20414000FFFFFFFFFFFFFFFFFFFFFFFFFFFFFFFFFFFFFFFFFFFFFFFFFFFFFFFFFFFFFFFF7F
:20416000FFFFFFFFFFFFFFFFFFFFFFFFFFFFFFFFFFFFFFFFFFFFFFFFFFFFFFFFFFFFFFFF5F
:20418000FFFFFFFFFFFFFFFFFFFFFFFFFFFFFFFFFFFFFFFFFFFFFFFFFFFFFFFFFFFFFFFF3F
:2041A000FFFFFFFFFFFFFFFFFFFFFFFFFFFFFFFFFFFFFFFFFFFFFFFFFFFFFFFFFFFFFFFF1F
:2041C000FFFFFFFFFFFFFFFFFFFFFFFFFFFFFFFFFFFFFFFFFFFFFFFFFFFFFFFFFFFFFFFFFF
:2041E000FFFFFFFFFFFFFFFFFFFFFFFFFFFFFFFFFFFFFFFFFFFFFFFFFFFFFFFFFFFFFFFFDF
:20420000FFFFFFFFFFFFFFFFFFFFFFFFFFFFFFFFFFFFFFFFFFFFFFFFFFFFFFFFFFFFFFFFBE
:20422000FFFFFFFFFFFFFFFFFFFFFFFFFFFFFFFFFFFFFFFFFFFFFFFFFFFFFFFFFFFFFFFF9E
:20424000FFFFFFFFFFFFFFFFFFFFFFFFFFFFFFFFFFFFFFFFFFFFFFFFFFFFFFFFFFFFFFFF7E
:20426000FFFFFFFFFFFFFFFFFFFFFFFFFFFFFFFFFFFFFFFFFFFFFFFFFFFFFFFFFFFFFFFF5E
:20428000FFFFFFFFFFFFFFFFFFFFFFFFFFFFFFFFFFFFFFFFFFFFFFFFFFFFFFFFFFFFFFFF3E
:2042A000FFFFFFFFFFFFFFFFFFFFFFFFFFFFFFFFFFFFFFFFFFFFFFFFFFFFFFFFFFFFFFFF1E
:2042C000FFFFFFFFFFFFFFFFFFFFFFFFFFFFFFFFFFFFFFFFFFFFFFFFFFFFFFFFFFFFFFFFFE
:2042E000FFFFFFFFFFFFFFFFFFFFFFFFFFFFFFFFFFFFFFFFFFFFFFFFFFFFFFFFFFFFFFFFDE
:20430000FFFFFFFFFFFFFFFFFFFFFFFFFFFFFFFFFFFFFFFFFFFFFFFFFFFFFFFFFFFFFFFFBD
:20432000FFFFFFFFFFFFFFFFFFFFFFFFFFFFFFFFFFFFFFFFFFFFFFFFFFFFFFFFFFFFFFFF9D
:20434000FFFFFFFFFFFFFFFFFFFFFFFFFFFFFFFFFFFFFFFFFFFFFFFFFFFFFFFFFFFFFFFF7D
:20436000FFFFFFFFFFFFFFFFFFFFFFFFFFFFFFFFFFFFFFFFFFFFFFFFFFFFFFFFFFFFFFFF5D
:20438000FFFFFFFFFFFFFFFFFFFFFFFFFFFFFFFFFFFFFFFFFFFFFFFFFFFFFFFFFFFFFFFF3D
:2043A000FFFFFFFFFFFFFFFFFFFFFFFFFFFFFFFFFFFFFFFFFFFFFFFFFFFFFFFFFFFFFFFF1D
:2043C000FFFFFFFFFFFFFFFFFFFFFFFFFFFFFFFFFFFFFFFFFFFFFFFFFFFFFFFFFFFFFFFFFD
:2043E000FFFFFFFFFFFFFFFFFFFFFFFFFFFFFFFFFFFFFFFFFFFFFFFFFFFFFFFFFFFFFFFFDD
:20440000FFFFFFFFFFFFFFFFFFFFFFFFFFFFFFFFFFFFFFFFFFFFFFFFFFFFFFFFFFFFFFFFBC
:20442000FFFFFFFFFFFFFFFFFFFFFFFFFFFFFFFFFFFFFFFFFFFFFFFFFFFFFFFFFFFFFFFF9C
:20444000FFFFFFFFFFFFFFFFFFFFFFFFFFFFFFFFFFFFFFFFFFFFFFFFFFFFFFFFFFFFFFFF7C
:20446000FFFFFFFFFFFFFFFFFFFFFFFFFFFFFFFFFFFFFFFFFFFFFFFFFFFFFFFFFFFFFFFF5C
:20448000FFFFFFFFFFFFFFFFFFFFFFFFFFFFFFFFFFFFFFFFFFFFFFFFFFFFFFFFFFFFFFFF3C
:2044A000FFFFFFFFFFFFFFFFFFFFFFFFFFFFFFFFFFFFFFFFFFFFFFFFFFFFFFFFFFFFFFFF1C
:2044C000FFFFFFFFFFFFFFFFFFFFFFFFFFFFFFFFFFFFFFFFFFFFFFFFFFFFFFFFFFFFFFFFFC
:2044E000FFFFFFFFFFFFFFFFFFFFFFFFFFFFFFFFFFFFFFFFFFFFFFFFFFFFFFFFFFFFFFFFDC
:20450000FFFFFFFFFFFFFFFFFFFFFFFFFFFFFFFFFFFFFFFFFFFFFFFFFFFFFFFFFFFFFFFFBB
:20452000FFFFFFFFFFFFFFFFFFFFFFFFFFFFFFFFFFFFFFFFFFFFFFFFFFFFFFFFFFFFFFFF9B
:20454000FFFFFFFFFFFFFFFFFFFFFFFFFFFFFFFFFFFFFFFFFFFFFFFFFFFFFFFFFFFFFFFF7B
:20456000FFFFFFFFFFFFFFFFFFFFFFFFFFFFFFFFFFFFFFFFFFFFFFFFFFFFFFFFFFFFFFFF5B
:20458000FFFFFFFFFFFFFFFFFFFFFFFFFFFFFFFFFFFFFFFFFFFFFFFFFFFFFFFFFFFFFFFF3B
:2045A000FFFFFFFFFFFFFFFFFFFFFFFFFFFFFFFFFFFFFFFFFFFFFFFFFFFFFFFFFFFFFFFF1B
:2045C000FFFFFFFFFFFFFFFFFFFFFFFFFFFFFFFFFFFFFFFFFFFFFFFFFFFFFFFFFFFFFFFFFB
:2045E000FFFFFFFFFFFFFFFFFFFFFFFFFFFFFFFFFFFFFFFFFFFFFFFFFFFFFFFFFFFFFFFFDB
:20460000FFFFFFFFFFFFFFFFFFFFFFFFFFFFFFFFFFFFFFFFFFFFFFFFFFFFFFFFFFFFFFFFBA
:20462000FFFFFFFFFFFFFFFFFFFFFFFFFFFFFFFFFFFFFFFFFFFFFFFFFFFFFFFFFFFFFFFF9A
:20464000FFFFFFFFFFFFFFFFFFFFFFFFFFFFFFFFFFFFFFFFFFFFFFFFFFFFFFFFFFFFFFFF7A
:20466000FFFFFFFFFFFFFFFFFFFFFFFFFFFFFFFFFFFFFFFFFFFFFFFFFFFFFFFFFFFFFFFF5A
:20468000FFFFFFFFFFFFFFFFFFFFFFFFFFFFFFFFFFFFFFFFFFFFFFFFFFFFFFFFFFFFFFFF3A
:2046A000FFFFFFFFFFFFFFFFFFFFFFFFFFFFFFFFFFFFFFFFFFFFFFFFFFFFFFFFFFFFFFFF1A
:2046C000FFFFFFFFFFFFFFFFFFFFFFFFFFFFFFFFFFFFFFFFFFFFFFFFFFFFFFFFFFFFFFFFFA
:2046E000FFFFFFFFFFFFFFFFFFFFFFFFFFFFFFFFFFFFFFFFFFFFFFFFFFFFFFFFFFFFFFFFDA
:20470000FFFFFFFFFFFFFFFFFFFFFFFFFFFFFFFFFFFFFFFFFFFFFFFFFFFFFFFFFFFFFFFFB9
:20472000FFFFFFFFFFFFFFFFFFFFFFFFFFFFFFFFFFFFFFFFFFFFFFFFFFFFFFFFFFFFFFFF99
:20474000FFFFFFFFFFFFFFFFFFFFFFFFFFFFFFFFFFFFFFFFFFFFFFFFFFFFFFFFFFFFFFFF79
:20476000FFFFFFFFFFFFFFFFFFFFFFFFFFFFFFFFFFFFFFFFFFFFFFFFFFFFFFFFFFFFFFFF59
:20478000FFFFFFFFFFFFFFFFFFFFFFFFFFFFFFFFFFFFFFFFFFFFFFFFFFFFFFFFFFFFFFFF39
:2047A000FFFFFFFFFFFFFFFFFFFFFFFFFFFFFFFFFFFFFFFFFFFFFFFFFFFFFFFFFFFFFFFF19
:2047C000FFFFFFFFFFFFFFFFFFFFFFFFFFFFFFFFFFFFFFFFFFFFFFFFFFFFFFFFFFFFFFFFF9
:2047E000FFFFFFFFFFFFFFFFFFFFFFFFFFFFFFFFFFFFFFFFFFFFFFFFFFFFFFFFFFFFFFFFD9
:20480000FFFFFFFFFFFFFFFFFFFFFFFFFFFFFFFFFFFFFFFFFFFFFFFFFFFFFFFFFFFFFFFFB8
:20482000FFFFFFFFFFFFFFFFFFFFFFFFFFFFFFFFFFFFFFFFFFFFFFFFFFFFFFFFFFFFFFFF98
:20484000FFFFFFFFFFFFFFFFFFFFFFFFFFFFFFFFFFFFFFFFFFFFFFFFFFFFFFFFFFFFFFFF78
:20486000FFFFFFFFFFFFFFFFFFFFFFFFFFFFFFFFFFFFFFFFFFFFFFFFFFFFFFFFFFFFFFFF58
:20488000FFFFFFFFFFFFFFFFFFFFFFFFFFFFFFFFFFFFFFFFFFFFFFFFFFFFFFFFFFFFFFFF38
:2048A000FFFFFFFFFFFFFFFFFFFFFFFFFFFFFFFFFFFFFFFFFFFFFFFFFFFFFFFFFFFFFFFF18
:2048C000FFFFFFFFFFFFFFFFFFFFFFFFFFFFFFFFFFFFFFFFFFFFFFFFFFFFFFFFFFFFFFFFF8
:2048E000FFFFFFFFFFFFFFFFFFFFFFFFFFFFFFFFFFFFFFFFFFFFFFFFFFFFFFFFFFFFFFFFD8
:20490000FFFFFFFFFFFFFFFFFFFFFFFFFFFFFFFFFFFFFFFFFFFFFFFFFFFFFFFFFFFFFFFFB7
:20492000FFFFFFFFFFFFFFFFFFFFFFFFFFFFFFFFFFFFFFFFFFFFFFFFFFFFFFFFFFFFFFFF97
:20494000FFFFFFFFFFFFFFFFFFFFFFFFFFFFFFFFFFFFFFFFFFFFFFFFFFFFFFFFFFFFFFFF77
:20496000FFFFFFFFFFFFFFFFFFFFFFFFFFFFFFFFFFFFFFFFFFFFFFFFFFFFFFFFFFFFFFFF57
:20498000FFFFFFFFFFFFFFFFFFFFFFFFFFFFFFFFFFFFFFFFFFFFFFFFFFFFFFFFFFFFFFFF37
:2049A000FFFFFFFFFFFFFFFFFFFFFFFFFFFFFFFFFFFFFFFFFFFFFFFFFFFFFFFFFFFFFFFF17
:2049C000FFFFFFFFFFFFFFFFFFFFFFFFFFFFFFFFFFFFFFFFFFFFFFFFFFFFFFFFFFFFFFFFF7
:2049E000FFFFFFFFFFFFFFFFFFFFFFFFFFFFFFFFFFFFFFFFFFFFFFFFFFFFFFFFFFFFFFFFD7
:204A0000FFFFFFFFFFFFFFFFFFFFFFFFFFFFFFFFFFFFFFFFFFFFFFFFFFFFFFFFFFFFFFFFB6
:204A2000FFFFFFFFFFFFFFFFFFFFFFFFFFFFFFFFFFFFFFFFFFFFFFFFFFFFFFFFFFFFFFFF96
:204A4000FFFFFFFFFFFFFFFFFFFFFFFFFFFFFFFFFFFFFFFFFFFFFFFFFFFFFFFFFFFFFFFF76
:204A6000FFFFFFFFFFFFFFFFFFFFFFFFFFFFFFFFFFFFFFFFFFFFFFFFFFFFFFFFFFFFFFFF56
:204A8000FFFFFFFFFFFFFFFFFFFFFFFFFFFFFFFFFFFFFFFFFFFFFFFFFFFFFFFFFFFFFFFF36
:204AA000FFFFFFFFFFFFFFFFFFFFFFFFFFFFFFFFFFFFFFFFFFFFFFFFFFFFFFFFFFFFFFFF16
:204AC000FFFFFFFFFFFFFFFFFFFFFFFFFFFFFFFFFFFFFFFFFFFFFFFFFFFFFFFFFFFFFFFFF6
:204AE000FFFFFFFFFFFFFFFFFFFFFFFFFFFFFFFFFFFFFFFFFFFFFFFFFFFFFFFFFFFFFFFFD6
:204B0000FFFFFFFFFFFFFFFFFFFFFFFFFFFFFFFFFFFFFFFFFFFFFFFFFFFFFFFFFFFFFFFFB5
:204B2000FFFFFFFFFFFFFFFFFFFFFFFFFFFFFFFFFFFFFFFFFFFFFFFFFFFFFFFFFFFFFFFF95
:204B4000FFFFFFFFFFFFFFFFFFFFFFFFFFFFFFFFFFFFFFFFFFFFFFFFFFFFFFFFFFFFFFFF75
:204B6000FFFFFFFFFFFFFFFFFFFFFFFFFFFFFFFFFFFFFFFFFFFFFFFFFFFFFFFFFFFFFFFF55
:204B8000FFFFFFFFFFFFFFFFFFFFFFFFFFFFFFFFFFFFFFFFFFFFFFFFFFFFFFFFFFFFFFFF35
:204BA000FFFFFFFFFFFFFFFFFFFFFFFFFFFFFFFFFFFFFFFFFFFFFFFFFFFFFFFFFFFFFFFF15
:204BC000FFFFFFFFFFFFFFFFFFFFFFFFFFFFFFFFFFFFFFFFFFFFFFFFFFFFFFFFFFFFFFFFF5
:204BE000FFFFFFFFFFFFFFFFFFFFFFFFFFFFFFFFFFFFFFFFFFFFFFFFFFFFFFFFFFFFFFFFD5
:204C0000FFFFFFFFFFFFFFFFFFFFFFFFFFFFFFFFFFFFFFFFFFFFFFFFFFFFFFFFFFFFFFFFB4
:204C2000FFFFFFFFFFFFFFFFFFFFFFFFFFFFFFFFFFFFFFFFFFFFFFFFFFFFFFFFFFFFFFFF94
:204C4000FFFFFFFFFFFFFFFFFFFFFFFFFFFFFFFFFFFFFFFFFFFFFFFFFFFFFFFFFFFFFFFF74
:204C6000FFFFFFFFFFFFFFFFFFFFFFFFFFFFFFFFFFFFFFFFFFFFFFFFFFFFFFFFFFFFFFFF54
:204C8000FFFFFFFFFFFFFFFFFFFFFFFFFFFFFFFFFFFFFFFFFFFFFFFFFFFFFFFFFFFFFFFF34
:204CA000FFFFFFFFFFFFFFFFFFFFFFFFFFFFFFFFFFFFFFFFFFFFFFFFFFFFFFFFFFFFFFFF14
:204CC000FFFFFFFFFFFFFFFFFFFFFFFFFFFFFFFFFFFFFFFFFFFFFFFFFFFFFFFFFFFFFFFFF4
:204CE000FFFFFFFFFFFFFFFFFFFFFFFFFFFFFFFFFFFFFFFFFFFFFFFFFFFFFFFFFFFFFFFFD4
:204D0000FFFFFFFFFFFFFFFFFFFFFFFFFFFFFFFFFFFFFFFFFFFFFFFFFFFFFFFFFFFFFFFFB3
:204D2000FFFFFFFFFFFFFFFFFFFFFFFFFFFFFFFFFFFFFFFFFFFFFFFFFFFFFFFFFFFFFFFF93
:204D4000FFFFFFFFFFFFFFFFFFFFFFFFFFFFFFFFFFFFFFFFFFFFFFFFFFFFFFFFFFFFFFFF73
:204D6000FFFFFFFFFFFFFFFFFFFFFFFFFFFFFFFFFFFFFFFFFFFFFFFFFFFFFFFFFFFFFFFF53
:204D8000FFFFFFFFFFFFFFFFFFFFFFFFFFFFFFFFFFFFFFFFFFFFFFFFFFFFFFFFFFFFFFFF33
:204DA000FFFFFFFFFFFFFFFFFFFFFFFFFFFFFFFFFFFFFFFFFFFFFFFFFFFFFFFFFFFFFFFF13
:204DC000FFFFFFFFFFFFFFFFFFFFFFFFFFFFFFFFFFFFFFFFFFFFFFFFFFFFFFFFFFFFFFFFF3
:204DE000FFFFFFFFFFFFFFFFFFFFFFFFFFFFFFFFFFFFFFFFFFFFFFFFFFFFFFFFFFFFFFFFD3
:204E0000FFFFFFFFFFFFFFFFFFFFFFFFFFFFFFFFFFFFFFFFFFFFFFFFFFFFFFFFFFFFFFFFB2
:204E2000FFFFFFFFFFFFFFFFFFFFFFFFFFFFFFFFFFFFFFFFFFFFFFFFFFFFFFFFFFFFFFFF92
:204E4000FFFFFFFFFFFFFFFFFFFFFFFFFFFFFFFFFFFFFFFFFFFFFFFFFFFFFFFFFFFFFFFF72
:204E6000FFFFFFFFFFFFFFFFFFFFFFFFFFFFFFFFFFFFFFFFFFFFFFFFFFFFFFFFFFFFFFFF52
:204E8000FFFFFFFFFFFFFFFFFFFFFFFFFFFFFFFFFFFFFFFFFFFFFFFFFFFFFFFFFFFFFFFF32
:204EA000FFFFFFFFFFFFFFFFFFFFFFFFFFFFFFFFFFFFFFFFFFFFFFFFFFFFFFFFFFFFFFFF12
:204EC000FFFFFFFFFFFFFFFFFFFFFFFFFFFFFFFFFFFFFFFFFFFFFFFFFFFFFFFFFFFFFFFFF2
:204EE000FFFFFFFFFFFFFFFFFFFFFFFFFFFFFFFFFFFFFFFFFFFFFFFFFFFFFFFFFFFFFFFFD2
:204F0000FFFFFFFFFFFFFFFFFFFFFFFFFFFFFFFFFFFFFFFFFFFFFFFFFFFFFFFFFFFFFFFFB1
:204F2000FFFFFFFFFFFFFFFFFFFFFFFFFFFFFFFFFFFFFFFFFFFFFFFFFFFFFFFFFFFFFFFF91
:204F4000FFFFFFFFFFFFFFFFFFFFFFFFFFFFFFFFFFFFFFFFFFFFFFFFFFFFFFFFFFFFFFFF71
:204F6000FFFFFFFFFFFFFFFFFFFFFFFFFFFFFFFFFFFFFFFFFFFFFFFFFFFFFFFFFFFFFFFF51
:204F8000FFFFFFFFFFFFFFFFFFFFFFFFFFFFFFFFFFFFFFFFFFFFFFFFFFFFFFFFFFFFFFFF31
:204FA000FFFFFFFFFFFFFFFFFFFFFFFFFFFFFFFFFFFFFFFFFFFFFFFFFFFFFFFFFFFFFFFF11
:204FC000FFFFFFFFFFFFFFFFFFFFFFFFFFFFFFFFFFFFFFFFFFFFFFFFFFFFFFFFFFFFFFFFF1
:204FE000FFFFFFFFFFFFFFFFFFFFFFFFFFFFFFFFFFFFFFFFFFFFFFFFFFFFFFFFFFFFFFFFD1
:20500000FFFFFFFFFFFFFFFFFFFFFFFFFFFFFFFFFFFFFFFFFFFFFFFFFFFFFFFFFFFFFFFFB0
:20502000FFFFFFFFFFFFFFFFFFFFFFFFFFFFFFFFFFFFFFFFFFFFFFFFFFFFFFFFFFFFFFFF90
:20504000FFFFFFFFFFFFFFFFFFFFFFFFFFFFFFFFFFFFFFFFFFFFFFFFFFFFFFFFFFFFFFFF70
:20506000FFFFFFFFFFFFFFFFFFFFFFFFFFFFFFFFFFFFFFFFFFFFFFFFFFFFFFFFFFFFFFFF50
:20508000FFFFFFFFFFFFFFFFFFFFFFFFFFFFFFFFFFFFFFFFFFFFFFFFFFFFFFFFFFFFFFFF30
:2050A000FFFFFFFFFFFFFFFFFFFFFFFFFFFFFFFFFFFFFFFFFFFFFFFFFFFFFFFFFFFFFFFF10
:2050C000FFFFFFFFFFFFFFFFFFFFFFFFFFFFFFFFFFFFFFFFFFFFFFFFFFFFFFFFFFFFFFFFF0
:2050E000FFFFFFFFFFFFFFFFFFFFFFFFFFFFFFFFFFFFFFFFFFFFFFFFFFFFFFFFFFFFFFFFD0
:20510000FFFFFFFFFFFFFFFFFFFFFFFFFFFFFFFFFFFFFFFFFFFFFFFFFFFFFFFFFFFFFFFFAF
:20512000FFFFFFFFFFFFFFFFFFFFFFFFFFFFFFFFFFFFFFFFFFFFFFFFFFFFFFFFFFFFFFFF8F
:20514000FFFFFFFFFFFFFFFFFFFFFFFFFFFFFFFFFFFFFFFFFFFFFFFFFFFFFFFFFFFFFFFF6F
:20516000FFFFFFFFFFFFFFFFFFFFFFFFFFFFFFFFFFFFFFFFFFFFFFFFFFFFFFFFFFFFFFFF4F
:20518000FFFFFFFFFFFFFFFFFFFFFFFFFFFFFFFFFFFFFFFFFFFFFFFFFFFFFFFFFFFFFFFF2F
:2051A000FFFFFFFFFFFFFFFFFFFFFFFFFFFFFFFFFFFFFFFFFFFFFFFFFFFFFFFFFFFFFFFF0F
:2051C000FFFFFFFFFFFFFFFFFFFFFFFFFFFFFFFFFFFFFFFFFFFFFFFFFFFFFFFFFFFFFFFFEF
:2051E000FFFFFFFFFFFFFFFFFFFFFFFFFFFFFFFFFFFFFFFFFFFFFFFFFFFFFFFFFFFFFFFFCF
:20520000FFFFFFFFFFFFFFFFFFFFFFFFFFFFFFFFFFFFFFFFFFFFFFFFFFFFFFFFFFFFFFFFAE
:20522000FFFFFFFFFFFFFFFFFFFFFFFFFFFFFFFFFFFFFFFFFFFFFFFFFFFFFFFFFFFFFFFF8E
:20524000FFFFFFFFFFFFFFFFFFFFFFFFFFFFFFFFFFFFFFFFFFFFFFFFFFFFFFFFFFFFFFFF6E
:20526000FFFFFFFFFFFFFFFFFFFFFFFFFFFFFFFFFFFFFFFFFFFFFFFFFFFFFFFFFFFFFFFF4E
:20528000FFFFFFFFFFFFFFFFFFFFFFFFFFFFFFFFFFFFFFFFFFFFFFFFFFFFFFFFFFFFFFFF2E
:2052A000FFFFFFFFFFFFFFFFFFFFFFFFFFFFFFFFFFFFFFFFFFFFFFFFFFFFFFFFFFFFFFFF0E
:2052C000FFFFFFFFFFFFFFFFFFFFFFFFFFFFFFFFFFFFFFFFFFFFFFFFFFFFFFFFFFFFFFFFEE
:2052E000FFFFFFFFFFFFFFFFFFFFFFFFFFFFFFFFFFFFFFFFFFFFFFFFFFFFFFFFFFFFFFFFCE
:20530000FFFFFFFFFFFFFFFFFFFFFFFFFFFFFFFFFFFFFFFFFFFFFFFFFFFFFFFFFFFFFFFFAD
:20532000FFFFFFFFFFFFFFFFFFFFFFFFFFFFFFFFFFFFFFFFFFFFFFFFFFFFFFFFFFFFFFFF8D
:20534000FFFFFFFFFFFFFFFFFFFFFFFFFFFFFFFFFFFFFFFFFFFFFFFFFFFFFFFFFFFFFFFF6D
:20536000FFFFFFFFFFFFFFFFFFFFFFFFFFFFFFFFFFFFFFFFFFFFFFFFFFFFFFFFFFFFFFFF4D
:20538000FFFFFFFFFFFFFFFFFFFFFFFFFFFFFFFFFFFFFFFFFFFFFFFFFFFFFFFFFFFFFFFF2D
:2053A000FFFFFFFFFFFFFFFFFFFFFFFFFFFFFFFFFFFFFFFFFFFFFFFFFFFFFFFFFFFFFFFF0D
:2053C000FFFFFFFFFFFFFFFFFFFFFFFFFFFFFFFFFFFFFFFFFFFFFFFFFFFFFFFFFFFFFFFFED
:2053E000FFFFFFFFFFFFFFFFFFFFFFFFFFFFFFFFFFFFFFFFFFFFFFFFFFFFFFFFFFFFFFFFCD
:20540000FFFFFFFFFFFFFFFFFFFFFFFFFFFFFFFFFFFFFFFFFFFFFFFFFFFFFFFFFFFFFFFFAC
:20542000FFFFFFFFFFFFFFFFFFFFFFFFFFFFFFFFFFFFFFFFFFFFFFFFFFFFFFFFFFFFFFFF8C
:20544000FFFFFFFFFFFFFFFFFFFFFFFFFFFFFFFFFFFFFFFFFFFFFFFFFFFFFFFFFFFFFFFF6C
:20546000FFFFFFFFFFFFFFFFFFFFFFFFFFFFFFFFFFFFFFFFFFFFFFFFFFFFFFFFFFFFFFFF4C
:20548000FFFFFFFFFFFFFFFFFFFFFFFFFFFFFFFFFFFFFFFFFFFFFFFFFFFFFFFFFFFFFFFF2C
:2054A000FFFFFFFFFFFFFFFFFFFFFFFFFFFFFFFFFFFFFFFFFFFFFFFFFFFFFFFFFFFFFFFF0C
:2054C000FFFFFFFFFFFFFFFFFFFFFFFFFFFFFFFFFFFFFFFFFFFFFFFFFFFFFFFFFFFFFFFFEC
:2054E000FFFFFFFFFFFFFFFFFFFFFFFFFFFFFFFFFFFFFFFFFFFFFFFFFFFFFFFFFFFFFFFFCC
:20550000FFFFFFFFFFFFFFFFFFFFFFFFFFFFFFFFFFFFFFFFFFFFFFFFFFFFFFFFFFFFFFFFAB
:20552000FFFFFFFFFFFFFFFFFFFFFFFFFFFFFFFFFFFFFFFFFFFFFFFFFFFFFFFFFFFFFFFF8B
:20554000FFFFFFFFFFFFFFFFFFFFFFFFFFFFFFFFFFFFFFFFFFFFFFFFFFFFFFFFFFFFFFFF6B
:20556000FFFFFFFFFFFFFFFFFFFFFFFFFFFFFFFFFFFFFFFFFFFFFFFFFFFFFFFFFFFFFFFF4B
:20558000FFFFFFFFFFFFFFFFFFFFFFFFFFFFFFFFFFFFFFFFFFFFFFFFFFFFFFFFFFFFFFFF2B
:2055A000FFFFFFFFFFFFFFFFFFFFFFFFFFFFFFFFFFFFFFFFFFFFFFFFFFFFFFFFFFFFFFFF0B
:2055C000FFFFFFFFFFFFFFFFFFFFFFFFFFFFFFFFFFFFFFFFFFFFFFFFFFFFFFFFFFFFFFFFEB
:2055E000FFFFFFFFFFFFFFFFFFFFFFFFFFFFFFFFFFFFFFFFFFFFFFFFFFFFFFFFFFFFFFFFCB
:20560000FFFFFFFFFFFFFFFFFFFFFFFFFFFFFFFFFFFFFFFFFFFFFFFFFFFFFFFFFFFFFFFFAA
:20562000FFFFFFFFFFFFFFFFFFFFFFFFFFFFFFFFFFFFFFFFFFFFFFFFFFFFFFFFFFFFFFFF8A
:20564000FFFFFFFFFFFFFFFFFFFFFFFFFFFFFFFFFFFFFFFFFFFFFFFFFFFFFFFFFFFFFFFF6A
:20566000FFFFFFFFFFFFFFFFFFFFFFFFFFFFFFFFFFFFFFFFFFFFFFFFFFFFFFFFFFFFFFFF4A
:20568000FFFFFFFFFFFFFFFFFFFFFFFFFFFFFFFFFFFFFFFFFFFFFFFFFFFFFFFFFFFFFFFF2A
:2056A000FFFFFFFFFFFFFFFFFFFFFFFFFFFFFFFFFFFFFFFFFFFFFFFFFFFFFFFFFFFFFFFF0A
:2056C000FFFFFFFFFFFFFFFFFFFFFFFFFFFFFFFFFFFFFFFFFFFFFFFFFFFFFFFFFFFFFFFFEA
:2056E000FFFFFFFFFFFFFFFFFFFFFFFFFFFFFFFFFFFFFFFFFFFFFFFFFFFFFFFFFFFFFFFFCA
:20570000FFFFFFFFFFFFFFFFFFFFFFFFFFFFFFFFFFFFFFFFFFFFFFFFFFFFFFFFFFFFFFFFA9
:20572000FFFFFFFFFFFFFFFFFFFFFFFFFFFFFFFFFFFFFFFFFFFFFFFFFFFFFFFFFFFFFFFF89
:20574000FFFFFFFFFFFFFFFFFFFFFFFFFFFFFFFFFFFFFFFFFFFFFFFFFFFFFFFFFFFFFFFF69
:20576000FFFFFFFFFFFFFFFFFFFFFFFFFFFFFFFFFFFFFFFFFFFFFFFFFFFFFFFFFFFFFFFF49
:20578000FFFFFFFFFFFFFFFFFFFFFFFFFFFFFFFFFFFFFFFFFFFFFFFFFFFFFFFFFFFFFFFF29
:2057A000FFFFFFFFFFFFFFFFFFFFFFFFFFFFFFFFFFFFFFFFFFFFFFFFFFFFFFFFFFFFFFFF09
:2057C000FFFFFFFFFFFFFFFFFFFFFFFFFFFFFFFFFFFFFFFFFFFFFFFFFFFFFFFFFFFFFFFFE9
:2057E000FFFFFFFFFFFFFFFFFFFFFFFFFFFFFFFFFFFFFFFFFFFFFFFFFFFFFFFFFFFFFFFFC9
:20580000FFFFFFFFFFFFFFFFFFFFFFFFFFFFFFFFFFFFFFFFFFFFFFFFFFFFFFFFFFFFFFFFA8
:20582000FFFFFFFFFFFFFFFFFFFFFFFFFFFFFFFFFFFFFFFFFFFFFFFFFFFFFFFFFFFFFFFF88
:20584000FFFFFFFFFFFFFFFFFFFFFFFFFFFFFFFFFFFFFFFFFFFFFFFFFFFFFFFFFFFFFFFF68
:20586000FFFFFFFFFFFFFFFFFFFFFFFFFFFFFFFFFFFFFFFFFFFFFFFFFFFFFFFFFFFFFFFF48
:20588000FFFFFFFFFFFFFFFFFFFFFFFFFFFFFFFFFFFFFFFFFFFFFFFFFFFFFFFFFFFFFFFF28
:2058A000FFFFFFFFFFFFFFFFFFFFFFFFFFFFFFFFFFFFFFFFFFFFFFFFFFFFFFFFFFFFFFFF08
:2058C000FFFFFFFFFFFFFFFFFFFFFFFFFFFFFFFFFFFFFFFFFFFFFFFFFFFFFFFFFFFFFFFFE8
:2058E000FFFFFFFFFFFFFFFFFFFFFFFFFFFFFFFFFFFFFFFFFFFFFFFFFFFFFFFFFFFFFFFFC8
:20590000FFFFFFFFFFFFFFFFFFFFFFFFFFFFFFFFFFFFFFFFFFFFFFFFFFFFFFFFFFFFFFFFA7
:20592000FFFFFFFFFFFFFFFFFFFFFFFFFFFFFFFFFFFFFFFFFFFFFFFFFFFFFFFFFFFFFFFF87
:20594000FFFFFFFFFFFFFFFFFFFFFFFFFFFFFFFFFFFFFFFFFFFFFFFFFFFFFFFFFFFFFFFF67
:20596000FFFFFFFFFFFFFFFFFFFFFFFFFFFFFFFFFFFFFFFFFFFFFFFFFFFFFFFFFFFFFFFF47
:20598000FFFFFFFFFFFFFFFFFFFFFFFFFFFFFFFFFFFFFFFFFFFFFFFFFFFFFFFFFFFFFFFF27
:2059A000FFFFFFFFFFFFFFFFFFFFFFFFFFFFFFFFFFFFFFFFFFFFFFFFFFFFFFFFFFFFFFFF07
:2059C000FFFFFFFFFFFFFFFFFFFFFFFFFFFFFFFFFFFFFFFFFFFFFFFFFFFFFFFFFFFFFFFFE7
:2059E000FFFFFFFFFFFFFFFFFFFFFFFFFFFFFFFFFFFFFFFFFFFFFFFFFFFFFFFFFFFFFFFFC7
:205A0000FFFFFFFFFFFFFFFFFFFFFFFFFFFFFFFFFFFFFFFFFFFFFFFFFFFFFFFFFFFFFFFFA6
:205A2000FFFFFFFFFFFFFFFFFFFFFFFFFFFFFFFFFFFFFFFFFFFFFFFFFFFFFFFFFFFFFFFF86
:205A4000FFFFFFFFFFFFFFFFFFFFFFFFFFFFFFFFFFFFFFFFFFFFFFFFFFFFFFFFFFFFFFFF66
:205A6000FFFFFFFFFFFFFFFFFFFFFFFFFFFFFFFFFFFFFFFFFFFFFFFFFFFFFFFFFFFFFFFF46
:205A8000FFFFFFFFFFFFFFFFFFFFFFFFFFFFFFFFFFFFFFFFFFFFFFFFFFFFFFFFFFFFFFFF26
:205AA000FFFFFFFFFFFFFFFFFFFFFFFFFFFFFFFFFFFFFFFFFFFFFFFFFFFFFFFFFFFFFFFF06
:205AC000FFFFFFFFFFFFFFFFFFFFFFFFFFFFFFFFFFFFFFFFFFFFFFFFFFFFFFFFFFFFFFFFE6
:205AE000FFFFFFFFFFFFFFFFFFFFFFFFFFFFFFFFFFFFFFFFFFFFFFFFFFFFFFFFFFFFFFFFC6
:205B0000FFFFFFFFFFFFFFFFFFFFFFFFFFFFFFFFFFFFFFFFFFFFFFFFFFFFFFFFFFFFFFFFA5
:205B2000FFFFFFFFFFFFFFFFFFFFFFFFFFFFFFFFFFFFFFFFFFFFFFFFFFFFFFFFFFFFFFFF85
:205B4000FFFFFFFFFFFFFFFFFFFFFFFFFFFFFFFFFFFFFFFFFFFFFFFFFFFFFFFFFFFFFFFF65
:205B6000FFFFFFFFFFFFFFFFFFFFFFFFFFFFFFFFFFFFFFFFFFFFFFFFFFFFFFFFFFFFFFFF45
:205B8000FFFFFFFFFFFFFFFFFFFFFFFFFFFFFFFFFFFFFFFFFFFFFFFFFFFFFFFFFFFFFFFF25
:205BA000FFFFFFFFFFFFFFFFFFFFFFFFFFFFFFFFFFFFFFFFFFFFFFFFFFFFFFFFFFFFFFFF05
:205BC000FFFFFFFFFFFFFFFFFFFFFFFFFFFFFFFFFFFFFFFFFFFFFFFFFFFFFFFFFFFFFFFFE5
:205BE000FFFFFFFFFFFFFFFFFFFFFFFFFFFFFFFFFFFFFFFFFFFFFFFFFFFFFFFFFFFFFFFFC5
:205C0000FFFFFFFFFFFFFFFFFFFFFFFFFFFFFFFFFFFFFFFFFFFFFFFFFFFFFFFFFFFFFFFFA4
:205C2000FFFFFFFFFFFFFFFFFFFFFFFFFFFFFFFFFFFFFFFFFFFFFFFFFFFFFFFFFFFFFFFF84
:205C4000FFFFFFFFFFFFFFFFFFFFFFFFFFFFFFFFFFFFFFFFFFFFFFFFFFFFFFFFFFFFFFFF64
:205C6000FFFFFFFFFFFFFFFFFFFFFFFFFFFFFFFFFFFFFFFFFFFFFFFFFFFFFFFFFFFFFFFF44
:205C8000FFFFFFFFFFFFFFFFFFFFFFFFFFFFFFFFFFFFFFFFFFFFFFFFFFFFFFFFFFFFFFFF24
:205CA000FFFFFFFFFFFFFFFFFFFFFFFFFFFFFFFFFFFFFFFFFFFFFFFFFFFFFFFFFFFFFFFF04
:205CC000FFFFFFFFFFFFFFFFFFFFFFFFFFFFFFFFFFFFFFFFFFFFFFFFFFFFFFFFFFFFFFFFE4
:205CE000FFFFFFFFFFFFFFFFFFFFFFFFFFFFFFFFFFFFFFFFFFFFFFFFFFFFFFFFFFFFFFFFC4
:205D0000FFFFFFFFFFFFFFFFFFFFFFFFFFFFFFFFFFFFFFFFFFFFFFFFFFFFFFFFFFFFFFFFA3
:205D2000FFFFFFFFFFFFFFFFFFFFFFFFFFFFFFFFFFFFFFFFFFFFFFFFFFFFFFFFFFFFFFFF83
:205D4000FFFFFFFFFFFFFFFFFFFFFFFFFFFFFFFFFFFFFFFFFFFFFFFFFFFFFFFFFFFFFFFF63
:205D6000FFFFFFFFFFFFFFFFFFFFFFFFFFFFFFFFFFFFFFFFFFFFFFFFFFFFFFFFFFFFFFFF43
:205D8000FFFFFFFFFFFFFFFFFFFFFFFFFFFFFFFFFFFFFFFFFFFFFFFFFFFFFFFFFFFFFFFF23
:205DA000FFFFFFFFFFFFFFFFFFFFFFFFFFFFFFFFFFFFFFFFFFFFFFFFFFFFFFFFFFFFFFFF03
:205DC000FFFFFFFFFFFFFFFFFFFFFFFFFFFFFFFFFFFFFFFFFFFFFFFFFFFFFFFFFFFFFFFFE3
:205DE000FFFFFFFFFFFFFFFFFFFFFFFFFFFFFFFFFFFFFFFFFFFFFFFFFFFFFFFFFFFFFFFFC3
:205E0000FFFFFFFFFFFFFFFFFFFFFFFFFFFFFFFFFFFFFFFFFFFFFFFFFFFFFFFFFFFFFFFFA2
:205E2000FFFFFFFFFFFFFFFFFFFFFFFFFFFFFFFFFFFFFFFFFFFFFFFFFFFFFFFFFFFFFFFF82
:205E4000FFFFFFFFFFFFFFFFFFFFFFFFFFFFFFFFFFFFFFFFFFFFFFFFFFFFFFFFFFFFFFFF62
:205E6000FFFFFFFFFFFFFFFFFFFFFFFFFFFFFFFFFFFFFFFFFFFFFFFFFFFFFFFFFFFFFFFF42
:205E8000FFFFFFFFFFFFFFFFFFFFFFFFFFFFFFFFFFFFFFFFFFFFFFFFFFFFFFFFFFFFFFFF22
:205EA000FFFFFFFFFFFFFFFFFFFFFFFFFFFFFFFFFFFFFFFFFFFFFFFFFFFFFFFFFFFFFFFF02
:205EC000FFFFFFFFFFFFFFFFFFFFFFFFFFFFFFFFFFFFFFFFFFFFFFFFFFFFFFFFFFFFFFFFE2
:205EE000FFFFFFFFFFFFFFFFFFFFFFFFFFFFFFFFFFFFFFFFFFFFFFFFFFFFFFFFFFFFFFFFC2
:205F0000FFFFFFFFFFFFFFFFFFFFFFFFFFFFFFFFFFFFFFFFFFFFFFFFFFFFFFFFFFFFFFFFA1
:205F2000FFFFFFFFFFFFFFFFFFFFFFFFFFFFFFFFFFFFFFFFFFFFFFFFFFFFFFFFFFFFFFFF81
:205F4000FFFFFFFFFFFFFFFFFFFFFFFFFFFFFFFFFFFFFFFFFFFFFFFFFFFFFFFFFFFFFFFF61
:205F6000FFFFFFFFFFFFFFFFFFFFFFFFFFFFFFFFFFFFFFFFFFFFFFFFFFFFFFFFFFFFFFFF41
:205F8000FFFFFFFFFFFFFFFFFFFFFFFFFFFFFFFFFFFFFFFFFFFFFFFFFFFFFFFFFFFFFFFF21
:205FA000FFFFFFFFFFFFFFFFFFFFFFFFFFFFFFFFFFFFFFFFFFFFFFFFFFFFFFFFFFFFFFFF01
:205FC000FFFFFFFFFFFFFFFFFFFFFFFFFFFFFFFFFFFFFFFFFFFFFFFFFFFFFFFFFFFFFFFFE1
:205FE000FFFFFFFFFFFFFFFFFFFFFFFFFFFFFFFFFFFFFFFFFFFFFFFFFFFFFFFFFFFFFFFFC1
:20600000FFFFFFFFFFFFFFFFFFFFFFFFFFFFFFFFFFFFFFFFFFFFFFFFFFFFFFFFFFFFFFFFA0
:20602000FFFFFFFFFFFFFFFFFFFFFFFFFFFFFFFFFFFFFFFFFFFFFFFFFFFFFFFFFFFFFFFF80
:20604000FFFFFFFFFFFFFFFFFFFFFFFFFFFFFFFFFFFFFFFFFFFFFFFFFFFFFFFFFFFFFFFF60
:20606000FFFFFFFFFFFFFFFFFFFFFFFFFFFFFFFFFFFFFFFFFFFFFFFFFFFFFFFFFFFFFFFF40
:20608000FFFFFFFFFFFFFFFFFFFFFFFFFFFFFFFFFFFFFFFFFFFFFFFFFFFFFFFFFFFFFFFF20
:2060A000FFFFFFFFFFFFFFFFFFFFFFFFFFFFFFFFFFFFFFFFFFFFFFFFFFFFFFFFFFFFFFFF00
:2060C000FFFFFFFFFFFFFFFFFFFFFFFFFFFFFFFFFFFFFFFFFFFFFFFFFFFFFFFFFFFFFFFFE0
:2060E000FFFFFFFFFFFFFFFFFFFFFFFFFFFFFFFFFFFFFFFFFFFFFFFFFFFFFFFFFFFFFFFFC0
:20610000FFFFFFFFFFFFFFFFFFFFFFFFFFFFFFFFFFFFFFFFFFFFFFFFFFFFFFFFFFFFFFFF9F
:20612000FFFFFFFFFFFFFFFFFFFFFFFFFFFFFFFFFFFFFFFFFFFFFFFFFFFFFFFFFFFFFFFF7F
:20614000FFFFFFFFFFFFFFFFFFFFFFFFFFFFFFFFFFFFFFFFFFFFFFFFFFFFFFFFFFFFFFFF5F
:20616000FFFFFFFFFFFFFFFFFFFFFFFFFFFFFFFFFFFFFFFFFFFFFFFFFFFFFFFFFFFFFFFF3F
:20618000FFFFFFFFFFFFFFFFFFFFFFFFFFFFFFFFFFFFFFFFFFFFFFFFFFFFFFFFFFFFFFFF1F
:2061A000FFFFFFFFFFFFFFFFFFFFFFFFFFFFFFFFFFFFFFFFFFFFFFFFFFFFFFFFFFFFFFFFFF
:2061C000FFFFFFFFFFFFFFFFFFFFFFFFFFFFFFFFFFFFFFFFFFFFFFFFFFFFFFFFFFFFFFFFDF
:2061E000FFFFFFFFFFFFFFFFFFFFFFFFFFFFFFFFFFFFFFFFFFFFFFFFFFFFFFFFFFFFFFFFBF
:20620000FFFFFFFFFFFFFFFFFFFFFFFFFFFFFFFFFFFFFFFFFFFFFFFFFFFFFFFFFFFFFFFF9E
:20622000FFFFFFFFFFFFFFFFFFFFFFFFFFFFFFFFFFFFFFFFFFFFFFFFFFFFFFFFFFFFFFFF7E
:20624000FFFFFFFFFFFFFFFFFFFFFFFFFFFFFFFFFFFFFFFFFFFFFFFFFFFFFFFFFFFFFFFF5E
:20626000FFFFFFFFFFFFFFFFFFFFFFFFFFFFFFFFFFFFFFFFFFFFFFFFFFFFFFFFFFFFFFFF3E
:20628000FFFFFFFFFFFFFFFFFFFFFFFFFFFFFFFFFFFFFFFFFFFFFFFFFFFFFFFFFFFFFFFF1E
:2062A000FFFFFFFFFFFFFFFFFFFFFFFFFFFFFFFFFFFFFFFFFFFFFFFFFFFFFFFFFFFFFFFFFE
:2062C000FFFFFFFFFFFFFFFFFFFFFFFFFFFFFFFFFFFFFFFFFFFFFFFFFFFFFFFFFFFFFFFFDE
:2062E000FFFFFFFFFFFFFFFFFFFFFFFFFFFFFFFFFFFFFFFFFFFFFFFFFFFFFFFFFFFFFFFFBE
:20630000FFFFFFFFFFFFFFFFFFFFFFFFFFFFFFFFFFFFFFFFFFFFFFFFFFFFFFFFFFFFFFFF9D
:20632000FFFFFFFFFFFFFFFFFFFFFFFFFFFFFFFFFFFFFFFFFFFFFFFFFFFFFFFFFFFFFFFF7D
:20634000FFFFFFFFFFFFFFFFFFFFFFFFFFFFFFFFFFFFFFFFFFFFFFFFFFFFFFFFFFFFFFFF5D
:20636000FFFFFFFFFFFFFFFFFFFFFFFFFFFFFFFFFFFFFFFFFFFFFFFFFFFFFFFFFFFFFFFF3D
:20638000FFFFFFFFFFFFFFFFFFFFFFFFFFFFFFFFFFFFFFFFFFFFFFFFFFFFFFFFFFFFFFFF1D
:2063A000FFFFFFFFFFFFFFFFFFFFFFFFFFFFFFFFFFFFFFFFFFFFFFFFFFFFFFFFFFFFFFFFFD
:2063C000FFFFFFFFFFFFFFFFFFFFFFFFFFFFFFFFFFFFFFFFFFFFFFFFFFFFFFFFFFFFFFFFDD
:2063E000FFFFFFFFFFFFFFFFFFFFFFFFFFFFFFFFFFFFFFFFFFFFFFFFFFFFFFFFFFFFFFFFBD
:20640000FFFFFFFFFFFFFFFFFFFFFFFFFFFFFFFFFFFFFFFFFFFFFFFFFFFFFFFFFFFFFFFF9C
:20642000FFFFFFFFFFFFFFFFFFFFFFFFFFFFFFFFFFFFFFFFFFFFFFFFFFFFFFFFFFFFFFFF7C
:20644000FFFFFFFFFFFFFFFFFFFFFFFFFFFFFFFFFFFFFFFFFFFFFFFFFFFFFFFFFFFFFFFF5C
:20646000FFFFFFFFFFFFFFFFFFFFFFFFFFFFFFFFFFFFFFFFFFFFFFFFFFFFFFFFFFFFFFFF3C
:20648000FFFFFFFFFFFFFFFFFFFFFFFFFFFFFFFFFFFFFFFFFFFFFFFFFFFFFFFFFFFFFFFF1C
:2064A000FFFFFFFFFFFFFFFFFFFFFFFFFFFFFFFFFFFFFFFFFFFFFFFFFFFFFFFFFFFFFFFFFC
:2064C000FFFFFFFFFFFFFFFFFFFFFFFFFFFFFFFFFFFFFFFFFFFFFFFFFFFFFFFFFFFFFFFFDC
:2064E000FFFFFFFFFFFFFFFFFFFFFFFFFFFFFFFFFFFFFFFFFFFFFFFFFFFFFFFFFFFFFFFFBC
:20650000FFFFFFFFFFFFFFFFFFFFFFFFFFFFFFFFFFFFFFFFFFFFFFFFFFFFFFFFFFFFFFFF9B
:20652000FFFFFFFFFFFFFFFFFFFFFFFFFFFFFFFFFFFFFFFFFFFFFFFFFFFFFFFFFFFFFFFF7B
:20654000FFFFFFFFFFFFFFFFFFFFFFFFFFFFFFFFFFFFFFFFFFFFFFFFFFFFFFFFFFFFFFFF5B
:20656000FFFFFFFFFFFFFFFFFFFFFFFFFFFFFFFFFFFFFFFFFFFFFFFFFFFFFFFFFFFFFFFF3B
:20658000FFFFFFFFFFFFFFFFFFFFFFFFFFFFFFFFFFFFFFFFFFFFFFFFFFFFFFFFFFFFFFFF1B
:2065A000FFFFFFFFFFFFFFFFFFFFFFFFFFFFFFFFFFFFFFFFFFFFFFFFFFFFFFFFFFFFFFFFFB
:2065C000FFFFFFFFFFFFFFFFFFFFFFFFFFFFFFFFFFFFFFFFFFFFFFFFFFFFFFFFFFFFFFFFDB
:2065E000FFFFFFFFFFFFFFFFFFFFFFFFFFFFFFFFFFFFFFFFFFFFFFFFFFFFFFFFFFFFFFFFBB
:20660000FFFFFFFFFFFFFFFFFFFFFFFFFFFFFFFFFFFFFFFFFFFFFFFFFFFFFFFFFFFFFFFF9A
:20662000FFFFFFFFFFFFFFFFFFFFFFFFFFFFFFFFFFFFFFFFFFFFFFFFFFFFFFFFFFFFFFFF7A
:20664000FFFFFFFFFFFFFFFFFFFFFFFFFFFFFFFFFFFFFFFFFFFFFFFFFFFFFFFFFFFFFFFF5A
:20666000FFFFFFFFFFFFFFFFFFFFFFFFFFFFFFFFFFFFFFFFFFFFFFFFFFFFFFFFFFFFFFFF3A
:20668000FFFFFFFFFFFFFFFFFFFFFFFFFFFFFFFFFFFFFFFFFFFFFFFFFFFFFFFFFFFFFFFF1A
:2066A000FFFFFFFFFFFFFFFFFFFFFFFFFFFFFFFFFFFFFFFFFFFFFFFFFFFFFFFFFFFFFFFFFA
:2066C000FFFFFFFFFFFFFFFFFFFFFFFFFFFFFFFFFFFFFFFFFFFFFFFFFFFFFFFFFFFFFFFFDA
:2066E000FFFFFFFFFFFFFFFFFFFFFFFFFFFFFFFFFFFFFFFFFFFFFFFFFFFFFFFFFFFFFFFFBA
:20670000FFFFFFFFFFFFFFFFFFFFFFFFFFFFFFFFFFFFFFFFFFFFFFFFFFFFFFFFFFFFFFFF99
:20672000FFFFFFFFFFFFFFFFFFFFFFFFFFFFFFFFFFFFFFFFFFFFFFFFFFFFFFFFFFFFFFFF79
:20674000FFFFFFFFFFFFFFFFFFFFFFFFFFFFFFFFFFFFFFFFFFFFFFFFFFFFFFFFFFFFFFFF59
:20676000FFFFFFFFFFFFFFFFFFFFFFFFFFFFFFFFFFFFFFFFFFFFFFFFFFFFFFFFFFFFFFFF39
:20678000FFFFFFFFFFFFFFFFFFFFFFFFFFFFFFFFFFFFFFFFFFFFFFFFFFFFFFFFFFFFFFFF19
:2067A000FFFFFFFFFFFFFFFFFFFFFFFFFFFFFFFFFFFFFFFFFFFFFFFFFFFFFFFFFFFFFFFFF9
:2067C000FFFFFFFFFFFFFFFFFFFFFFFFFFFFFFFFFFFFFFFFFFFFFFFFFFFFFFFFFFFFFFFFD9
:2067E000FFFFFFFFFFFFFFFFFFFFFFFFFFFFFFFFFFFFFFFFFFFFFFFFFFFFFFFFFFFFFFFFB9
:20680000FFFFFFFFFFFFFFFFFFFFFFFFFFFFFFFFFFFFFFFFFFFFFFFFFFFFFFFFFFFFFFFF98
:20682000FFFFFFFFFFFFFFFFFFFFFFFFFFFFFFFFFFFFFFFFFFFFFFFFFFFFFFFFFFFFFFFF78
:20684000FFFFFFFFFFFFFFFFFFFFFFFFFFFFFFFFFFFFFFFFFFFFFFFFFFFFFFFFFFFFFFFF58
:20686000FFFFFFFFFFFFFFFFFFFFFFFFFFFFFFFFFFFFFFFFFFFFFFFFFFFFFFFFFFFFFFFF38
:20688000FFFFFFFFFFFFFFFFFFFFFFFFFFFFFFFFFFFFFFFFFFFFFFFFFFFFFFFFFFFFFFFF18
:2068A000FFFFFFFFFFFFFFFFFFFFFFFFFFFFFFFFFFFFFFFFFFFFFFFFFFFFFFFFFFFFFFFFF8
:2068C000FFFFFFFFFFFFFFFFFFFFFFFFFFFFFFFFFFFFFFFFFFFFFFFFFFFFFFFFFFFFFFFFD8
:2068E000FFFFFFFFFFFFFFFFFFFFFFFFFFFFFFFFFFFFFFFFFFFFFFFFFFFFFFFFFFFFFFFFB8
:20690000FFFFFFFFFFFFFFFFFFFFFFFFFFFFFFFFFFFFFFFFFFFFFFFFFFFFFFFFFFFFFFFF97
:20692000FFFFFFFFFFFFFFFFFFFFFFFFFFFFFFFFFFFFFFFFFFFFFFFFFFFFFFFFFFFFFFFF77
:20694000FFFFFFFFFFFFFFFFFFFFFFFFFFFFFFFFFFFFFFFFFFFFFFFFFFFFFFFFFFFFFFFF57
:20696000FFFFFFFFFFFFFFFFFFFFFFFFFFFFFFFFFFFFFFFFFFFFFFFFFFFFFFFFFFFFFFFF37
:20698000FFFFFFFFFFFFFFFFFFFFFFFFFFFFFFFFFFFFFFFFFFFFFFFFFFFFFFFFFFFFFFFF17
:2069A000FFFFFFFFFFFFFFFFFFFFFFFFFFFFFFFFFFFFFFFFFFFFFFFFFFFFFFFFFFFFFFFFF7
:2069C000FFFFFFFFFFFFFFFFFFFFFFFFFFFFFFFFFFFFFFFFFFFFFFFFFFFFFFFFFFFFFFFFD7
:2069E000FFFFFFFFFFFFFFFFFFFFFFFFFFFFFFFFFFFFFFFFFFFFFFFFFFFFFFFFFFFFFFFFB7
:206A0000FFFFFFFFFFFFFFFFFFFFFFFFFFFFFFFFFFFFFFFFFFFFFFFFFFFFFFFFFFFFFFFF96
:206A2000FFFFFFFFFFFFFFFFFFFFFFFFFFFFFFFFFFFFFFFFFFFFFFFFFFFFFFFFFFFFFFFF76
:206A4000FFFFFFFFFFFFFFFFFFFFFFFFFFFFFFFFFFFFFFFFFFFFFFFFFFFFFFFFFFFFFFFF56
:206A6000FFFFFFFFFFFFFFFFFFFFFFFFFFFFFFFFFFFFFFFFFFFFFFFFFFFFFFFFFFFFFFFF36
:206A8000FFFFFFFFFFFFFFFFFFFFFFFFFFFFFFFFFFFFFFFFFFFFFFFFFFFFFFFFFFFFFFFF16
:206AA000FFFFFFFFFFFFFFFFFFFFFFFFFFFFFFFFFFFFFFFFFFFFFFFFFFFFFFFFFFFFFFFFF6
:206AC000FFFFFFFFFFFFFFFFFFFFFFFFFFFFFFFFFFFFFFFFFFFFFFFFFFFFFFFFFFFFFFFFD6
:206AE000FFFFFFFFFFFFFFFFFFFFFFFFFFFFFFFFFFFFFFFFFFFFFFFFFFFFFFFFFFFFFFFFB6
:206B0000FFFFFFFFFFFFFFFFFFFFFFFFFFFFFFFFFFFFFFFFFFFFFFFFFFFFFFFFFFFFFFFF95
:206B2000FFFFFFFFFFFFFFFFFFFFFFFFFFFFFFFFFFFFFFFFFFFFFFFFFFFFFFFFFFFFFFFF75
:206B4000FFFFFFFFFFFFFFFFFFFFFFFFFFFFFFFFFFFFFFFFFFFFFFFFFFFFFFFFFFFFFFFF55
:206B6000FFFFFFFFFFFFFFFFFFFFFFFFFFFFFFFFFFFFFFFFFFFFFFFFFFFFFFFFFFFFFFFF35
:206B8000FFFFFFFFFFFFFFFFFFFFFFFFFFFFFFFFFFFFFFFFFFFFFFFFFFFFFFFFFFFFFFFF15
:206BA000FFFFFFFFFFFFFFFFFFFFFFFFFFFFFFFFFFFFFFFFFFFFFFFFFFFFFFFFFFFFFFFFF5
:206BC000FFFFFFFFFFFFFFFFFFFFFFFFFFFFFFFFFFFFFFFFFFFFFFFFFFFFFFFFFFFFFFFFD5
:206BE000FFFFFFFFFFFFFFFFFFFFFFFFFFFFFFFFFFFFFFFFFFFFFFFFFFFFFFFFFFFFFFFFB5
:206C0000FFFFFFFFFFFFFFFFFFFFFFFFFFFFFFFFFFFFFFFFFFFFFFFFFFFFFFFFFFFFFFFF94
:206C2000FFFFFFFFFFFFFFFFFFFFFFFFFFFFFFFFFFFFFFFFFFFFFFFFFFFFFFFFFFFFFFFF74
:206C4000FFFFFFFFFFFFFFFFFFFFFFFFFFFFFFFFFFFFFFFFFFFFFFFFFFFFFFFFFFFFFFFF54
:206C6000FFFFFFFFFFFFFFFFFFFFFFFFFFFFFFFFFFFFFFFFFFFFFFFFFFFFFFFFFFFFFFFF34
:206C8000FFFFFFFFFFFFFFFFFFFFFFFFFFFFFFFFFFFFFFFFFFFFFFFFFFFFFFFFFFFFFFFF14
:206CA000FFFFFFFFFFFFFFFFFFFFFFFFFFFFFFFFFFFFFFFFFFFFFFFFFFFFFFFFFFFFFFFFF4
:206CC000FFFFFFFFFFFFFFFFFFFFFFFFFFFFFFFFFFFFFFFFFFFFFFFFFFFFFFFFFFFFFFFFD4
:206CE000FFFFFFFFFFFFFFFFFFFFFFFFFFFFFFFFFFFFFFFFFFFFFFFFFFFFFFFFFFFFFFFFB4
:206D0000FFFFFFFFFFFFFFFFFFFFFFFFFFFFFFFFFFFFFFFFFFFFFFFFFFFFFFFFFFFFFFFF93
:206D2000FFFFFFFFFFFFFFFFFFFFFFFFFFFFFFFFFFFFFFFFFFFFFFFFFFFFFFFFFFFFFFFF73
:206D4000FFFFFFFFFFFFFFFFFFFFFFFFFFFFFFFFFFFFFFFFFFFFFFFFFFFFFFFFFFFFFFFF53
:206D6000FFFFFFFFFFFFFFFFFFFFFFFFFFFFFFFFFFFFFFFFFFFFFFFFFFFFFFFFFFFFFFFF33
:206D8000FFFFFFFFFFFFFFFFFFFFFFFFFFFFFFFFFFFFFFFFFFFFFFFFFFFFFFFFFFFFFFFF13
:206DA000FFFFFFFFFFFFFFFFFFFFFFFFFFFFFFFFFFFFFFFFFFFFFFFFFFFFFFFFFFFFFFFFF3
:206DC000FFFFFFFFFFFFFFFFFFFFFFFFFFFFFFFFFFFFFFFFFFFFFFFFFFFFFFFFFFFFFFFFD3
:206DE000FFFFFFFFFFFFFFFFFFFFFFFFFFFFFFFFFFFFFFFFFFFFFFFFFFFFFFFFFFFFFFFFB3
:206E0000FFFFFFFFFFFFFFFFFFFFFFFFFFFFFFFFFFFFFFFFFFFFFFFFFFFFFFFFFFFFFFFF92
:206E2000FFFFFFFFFFFFFFFFFFFFFFFFFFFFFFFFFFFFFFFFFFFFFFFFFFFFFFFFFFFFFFFF72
:206E4000FFFFFFFFFFFFFFFFFFFFFFFFFFFFFFFFFFFFFFFFFFFFFFFFFFFFFFFFFFFFFFFF52
:206E6000FFFFFFFFFFFFFFFFFFFFFFFFFFFFFFFFFFFFFFFFFFFFFFFFFFFFFFFFFFFFFFFF32
:206E8000FFFFFFFFFFFFFFFFFFFFFFFFFFFFFFFFFFFFFFFFFFFFFFFFFFFFFFFFFFFFFFFF12
:206EA000FFFFFFFFFFFFFFFFFFFFFFFFFFFFFFFFFFFFFFFFFFFFFFFFFFFFFFFFFFFFFFFFF2
:206EC000FFFFFFFFFFFFFFFFFFFFFFFFFFFFFFFFFFFFFFFFFFFFFFFFFFFFFFFFFFFFFFFFD2
:206EE000FFFFFFFFFFFFFFFFFFFFFFFFFFFFFFFFFFFFFFFFFFFFFFFFFFFFFFFFFFFFFFFFB2
:206F0000FFFFFFFFFFFFFFFFFFFFFFFFFFFFFFFFFFFFFFFFFFFFFFFFFFFFFFFFFFFFFFFF91
:206F2000FFFFFFFFFFFFFFFFFFFFFFFFFFFFFFFFFFFFFFFFFFFFFFFFFFFFFFFFFFFFFFFF71
:206F4000FFFFFFFFFFFFFFFFFFFFFFFFFFFFFFFFFFFFFFFFFFFFFFFFFFFFFFFFFFFFFFFF51
:206F6000FFFFFFFFFFFFFFFFFFFFFFFFFFFFFFFFFFFFFFFFFFFFFFFFFFFFFFFFFFFFFFFF31
:206F8000FFFFFFFFFFFFFFFFFFFFFFFFFFFFFFFFFFFFFFFFFFFFFFFFFFFFFFFFFFFFFFFF11
:206FA000FFFFFFFFFFFFFFFFFFFFFFFFFFFFFFFFFFFFFFFFFFFFFFFFFFFFFFFFFFFFFFFFF1
:206FC000FFFFFFFFFFFFFFFFFFFFFFFFFFFFFFFFFFFFFFFFFFFFFFFFFFFFFFFFFFFFFFFFD1
:206FE000FFFFFFFFFFFFFFFFFFFFFFFFFFFFFFFFFFFFFFFFFFFFFFFFFFFFFFFFFFFFFFFFB1
:00000001FF
