/*
 * Copyright (c) 2026, Realtek Semiconductor Corporation
 *
 * SPDX-License-Identifier: LicenseRef-Realtek-5-Clause AND BSD-3-Clause-Clear
 *
 * TinyMotion int8 CNN model (TFLite flatbuffer) embedded as a C byte array.
 *
 * Model : end-to-end 1D-CNN, input int8 [1,125,3], output int8 [1,4] softmax.
 * Classes: 0=idle 1=snake 2=updown 3=wave
 * Source : Dataset: Continuous motion
 *          recognition (The Clear BSD License, Copyright (c) EdgeImpulse Inc.).
 *          See the LICENSE file in this directory.
 * Runtime: TFLite-Micro via ts_realtek (Apache-2.0).
 */

alignas(16) const unsigned char model_int8_motion[] =
{
    0x1C, 0x00, 0x00, 0x00, 0x54, 0x46, 0x4C, 0x33, 0x14, 0x00, 0x20, 0x00,
    0x1C, 0x00, 0x18, 0x00, 0x14, 0x00, 0x10, 0x00, 0x0C, 0x00, 0x00, 0x00,
    0x08, 0x00, 0x04, 0x00, 0x14, 0x00, 0x00, 0x00, 0x1C, 0x00, 0x00, 0x00,
    0x88, 0x00, 0x00, 0x00, 0xE0, 0x00, 0x00, 0x00, 0x74, 0x2A, 0x00, 0x00,
    0x84, 0x2A, 0x00, 0x00, 0x40, 0x61, 0x00, 0x00, 0x03, 0x00, 0x00, 0x00,
    0x01, 0x00, 0x00, 0x00, 0x04, 0x00, 0x00, 0x00, 0x32, 0xD1, 0xFF, 0xFF,
    0x0C, 0x00, 0x00, 0x00, 0x1C, 0x00, 0x00, 0x00, 0x3C, 0x00, 0x00, 0x00,
    0x0F, 0x00, 0x00, 0x00, 0x73, 0x65, 0x72, 0x76, 0x69, 0x6E, 0x67, 0x5F,
    0x64, 0x65, 0x66, 0x61, 0x75, 0x6C, 0x74, 0x00, 0x01, 0x00, 0x00, 0x00,
    0x04, 0x00, 0x00, 0x00, 0x94, 0xFF, 0xFF, 0xFF, 0x2D, 0x00, 0x00, 0x00,
    0x04, 0x00, 0x00, 0x00, 0x08, 0x00, 0x00, 0x00, 0x6F, 0x75, 0x74, 0x70,
    0x75, 0x74, 0x5F, 0x30, 0x00, 0x00, 0x00, 0x00, 0x01, 0x00, 0x00, 0x00,
    0x04, 0x00, 0x00, 0x00, 0x26, 0xD5, 0xFF, 0xFF, 0x04, 0x00, 0x00, 0x00,
    0x0B, 0x00, 0x00, 0x00, 0x69, 0x6E, 0x70, 0x75, 0x74, 0x5F, 0x6C, 0x61,
    0x79, 0x65, 0x72, 0x00, 0x02, 0x00, 0x00, 0x00, 0x34, 0x00, 0x00, 0x00,
    0x04, 0x00, 0x00, 0x00, 0xDC, 0xFF, 0xFF, 0xFF, 0x30, 0x00, 0x00, 0x00,
    0x04, 0x00, 0x00, 0x00, 0x13, 0x00, 0x00, 0x00, 0x43, 0x4F, 0x4E, 0x56,
    0x45, 0x52, 0x53, 0x49, 0x4F, 0x4E, 0x5F, 0x4D, 0x45, 0x54, 0x41, 0x44,
    0x41, 0x54, 0x41, 0x00, 0x08, 0x00, 0x0C, 0x00, 0x08, 0x00, 0x04, 0x00,
    0x08, 0x00, 0x00, 0x00, 0x2F, 0x00, 0x00, 0x00, 0x04, 0x00, 0x00, 0x00,
    0x13, 0x00, 0x00, 0x00, 0x6D, 0x69, 0x6E, 0x5F, 0x72, 0x75, 0x6E, 0x74,
    0x69, 0x6D, 0x65, 0x5F, 0x76, 0x65, 0x72, 0x73, 0x69, 0x6F, 0x6E, 0x00,
    0x31, 0x00, 0x00, 0x00, 0x90, 0x29, 0x00, 0x00, 0x88, 0x29, 0x00, 0x00,
    0x74, 0x29, 0x00, 0x00, 0x58, 0x29, 0x00, 0x00, 0x44, 0x29, 0x00, 0x00,
    0x28, 0x29, 0x00, 0x00, 0x0C, 0x29, 0x00, 0x00, 0xF0, 0x28, 0x00, 0x00,
    0xD4, 0x28, 0x00, 0x00, 0xB4, 0x28, 0x00, 0x00, 0xA4, 0x27, 0x00, 0x00,
    0x54, 0x27, 0x00, 0x00, 0x04, 0x27, 0x00, 0x00, 0xF4, 0x25, 0x00, 0x00,
    0xE4, 0x0D, 0x00, 0x00, 0xB4, 0x0D, 0x00, 0x00, 0x84, 0x0D, 0x00, 0x00,
    0xF4, 0x0C, 0x00, 0x00, 0xE4, 0x02, 0x00, 0x00, 0xC4, 0x02, 0x00, 0x00,
    0xA4, 0x02, 0x00, 0x00, 0x54, 0x02, 0x00, 0x00, 0x54, 0x01, 0x00, 0x00,
    0x4C, 0x01, 0x00, 0x00, 0x44, 0x01, 0x00, 0x00, 0x3C, 0x01, 0x00, 0x00,
    0x34, 0x01, 0x00, 0x00, 0x2C, 0x01, 0x00, 0x00, 0x24, 0x01, 0x00, 0x00,
    0x1C, 0x01, 0x00, 0x00, 0x14, 0x01, 0x00, 0x00, 0x0C, 0x01, 0x00, 0x00,
    0x04, 0x01, 0x00, 0x00, 0xFC, 0x00, 0x00, 0x00, 0xF4, 0x00, 0x00, 0x00,
    0xEC, 0x00, 0x00, 0x00, 0xE4, 0x00, 0x00, 0x00, 0xDC, 0x00, 0x00, 0x00,
    0xD4, 0x00, 0x00, 0x00, 0xCC, 0x00, 0x00, 0x00, 0xC4, 0x00, 0x00, 0x00,
    0xBC, 0x00, 0x00, 0x00, 0xB4, 0x00, 0x00, 0x00, 0xAC, 0x00, 0x00, 0x00,
    0xA4, 0x00, 0x00, 0x00, 0x9C, 0x00, 0x00, 0x00, 0x94, 0x00, 0x00, 0x00,
    0x74, 0x00, 0x00, 0x00, 0x04, 0x00, 0x00, 0x00, 0x62, 0xD6, 0xFF, 0xFF,
    0x04, 0x00, 0x00, 0x00, 0x60, 0x00, 0x00, 0x00, 0x0C, 0x00, 0x00, 0x00,
    0x08, 0x00, 0x0E, 0x00, 0x08, 0x00, 0x04, 0x00, 0x08, 0x00, 0x00, 0x00,
    0x10, 0x00, 0x00, 0x00, 0x28, 0x00, 0x00, 0x00, 0x00, 0x00, 0x06, 0x00,
    0x08, 0x00, 0x04, 0x00, 0x06, 0x00, 0x00, 0x00, 0x04, 0x00, 0x00, 0x00,
    0x01, 0x00, 0x00, 0x00, 0xEB, 0x03, 0x00, 0x00, 0x0C, 0x00, 0x18, 0x00,
    0x14, 0x00, 0x10, 0x00, 0x0C, 0x00, 0x04, 0x00, 0x0C, 0x00, 0x00, 0x00,
    0x70, 0xBF, 0xDC, 0x78, 0xF6, 0x4F, 0x90, 0x0D, 0x02, 0x00, 0x00, 0x00,
    0x02, 0x00, 0x00, 0x00, 0x04, 0x00, 0x00, 0x00, 0x06, 0x00, 0x00, 0x00,
    0x32, 0x2E, 0x32, 0x31, 0x2E, 0x30, 0x00, 0x00, 0xCE, 0xD6, 0xFF, 0xFF,
    0x04, 0x00, 0x00, 0x00, 0x10, 0x00, 0x00, 0x00, 0x31, 0x2E, 0x31, 0x34,
    0x2E, 0x30, 0x00, 0x00, 0x00, 0x00, 0x00, 0x00, 0x00, 0x00, 0x00, 0x00,
    0xAC, 0xA1, 0xFF, 0xFF, 0xB0, 0xA1, 0xFF, 0xFF, 0xB4, 0xA1, 0xFF, 0xFF,
    0xB8, 0xA1, 0xFF, 0xFF, 0xBC, 0xA1, 0xFF, 0xFF, 0xC0, 0xA1, 0xFF, 0xFF,
    0xC4, 0xA1, 0xFF, 0xFF, 0xC8, 0xA1, 0xFF, 0xFF, 0xCC, 0xA1, 0xFF, 0xFF,
    0xD0, 0xA1, 0xFF, 0xFF, 0xD4, 0xA1, 0xFF, 0xFF, 0xD8, 0xA1, 0xFF, 0xFF,
    0xDC, 0xA1, 0xFF, 0xFF, 0xE0, 0xA1, 0xFF, 0xFF, 0xE4, 0xA1, 0xFF, 0xFF,
    0xE8, 0xA1, 0xFF, 0xFF, 0xEC, 0xA1, 0xFF, 0xFF, 0xF0, 0xA1, 0xFF, 0xFF,
    0xF4, 0xA1, 0xFF, 0xFF, 0xF8, 0xA1, 0xFF, 0xFF, 0xFC, 0xA1, 0xFF, 0xFF,
    0x00, 0xA2, 0xFF, 0xFF, 0x04, 0xA2, 0xFF, 0xFF, 0x08, 0xA2, 0xFF, 0xFF,
    0x4A, 0xD7, 0xFF, 0xFF, 0x04, 0x00, 0x00, 0x00, 0xF0, 0x00, 0x00, 0x00,
    0x96, 0x4B, 0x12, 0x2F, 0x02, 0x9D, 0x2C, 0x81, 0xF4, 0xA0, 0x3C, 0xBA,
    0xAC, 0x53, 0x26, 0xDF, 0xCE, 0x79, 0x3F, 0xC7, 0x73, 0x9D, 0x0A, 0x6B,
    0x66, 0xA7, 0xED, 0x7F, 0x9E, 0x45, 0xCA, 0xEF, 0x86, 0xB8, 0x58, 0x08,
    0x19, 0xBA, 0xDF, 0xFC, 0x0E, 0x81, 0x1E, 0x35, 0xEF, 0x90, 0x99, 0x2E,
    0xC4, 0x81, 0xF5, 0x5B, 0xB2, 0xDB, 0x2E, 0x92, 0xD9, 0x9B, 0xA5, 0xDA,
    0xE1, 0x3D, 0xAB, 0x82, 0x2A, 0x21, 0xED, 0x3B, 0x99, 0x81, 0x64, 0xBB,
    0xE0, 0x33, 0x53, 0x6F, 0xEF, 0xD7, 0x59, 0x07, 0xE3, 0x39, 0x5E, 0x5E,
    0x81, 0x14, 0xE2, 0x8C, 0x3F, 0x15, 0xB3, 0x9A, 0xAF, 0x43, 0x81, 0xE4,
    0x10, 0xDB, 0xB3, 0x32, 0xE0, 0x4E, 0xBB, 0x58, 0xBB, 0x4B, 0x30, 0xF8,
    0x49, 0x07, 0x42, 0x1C, 0xF3, 0xB0, 0xB4, 0x31, 0x60, 0x7F, 0x9E, 0x0F,
    0x6C, 0xFF, 0x82, 0xF5, 0xF8, 0xDA, 0x8C, 0x32, 0x7F, 0x43, 0x0F, 0x02,
    0x96, 0xB1, 0xEC, 0xC0, 0x7F, 0x08, 0x23, 0xFC, 0x5B, 0x8B, 0x8B, 0xA0,
    0x65, 0x63, 0xA5, 0x26, 0x9A, 0x73, 0xF7, 0x44, 0x00, 0xFA, 0x13, 0xAB,
    0xBE, 0xB2, 0x26, 0xDF, 0x81, 0xD0, 0x54, 0xB4, 0x48, 0xBC, 0x4C, 0x0E,
    0xB9, 0x0A, 0xFB, 0x81, 0xBB, 0xBE, 0x9B, 0xD4, 0x49, 0x0E, 0x13, 0xAE,
    0x6B, 0x3F, 0x6F, 0x81, 0xF6, 0x12, 0xD6, 0x1E, 0x19, 0xC5, 0x2B, 0x06,
    0xD9, 0x50, 0xE1, 0x5F, 0x8E, 0xE0, 0x4B, 0x81, 0x64, 0x17, 0xCB, 0x74,
    0xE7, 0xA3, 0x69, 0x3E, 0x5A, 0xA6, 0x65, 0x50, 0xFF, 0x66, 0x6D, 0xD2,
    0x76, 0x7F, 0x33, 0x95, 0x48, 0xBF, 0xFC, 0x73, 0xB4, 0xF5, 0x55, 0xFB,
    0x8C, 0xE4, 0xD3, 0x7F, 0x58, 0x77, 0x11, 0xA0, 0x54, 0x33, 0x73, 0x7F,
    0x46, 0xD8, 0xFF, 0xFF, 0x04, 0x00, 0x00, 0x00, 0x40, 0x00, 0x00, 0x00,
    0x4E, 0xFA, 0xFF, 0xFF, 0x99, 0xFB, 0xFF, 0xFF, 0xF4, 0xFF, 0xFF, 0xFF,
    0x80, 0x00, 0x00, 0x00, 0xE6, 0xF9, 0xFF, 0xFF, 0x1C, 0x01, 0x00, 0x00,
    0xCF, 0x01, 0x00, 0x00, 0x9E, 0x00, 0x00, 0x00, 0xED, 0xFA, 0xFF, 0xFF,
    0xD7, 0x04, 0x00, 0x00, 0xA9, 0xFF, 0xFF, 0xFF, 0xA6, 0xFE, 0xFF, 0xFF,
    0xB1, 0xFB, 0xFF, 0xFF, 0xD3, 0xFA, 0xFF, 0xFF, 0xE2, 0xFC, 0xFF, 0xFF,
    0x49, 0xFC, 0xFF, 0xFF, 0x92, 0xD8, 0xFF, 0xFF, 0x04, 0x00, 0x00, 0x00,
    0x10, 0x00, 0x00, 0x00, 0xD3, 0xCB, 0xBA, 0xA2, 0xAC, 0xF0, 0xBD, 0xE8,
    0x7F, 0x5B, 0xD6, 0xB6, 0xE0, 0xD0, 0xA5, 0xF9, 0xAE, 0xD8, 0xFF, 0xFF,
    0x04, 0x00, 0x00, 0x00, 0x10, 0x00, 0x00, 0x00, 0xDD, 0x80, 0xC5, 0x1F,
    0x0D, 0xDD, 0xE8, 0xB3, 0x0D, 0x87, 0xEE, 0xEE, 0xCE, 0xA8, 0x07, 0x82,
    0xCA, 0xD8, 0xFF, 0xFF, 0x04, 0x00, 0x00, 0x00, 0x00, 0x0A, 0x00, 0x00,
    0xC2, 0xD6, 0xC5, 0xF4, 0x1B, 0x5B, 0xF7, 0x15, 0xEC, 0xD5, 0xCB, 0x08,
    0x32, 0x9F, 0xEF, 0xCE, 0x96, 0x1C, 0xE7, 0xCF, 0xB2, 0x13, 0xBD, 0x55,
    0xB4, 0x2A, 0x5F, 0xA9, 0x26, 0x02, 0xD2, 0xB3, 0x44, 0x8F, 0x09, 0x50,
    0xEC, 0xC2, 0x4E, 0xD4, 0xDA, 0x02, 0x4B, 0xDA, 0x5C, 0x9C, 0xB8, 0xE0,
    0x44, 0x36, 0x3A, 0xA6, 0xE1, 0xEA, 0x3A, 0xC4, 0x46, 0x08, 0xF4, 0xB2,
    0x57, 0xC3, 0xAF, 0xC8, 0x94, 0x06, 0x01, 0x08, 0xC3, 0x18, 0xE3, 0xA8,
    0x39, 0x06, 0xD1, 0x00, 0x5B, 0x81, 0xB4, 0xEC, 0x42, 0xF5, 0x59, 0xB1,
    0xEA, 0x25, 0xFB, 0xE0, 0xAE, 0x7F, 0x0E, 0x9D, 0x69, 0x4E, 0xC7, 0x5E,
    0x2D, 0xD6, 0x9B, 0xAE, 0x27, 0x04, 0x2D, 0x1B, 0x1E, 0x17, 0x3F, 0xFE,
    0x22, 0xC1, 0xA9, 0x0B, 0xF4, 0xF2, 0x00, 0x36, 0x17, 0x4E, 0x33, 0xFA,
    0x51, 0xD2, 0xD9, 0x9E, 0x09, 0xEE, 0x48, 0x53, 0xBD, 0xF9, 0x22, 0x28,
    0xF2, 0xE0, 0x5A, 0x20, 0xF5, 0xF9, 0x1C, 0xF6, 0xAA, 0xAE, 0xD7, 0x01,
    0x55, 0x2C, 0x1D, 0x71, 0xCA, 0x19, 0xB8, 0xC6, 0x5F, 0x45, 0xDE, 0xCB,
    0x69, 0x3D, 0xDD, 0x4C, 0x27, 0x1F, 0x3F, 0x1D, 0xFB, 0xD6, 0x61, 0xF0,
    0xE1, 0x0A, 0xE9, 0x44, 0x02, 0x08, 0xA7, 0xC8, 0x01, 0xC8, 0x27, 0x04,
    0xE0, 0x56, 0x36, 0xFD, 0xD7, 0xE2, 0xF9, 0x0C, 0x4B, 0xD3, 0xC6, 0xCA,
    0x57, 0x13, 0xC1, 0xF3, 0x67, 0xC8, 0x17, 0x7F, 0xFE, 0x30, 0x4F, 0xF6,
    0xE3, 0x42, 0xAA, 0x1B, 0x15, 0xAD, 0x43, 0xF3, 0x66, 0x02, 0x6B, 0x46,
    0x1C, 0xFB, 0x46, 0x2B, 0xC2, 0xF4, 0xBB, 0xFD, 0x0A, 0x00, 0x13, 0x0C,
    0xF7, 0x4E, 0x3D, 0x34, 0xFC, 0xB3, 0x3B, 0x03, 0x4F, 0x31, 0xDB, 0x27,
    0x35, 0x6D, 0x1A, 0xF5, 0x10, 0x21, 0x88, 0xCB, 0xE9, 0x1C, 0x13, 0xFD,
    0xD5, 0xBF, 0x18, 0x45, 0x3A, 0x78, 0x82, 0x6C, 0xA4, 0xFA, 0xA5, 0xA8,
    0xFD, 0x23, 0xC4, 0xCA, 0x8A, 0x37, 0x35, 0xC6, 0xA0, 0xC3, 0x49, 0xC3,
    0xF5, 0xFA, 0xF0, 0xFA, 0x25, 0x43, 0xDC, 0x33, 0x27, 0xE1, 0x9F, 0xD3,
    0xB4, 0xA0, 0x39, 0xDF, 0x92, 0x30, 0x33, 0xF9, 0xD3, 0x17, 0xB6, 0x45,
    0xF6, 0xBA, 0x2C, 0x81, 0xD9, 0xC1, 0x3F, 0xE7, 0x9F, 0xCD, 0x24, 0x83,
    0xAA, 0x0D, 0xD3, 0xF0, 0xAE, 0x8C, 0x87, 0xCB, 0x16, 0x3A, 0xB0, 0x21,
    0xEC, 0xAC, 0xEC, 0x6B, 0x9E, 0x2D, 0xF9, 0x68, 0x0E, 0xC8, 0xB1, 0xE1,
    0xDF, 0xAA, 0xD5, 0xDD, 0x57, 0x38, 0xE1, 0x37, 0x7F, 0x20, 0x20, 0xF9,
    0xAC, 0xEC, 0x03, 0x14, 0x43, 0xFE, 0xE2, 0x31, 0xED, 0x67, 0x2D, 0x13,
    0xF7, 0x1E, 0x59, 0xC3, 0x51, 0x8B, 0x01, 0xB3, 0xF1, 0xA1, 0xC7, 0xED,
    0x28, 0x1A, 0x54, 0xF9, 0xDF, 0x31, 0x2D, 0xF0, 0xDF, 0xAE, 0xB7, 0x36,
    0x64, 0x99, 0x47, 0xC3, 0x6C, 0xFE, 0xC0, 0xC6, 0x66, 0xF0, 0x6B, 0xB6,
    0x59, 0xF8, 0x3F, 0x5D, 0xB1, 0x45, 0x49, 0xE5, 0x1C, 0xFC, 0x30, 0xFC,
    0x34, 0x32, 0x42, 0x18, 0x96, 0x01, 0xC9, 0xC3, 0xE2, 0x20, 0x0B, 0xF7,
    0x4A, 0x6B, 0x24, 0xE9, 0xB8, 0xB0, 0xF2, 0xDA, 0xEF, 0x39, 0x45, 0xD7,
    0xF7, 0x21, 0xF9, 0xD8, 0xE5, 0x51, 0xEB, 0xC4, 0xD7, 0x16, 0xFB, 0x14,
    0xA9, 0xE7, 0xE3, 0xCB, 0x36, 0x00, 0xAE, 0xE3, 0xCA, 0xF1, 0xB6, 0xC0,
    0xB0, 0x1F, 0xFC, 0x2E, 0xB0, 0x11, 0xC9, 0xBF, 0xF2, 0xF6, 0xED, 0x42,
    0xEF, 0x7F, 0xE0, 0xF1, 0xCA, 0xFF, 0xE8, 0x10, 0xBA, 0x40, 0x3E, 0xC0,
    0x98, 0xBD, 0x16, 0x7F, 0xB1, 0x4B, 0x4E, 0x59, 0x53, 0x24, 0x57, 0x14,
    0xF4, 0x2A, 0x0A, 0xFB, 0xC3, 0xAE, 0xB4, 0x4A, 0xAB, 0x16, 0xD7, 0x20,
    0x13, 0x8B, 0x53, 0x40, 0x40, 0xD4, 0x5F, 0xC6, 0xC1, 0xD5, 0xEB, 0xE2,
    0xB9, 0xD9, 0x79, 0x08, 0xF6, 0x33, 0x48, 0xC6, 0xF5, 0xF9, 0x1F, 0xD7,
    0x09, 0x17, 0xBA, 0x5E, 0xED, 0xDB, 0xC3, 0x0A, 0xF2, 0x49, 0x75, 0xD9,
    0x10, 0x0E, 0xC0, 0xB5, 0x4D, 0xE0, 0x00, 0x78, 0xDF, 0x36, 0x36, 0xFC,
    0x05, 0xE5, 0xBA, 0x2E, 0xCE, 0x5E, 0x3F, 0x16, 0x53, 0x37, 0x89, 0x7D,
    0x67, 0x3B, 0x22, 0x9C, 0xCD, 0x1B, 0xB4, 0xAA, 0x16, 0xEA, 0xEA, 0xB5,
    0x8E, 0x51, 0x6D, 0xBC, 0xA3, 0x5F, 0x89, 0x70, 0x5D, 0xF7, 0x6F, 0xDE,
    0x2F, 0xA2, 0xF1, 0xD7, 0x57, 0x01, 0xC3, 0xD0, 0xAC, 0x03, 0xBC, 0xDB,
    0x37, 0x7F, 0x7F, 0x25, 0x15, 0x3B, 0x37, 0x41, 0x98, 0x4B, 0x9C, 0x16,
    0xFF, 0x7D, 0x60, 0x3D, 0xF4, 0xBA, 0x43, 0x56, 0xA0, 0xEF, 0xAD, 0xB9,
    0xEE, 0x30, 0xA9, 0x0F, 0xB6, 0x77, 0xC6, 0x55, 0xFC, 0x25, 0x4A, 0x0A,
    0xA6, 0x64, 0x5A, 0xA1, 0x4F, 0xB0, 0x08, 0x1D, 0xCB, 0xE0, 0xF4, 0x71,
    0x0A, 0xD2, 0xFC, 0x46, 0xD3, 0xCE, 0x15, 0x35, 0x0D, 0x90, 0x64, 0xC0,
    0x26, 0xD3, 0xEB, 0x20, 0xC8, 0x03, 0xF7, 0x2D, 0xF3, 0x4D, 0x1D, 0x7F,
    0x2C, 0x3A, 0x17, 0xDB, 0xCB, 0x57, 0x51, 0x76, 0x00, 0x40, 0x2D, 0x62,
    0xAE, 0xFD, 0x53, 0x61, 0xCC, 0x16, 0xFB, 0xE1, 0xB6, 0xE0, 0x43, 0x40,
    0x46, 0x84, 0x4D, 0x5F, 0x3D, 0x41, 0x34, 0x67, 0xE1, 0x50, 0xDE, 0x5D,
    0xA8, 0x7F, 0x6F, 0xCA, 0x43, 0x56, 0xC5, 0xF8, 0x6A, 0xCF, 0xFE, 0x54,
    0x22, 0x96, 0xD5, 0x35, 0x2D, 0x96, 0x65, 0xA4, 0xBB, 0x4A, 0x36, 0x24,
    0x33, 0xD5, 0x3C, 0x32, 0xB6, 0x21, 0x1E, 0xFE, 0xAB, 0x4C, 0xF9, 0xF5,
    0xD6, 0x4E, 0x15, 0x37, 0xFE, 0x15, 0x12, 0x25, 0xF4, 0x50, 0x0C, 0x62,
    0xF4, 0xCB, 0xC9, 0xD4, 0x0C, 0x30, 0x6E, 0x17, 0x15, 0x8B, 0x63, 0xE5,
    0xD8, 0x42, 0x54, 0x3B, 0xF8, 0x09, 0x50, 0x5C, 0x01, 0x73, 0x46, 0x97,
    0xFE, 0xE7, 0x07, 0x1D, 0xD1, 0xF6, 0xEE, 0x44, 0xC3, 0x81, 0x2F, 0x29,
    0xCC, 0xE8, 0xFB, 0x3D, 0x20, 0xF0, 0x0A, 0xA7, 0xF6, 0xF7, 0x44, 0xE8,
    0x40, 0x57, 0x5B, 0x35, 0x5E, 0x10, 0xED, 0xF7, 0x17, 0x90, 0x09, 0x59,
    0xE6, 0x08, 0x2A, 0xD8, 0x5A, 0x3E, 0xE4, 0x03, 0x50, 0xDD, 0x0E, 0x05,
    0xED, 0x3C, 0xF7, 0x55, 0x26, 0xA7, 0xDF, 0x28, 0x5A, 0x67, 0x54, 0xD0,
    0xA8, 0xAA, 0xDB, 0xAE, 0xE6, 0xBB, 0xC9, 0xA8, 0x2D, 0xC8, 0xAB, 0xDB,
    0xAB, 0xDE, 0xB2, 0x50, 0x55, 0xCD, 0x35, 0xC5, 0xB3, 0x81, 0x30, 0xA2,
    0xC6, 0xA0, 0x18, 0xAC, 0x62, 0xBA, 0x55, 0xC7, 0x13, 0x24, 0x50, 0xB0,
    0xFC, 0xA1, 0x54, 0x00, 0xF5, 0xC7, 0xBD, 0x66, 0x62, 0xD2, 0x3D, 0x07,
    0xCD, 0xDF, 0xFC, 0x65, 0xD5, 0x2E, 0x59, 0xFE, 0x4C, 0xA2, 0xF3, 0xCA,
    0x47, 0xBD, 0x50, 0x2C, 0xDA, 0xE1, 0xF0, 0x1E, 0x3C, 0xE9, 0x79, 0x48,
    0x13, 0xE7, 0xBB, 0x12, 0xB4, 0x2D, 0x48, 0x6A, 0xDF, 0x21, 0xDC, 0xED,
    0xDA, 0x48, 0x15, 0xD4, 0x94, 0xFD, 0x1A, 0xDE, 0x81, 0xF0, 0x14, 0x5F,
    0xCA, 0x00, 0x5B, 0xEC, 0xBF, 0x46, 0x09, 0x19, 0x08, 0xC6, 0xC5, 0x26,
    0x85, 0x1B, 0xB9, 0xCC, 0x03, 0xCE, 0x22, 0xC7, 0xFB, 0x25, 0xD4, 0xCC,
    0x2C, 0xDE, 0xC2, 0x18, 0x14, 0xC4, 0x1C, 0xB3, 0x2F, 0xFA, 0x20, 0x1C,
    0xC7, 0xB8, 0xE5, 0xB2, 0xAA, 0x29, 0xF0, 0xB2, 0xC2, 0xE3, 0xF5, 0xFE,
    0x39, 0xD8, 0xEE, 0xD7, 0xD7, 0xDB, 0xBC, 0xF6, 0xFA, 0x1B, 0x09, 0x35,
    0xCF, 0x4D, 0xE5, 0x22, 0xD8, 0x36, 0xC1, 0xD5, 0xE6, 0xCE, 0x20, 0x81,
    0xFB, 0xA8, 0xB8, 0xC9, 0xD1, 0x19, 0x2C, 0x15, 0x3F, 0x29, 0xF2, 0xEB,
    0xCF, 0x06, 0xD5, 0x00, 0x4B, 0xCF, 0x1C, 0x16, 0xAB, 0xF3, 0xD4, 0xCD,
    0xC1, 0xD2, 0x3B, 0xF5, 0xEB, 0xCC, 0xF4, 0xC0, 0x23, 0x67, 0x15, 0x92,
    0x49, 0xF6, 0xF7, 0xDC, 0xAF, 0xA2, 0x8D, 0x4E, 0xE1, 0xE7, 0x1D, 0xD2,
    0xE3, 0x02, 0x04, 0xB7, 0xEB, 0x4A, 0xB9, 0x08, 0x1F, 0x95, 0xFB, 0xEC,
    0xD3, 0x32, 0x1B, 0x6A, 0x08, 0x50, 0xBA, 0x9C, 0x4E, 0xEC, 0x02, 0xE5,
    0x36, 0xFD, 0x81, 0x01, 0x12, 0xF3, 0x04, 0xBB, 0xE3, 0x5B, 0x4F, 0xE4,
    0x51, 0x41, 0x23, 0xAF, 0x07, 0xFE, 0x9A, 0x22, 0x5B, 0x4F, 0xDC, 0xC2,
    0xF3, 0x5A, 0x09, 0x9E, 0x16, 0x39, 0xDA, 0x2A, 0x13, 0x25, 0x9B, 0xFF,
    0xD1, 0x0A, 0xF6, 0xFE, 0xFD, 0x4E, 0xB2, 0x1C, 0xFD, 0x3A, 0x02, 0x69,
    0xCF, 0xC7, 0x1B, 0x29, 0xCA, 0x7F, 0x4B, 0xC9, 0xE3, 0x09, 0xB5, 0xFA,
    0xCF, 0xAF, 0xDF, 0x2A, 0x09, 0xED, 0xED, 0xDC, 0xFB, 0x29, 0xE8, 0xF8,
    0x3B, 0x4B, 0xB4, 0x1E, 0xFC, 0xB9, 0xDB, 0xF6, 0x23, 0x16, 0x29, 0x18,
    0xF6, 0x14, 0xE1, 0x0A, 0x33, 0x4B, 0xFC, 0xD5, 0xE6, 0xCE, 0x1F, 0x66,
    0xE3, 0xBB, 0x5C, 0x28, 0x22, 0x6C, 0x41, 0x38, 0x26, 0xB4, 0xD9, 0x46,
    0x37, 0x35, 0x23, 0xFD, 0xBE, 0xC6, 0x4D, 0x27, 0x13, 0xFA, 0x21, 0xB1,
    0x0F, 0x38, 0xD1, 0x79, 0x3A, 0x3F, 0x2E, 0x19, 0xD3, 0x38, 0x2D, 0x22,
    0x9D, 0xFF, 0x2E, 0xD2, 0x3C, 0xE9, 0xC4, 0x36, 0xAA, 0x63, 0xE6, 0x5C,
    0xD7, 0xEA, 0x00, 0x6F, 0x50, 0xEC, 0x0C, 0xD6, 0xFA, 0x81, 0xAA, 0x22,
    0xB6, 0x17, 0xE6, 0x27, 0x43, 0x07, 0x69, 0xDD, 0x7B, 0x0B, 0xFD, 0xD0,
    0x8B, 0x41, 0x9D, 0x47, 0x43, 0xBF, 0x5C, 0x52, 0x71, 0x5B, 0x20, 0x36,
    0x1A, 0xD5, 0x0C, 0x35, 0x54, 0x35, 0x0C, 0xB6, 0x31, 0x46, 0x5A, 0xB5,
    0xF9, 0x9A, 0xF4, 0x22, 0x3B, 0x46, 0x16, 0xA2, 0x46, 0xB5, 0xED, 0x51,
    0x50, 0x61, 0x02, 0x9D, 0xE0, 0xBE, 0x6D, 0xD3, 0x2A, 0x33, 0xB0, 0x3F,
    0xDF, 0xB1, 0x37, 0x10, 0xB6, 0xBA, 0x40, 0x39, 0xFD, 0x22, 0x59, 0xBF,
    0xAB, 0x9B, 0xF9, 0xCE, 0x2F, 0xC3, 0xBB, 0xEF, 0x1A, 0x44, 0x2F, 0x45,
    0x07, 0xCA, 0x14, 0x0A, 0x4F, 0x93, 0xBB, 0x33, 0x41, 0x85, 0xAC, 0xF9,
    0x18, 0xD2, 0xB9, 0xAE, 0x2C, 0xF7, 0x7F, 0xC8, 0xF8, 0x95, 0x0F, 0xD2,
    0x5D, 0xCF, 0x0C, 0xD9, 0xF2, 0xF1, 0x47, 0x19, 0xBC, 0xEA, 0x02, 0x4B,
    0x3C, 0xCE, 0xB8, 0x0E, 0xE2, 0xCE, 0xC2, 0x12, 0xB3, 0x60, 0xBD, 0x0A,
    0xB3, 0xC6, 0x2B, 0xC5, 0xBD, 0x05, 0xBB, 0x3F, 0x34, 0xE8, 0x2A, 0x44,
    0x2B, 0x16, 0x0A, 0x53, 0xA5, 0x46, 0x5D, 0x48, 0xE6, 0x23, 0x00, 0x65,
    0xD6, 0xB3, 0xB8, 0xDA, 0x05, 0xF4, 0x9F, 0xAA, 0xCB, 0x31, 0x0B, 0x54,
    0x07, 0x7F, 0xD6, 0x3C, 0xAF, 0xB4, 0xAF, 0xEE, 0x28, 0x48, 0x0B, 0xDE,
    0xF6, 0xD6, 0x44, 0xC7, 0xB3, 0xE9, 0x13, 0x43, 0x46, 0xDB, 0xB2, 0x38,
    0x06, 0xF8, 0xB5, 0x25, 0xF2, 0xFA, 0x37, 0xFC, 0x14, 0x03, 0x12, 0xC8,
    0xD2, 0x38, 0xEE, 0x61, 0x17, 0x47, 0x8E, 0x9A, 0x29, 0x4D, 0x45, 0xB1,
    0xEC, 0xEB, 0xEC, 0x66, 0x75, 0x49, 0xB4, 0xA6, 0x38, 0x3D, 0xB3, 0xAF,
    0x9E, 0x64, 0xEA, 0x81, 0xF8, 0x28, 0x66, 0xB5, 0x77, 0xE5, 0xE2, 0x52,
    0xB0, 0xCF, 0x30, 0xEA, 0xCE, 0xC3, 0x1B, 0xA4, 0x79, 0xB2, 0x64, 0x4F,
    0xE0, 0x67, 0x35, 0xAA, 0x6A, 0x26, 0x8D, 0x2B, 0x3D, 0xF3, 0xF2, 0x2D,
    0x05, 0x68, 0xC7, 0xD6, 0x01, 0x4D, 0x3D, 0xF9, 0xEC, 0xC7, 0x1B, 0x2F,
    0xE6, 0xCE, 0x49, 0xDF, 0xFA, 0xAA, 0x21, 0x0C, 0x52, 0x2A, 0x01, 0xCF,
    0x48, 0xB5, 0xFB, 0xCC, 0xD4, 0xA6, 0x9C, 0x11, 0x5A, 0xFA, 0x5A, 0x19,
    0x39, 0x6C, 0x56, 0xA8, 0x27, 0xAA, 0xE7, 0x25, 0xE6, 0x27, 0xE0, 0x5F,
    0x2A, 0x50, 0xB4, 0x09, 0x5C, 0xFB, 0x3B, 0xEC, 0x70, 0xC3, 0xBB, 0xF1,
    0xE0, 0xDF, 0xC6, 0x5E, 0x50, 0x57, 0xC1, 0x06, 0x38, 0x41, 0xF0, 0x2F,
    0xE7, 0x37, 0xBD, 0x5A, 0xE8, 0x27, 0xA2, 0x08, 0xED, 0xD3, 0xF4, 0x43,
    0xD5, 0x65, 0xEB, 0x91, 0xB2, 0xC2, 0x66, 0xC6, 0xEC, 0x81, 0x33, 0x0D,
    0x0A, 0x09, 0x0F, 0x7A, 0x17, 0xB0, 0x09, 0xA2, 0xE4, 0xB1, 0x12, 0xB1,
    0x04, 0xCB, 0x33, 0xD3, 0x44, 0x56, 0x25, 0xEA, 0x44, 0x59, 0xB4, 0x02,
    0xE9, 0xBC, 0xEC, 0xAF, 0x61, 0xF2, 0x1E, 0xCF, 0xCE, 0x58, 0xE9, 0x36,
    0x3D, 0x5B, 0xF5, 0x0B, 0x4A, 0x48, 0x20, 0xAA, 0xCC, 0x43, 0x60, 0x81,
    0x69, 0x25, 0x46, 0x2D, 0xF1, 0xD2, 0xA8, 0x2E, 0xBE, 0x5E, 0x53, 0xE2,
    0x02, 0x59, 0x56, 0xF3, 0x0B, 0x48, 0x61, 0xAF, 0x61, 0x0A, 0x49, 0x51,
    0x38, 0x31, 0xE9, 0x1B, 0xE9, 0x31, 0xE6, 0xEA, 0x3A, 0xB2, 0xF4, 0x26,
    0xDA, 0x23, 0xE9, 0xCC, 0x1F, 0x60, 0xC1, 0x31, 0xD2, 0x0A, 0xFB, 0xAA,
    0x41, 0x81, 0x35, 0xBD, 0xEB, 0x97, 0xB2, 0xAF, 0x26, 0xCD, 0x19, 0xA2,
    0xF6, 0x40, 0xB4, 0x16, 0xE1, 0x91, 0xBF, 0xEE, 0x46, 0xFB, 0x40, 0x08,
    0x1E, 0x58, 0xAA, 0x41, 0x0D, 0x07, 0xBA, 0x3A, 0x0E, 0x23, 0x54, 0xC0,
    0xD2, 0x22, 0x1A, 0x31, 0xD4, 0xFB, 0x0A, 0xB1, 0x34, 0xE9, 0xBD, 0xDD,
    0x2A, 0xC3, 0x2D, 0x2A, 0x21, 0xF5, 0xB0, 0x30, 0xE3, 0x1C, 0xE0, 0xF7,
    0x00, 0xE6, 0x07, 0x25, 0x4F, 0x1F, 0xB9, 0xE9, 0x95, 0xE6, 0x55, 0x31,
    0x20, 0x5A, 0xF0, 0xA3, 0xD2, 0x7F, 0xD8, 0x68, 0x71, 0x44, 0x2F, 0x6C,
    0x47, 0xAD, 0x37, 0x00, 0x29, 0xB4, 0x4A, 0x97, 0xC6, 0xDA, 0xF9, 0x33,
    0x06, 0x35, 0xB4, 0xBD, 0x2C, 0x43, 0xBD, 0x49, 0x91, 0x2C, 0xB4, 0xAE,
    0xEB, 0xDA, 0x18, 0xE5, 0xE5, 0x8E, 0x33, 0x5B, 0xE8, 0xD8, 0x8E, 0x2A,
    0xF4, 0xF3, 0xCC, 0x5C, 0xE3, 0x79, 0x59, 0xF4, 0xD1, 0x8B, 0x0B, 0xFD,
    0x9A, 0xBF, 0x8E, 0xCE, 0x07, 0x97, 0x97, 0x79, 0xFB, 0x17, 0x10, 0xC5,
    0xE0, 0x18, 0x29, 0x17, 0x12, 0x46, 0xA6, 0xAE, 0xDB, 0x73, 0xC7, 0x0A,
    0x3E, 0x4A, 0xA8, 0x2A, 0x29, 0x07, 0x9A, 0xC0, 0xE6, 0xDE, 0x3E, 0xAD,
    0x22, 0x52, 0x1E, 0x55, 0x1E, 0x24, 0x2B, 0x69, 0x5B, 0x55, 0xB0, 0x40,
    0x31, 0xCB, 0x60, 0x8F, 0xFD, 0xA8, 0xA3, 0x1A, 0x4F, 0x27, 0xC3, 0x7F,
    0xD8, 0xA6, 0xB3, 0xF0, 0xFE, 0x33, 0x01, 0x44, 0xEE, 0x56, 0xAE, 0x32,
    0x44, 0xB2, 0xFC, 0x2E, 0xB0, 0x93, 0x46, 0xDD, 0xAE, 0x50, 0x11, 0xEC,
    0xA7, 0x1D, 0xF5, 0x63, 0xED, 0x2B, 0xAA, 0xF3, 0x03, 0x9F, 0x51, 0xFB,
    0xE4, 0xEB, 0x11, 0x46, 0xFE, 0x8D, 0x4D, 0x04, 0xED, 0xD3, 0x40, 0x15,
    0x35, 0x35, 0xF1, 0x75, 0x35, 0x6E, 0x38, 0x7F, 0x36, 0xAB, 0x1F, 0xEC,
    0x29, 0x60, 0x54, 0x70, 0xC6, 0xC3, 0x17, 0x69, 0x0E, 0x16, 0x4E, 0xFD,
    0xB7, 0xAF, 0x49, 0xCD, 0xBA, 0x3C, 0x26, 0x35, 0x05, 0xE6, 0xDD, 0x29,
    0x45, 0x41, 0xB7, 0x4F, 0x42, 0xA3, 0x7A, 0x3C, 0x4F, 0xD3, 0xCF, 0xE1,
    0x83, 0xEF, 0x36, 0x2A, 0xF8, 0xD1, 0xBC, 0x32, 0x43, 0x56, 0x7D, 0xD4,
    0x0A, 0x56, 0xE3, 0x65, 0xE4, 0x33, 0x56, 0xE7, 0xFC, 0xD6, 0x3A, 0x19,
    0x10, 0x1B, 0xE6, 0xC6, 0x19, 0x01, 0xE9, 0xF8, 0xD6, 0xA3, 0x47, 0xA8,
    0xA2, 0xDD, 0xA8, 0xEF, 0x03, 0xD7, 0x21, 0x0C, 0xC3, 0xD7, 0x17, 0xD5,
    0xCB, 0xCD, 0x1D, 0x9C, 0xA6, 0x8D, 0xCA, 0x09, 0xF1, 0x3C, 0xC4, 0xB9,
    0xCD, 0xF3, 0xD4, 0x2E, 0x0D, 0x2D, 0x19, 0x8B, 0xC4, 0x8F, 0x91, 0xFB,
    0x3F, 0xEB, 0xCF, 0x4C, 0xD6, 0x08, 0x43, 0x93, 0x11, 0x1A, 0x18, 0xBF,
    0x1D, 0xF3, 0xB8, 0x28, 0x1C, 0x4C, 0xF1, 0x12, 0xA5, 0x58, 0x21, 0x10,
    0xDC, 0xC9, 0xC7, 0x81, 0x0C, 0x0B, 0xE9, 0x38, 0x48, 0x56, 0xAE, 0x00,
    0xCA, 0xF3, 0x23, 0xF2, 0x0A, 0xF5, 0xD1, 0x1B, 0xF0, 0xCA, 0xDF, 0x4C,
    0x26, 0x43, 0xC6, 0x10, 0x3F, 0x16, 0xF6, 0x41, 0xF3, 0xDB, 0xD1, 0x2F,
    0xCE, 0xAF, 0x08, 0x1F, 0xB2, 0x04, 0x43, 0x7F, 0x14, 0x0E, 0xC7, 0xFF,
    0x30, 0x30, 0x0A, 0xDF, 0x0C, 0xFF, 0x24, 0x2A, 0xC1, 0x22, 0x2A, 0x08,
    0x3D, 0x1D, 0x3C, 0xE1, 0x1D, 0x2C, 0xDE, 0xF5, 0xD4, 0x08, 0x3A, 0xF1,
    0xCB, 0x4B, 0x36, 0x6C, 0x1C, 0x3E, 0x43, 0x3F, 0xE5, 0x1C, 0x47, 0x02,
    0x85, 0xB3, 0x47, 0x14, 0xCD, 0xC9, 0xE7, 0xDD, 0x09, 0xA6, 0x40, 0xFE,
    0x1E, 0x93, 0x09, 0xA8, 0xA1, 0xC3, 0xB9, 0x3D, 0x40, 0x7D, 0x94, 0x6E,
    0xA9, 0xB9, 0xB1, 0x81, 0x3F, 0x3B, 0x5E, 0x94, 0xC9, 0xBC, 0x1E, 0x06,
    0x86, 0xF1, 0xAE, 0x6C, 0x22, 0x25, 0x17, 0x1E, 0xF9, 0xD7, 0x35, 0xEA,
    0x3D, 0xBF, 0xF7, 0x4F, 0x4F, 0xC6, 0x4D, 0xE2, 0xE1, 0xD2, 0x4F, 0x34,
    0xC9, 0x5B, 0xD8, 0x10, 0xE1, 0x3E, 0x36, 0x19, 0xCC, 0x78, 0xB8, 0xA6,
    0xE2, 0x25, 0x72, 0x6B, 0x1E, 0x57, 0xD6, 0x47, 0x48, 0x0C, 0x63, 0x6F,
    0x6F, 0xCB, 0xB5, 0xD3, 0xD4, 0x05, 0x3D, 0x30, 0x88, 0xCF, 0x28, 0x1D,
    0x00, 0xBA, 0xEB, 0x03, 0x65, 0xD0, 0xC3, 0xBA, 0xE8, 0x1A, 0x52, 0x32,
    0xF4, 0x1A, 0xF8, 0xA3, 0x9D, 0x5F, 0x58, 0xC4, 0x11, 0x13, 0xFE, 0xFC,
    0x90, 0xC4, 0x2A, 0x58, 0x26, 0x24, 0x33, 0xAC, 0xE8, 0x02, 0xAB, 0x1F,
    0x23, 0x4E, 0x77, 0x6E, 0xAF, 0x11, 0x75, 0x7F, 0x41, 0x40, 0x48, 0x45,
    0x14, 0x0A, 0xFF, 0x0C, 0xAA, 0x81, 0x5F, 0xB8, 0xF3, 0x53, 0x51, 0x56,
    0xB9, 0x5B, 0x61, 0xD1, 0xEF, 0xF4, 0xAC, 0x82, 0xCC, 0xC2, 0xD2, 0xA6,
    0xFC, 0xCA, 0x06, 0x3F, 0x1B, 0x25, 0x19, 0xE4, 0xEE, 0x0F, 0xBB, 0x84,
    0xE2, 0x81, 0x08, 0xF2, 0x1C, 0xDF, 0xCC, 0x40, 0x27, 0x5F, 0x2C, 0x16,
    0x18, 0x17, 0xF6, 0xAA, 0xC3, 0xA1, 0x35, 0x2D, 0x46, 0xB8, 0x34, 0xDB,
    0x19, 0x27, 0x4D, 0x5F, 0xE8, 0x26, 0x50, 0xFD, 0x4A, 0xD3, 0x27, 0x98,
    0xB9, 0x22, 0x91, 0x5E, 0x06, 0x13, 0x9A, 0xEA, 0xC0, 0x79, 0x3A, 0xF5,
    0xE1, 0xEF, 0x4A, 0x0F, 0xC7, 0xD5, 0xD7, 0x39, 0x33, 0x03, 0x0D, 0xC7,
    0xB0, 0x24, 0xF6, 0x45, 0x36, 0x61, 0xD1, 0x45, 0x15, 0xDD, 0x1D, 0x11,
    0xEC, 0x45, 0x50, 0x4D, 0xB8, 0x53, 0x29, 0x5A, 0xCD, 0x3A, 0xEC, 0x5B,
    0xF2, 0x2D, 0xF8, 0xDC, 0x17, 0x62, 0xA6, 0x53, 0x33, 0xC5, 0xBE, 0xFC,
    0x02, 0x38, 0xC5, 0x56, 0xAC, 0x28, 0x16, 0xBC, 0xF8, 0xE5, 0x0A, 0x58,
    0xEF, 0x58, 0x24, 0xCB, 0x1F, 0x18, 0x43, 0xD8, 0xB4, 0x35, 0x0A, 0x28,
    0x46, 0x13, 0x0A, 0x15, 0x24, 0xF5, 0xDA, 0x18, 0x42, 0x49, 0x04, 0x7F,
    0xD7, 0x19, 0xD9, 0xC5, 0x42, 0xC4, 0xFD, 0xF0, 0xF5, 0xF3, 0x0C, 0x82,
    0x47, 0xCB, 0x02, 0x18, 0xAE, 0xC1, 0xE2, 0x53, 0xE0, 0xF3, 0x4B, 0x1C,
    0xDF, 0x45, 0x51, 0x0F, 0x12, 0x12, 0x56, 0xB9, 0x5F, 0x33, 0xA9, 0x4F,
    0x66, 0x68, 0xED, 0x60, 0x11, 0x31, 0xD8, 0x23, 0x03, 0x16, 0xE4, 0x46,
    0xB3, 0x3D, 0xC7, 0xD1, 0xFD, 0x5D, 0x42, 0x7E, 0xE2, 0xDD, 0xB3, 0x13,
    0x04, 0x9B, 0xED, 0xA5, 0xCA, 0x81, 0x23, 0x47, 0xB3, 0x21, 0x2D, 0x78,
    0xDB, 0x28, 0x2C, 0xA7, 0x71, 0xC7, 0x3A, 0xCD, 0xD3, 0xE4, 0x00, 0x0F,
    0x5F, 0x69, 0xE7, 0x0E, 0xD6, 0xE2, 0xFF, 0xFF, 0x04, 0x00, 0x00, 0x00,
    0x80, 0x00, 0x00, 0x00, 0x69, 0xFD, 0xFF, 0xFF, 0x84, 0xFC, 0xFF, 0xFF,
    0xEE, 0xFD, 0xFF, 0xFF, 0x15, 0x00, 0x00, 0x00, 0x4C, 0x00, 0x00, 0x00,
    0x96, 0xFD, 0xFF, 0xFF, 0x4C, 0xFB, 0xFF, 0xFF, 0x70, 0xFE, 0xFF, 0xFF,
    0xB4, 0xFC, 0xFF, 0xFF, 0xAC, 0xFF, 0xFF, 0xFF, 0xB1, 0x02, 0x00, 0x00,
    0xD7, 0x03, 0x00, 0x00, 0x03, 0xF7, 0xFF, 0xFF, 0xC0, 0xFD, 0xFF, 0xFF,
    0x10, 0xFF, 0xFF, 0xFF, 0x99, 0x04, 0x00, 0x00, 0x27, 0xFC, 0xFF, 0xFF,
    0xE0, 0xFC, 0xFF, 0xFF, 0x1C, 0xFF, 0xFF, 0xFF, 0x7F, 0xF8, 0xFF, 0xFF,
    0x5E, 0xFF, 0xFF, 0xFF, 0x9A, 0x00, 0x00, 0x00, 0xB7, 0xF9, 0xFF, 0xFF,
    0xEA, 0xF9, 0xFF, 0xFF, 0xA0, 0xFD, 0xFF, 0xFF, 0xFD, 0xFE, 0xFF, 0xFF,
    0x88, 0xFE, 0xFF, 0xFF, 0x2B, 0x01, 0x00, 0x00, 0x41, 0xFE, 0xFF, 0xFF,
    0x4C, 0xF6, 0xFF, 0xFF, 0x7C, 0xFD, 0xFF, 0xFF, 0x53, 0xFA, 0xFF, 0xFF,
    0x62, 0xE3, 0xFF, 0xFF, 0x04, 0x00, 0x00, 0x00, 0x20, 0x00, 0x00, 0x00,
    0x60, 0x27, 0xC1, 0x46, 0xE8, 0x37, 0xC0, 0xE7, 0xE7, 0xC7, 0xD0, 0xD3,
    0x55, 0xE3, 0xBC, 0xCD, 0xDB, 0x33, 0xFF, 0xEF, 0xE2, 0xD4, 0x2D, 0x0F,
    0xB5, 0xFA, 0xD2, 0x09, 0xC8, 0x7F, 0xC3, 0x02, 0x8E, 0xE3, 0xFF, 0xFF,
    0x04, 0x00, 0x00, 0x00, 0x20, 0x00, 0x00, 0x00, 0xBF, 0xDA, 0xDC, 0x92,
    0xDD, 0xC1, 0xE9, 0xE1, 0xB6, 0xEF, 0xB6, 0xEC, 0xB8, 0xC2, 0x06, 0xD4,
    0xDE, 0x80, 0xB5, 0xC9, 0xE8, 0xE6, 0xB3, 0xE1, 0xEE, 0xB0, 0xD3, 0xDC,
    0x0C, 0xCB, 0xA4, 0xA5, 0xBA, 0xE3, 0xFF, 0xFF, 0x04, 0x00, 0x00, 0x00,
    0x00, 0x18, 0x00, 0x00, 0x71, 0x30, 0x64, 0x1D, 0xD8, 0x01, 0xF9, 0x24,
    0xDB, 0xD4, 0x2F, 0x26, 0x59, 0x00, 0xF4, 0x43, 0x2E, 0xD6, 0xC7, 0x67,
    0x15, 0xF1, 0xE2, 0xEE, 0xCC, 0x04, 0xED, 0x03, 0x09, 0x2D, 0x6C, 0x58,
    0x5A, 0x0F, 0x48, 0xFE, 0x17, 0x66, 0x4A, 0xB2, 0x4C, 0x56, 0x6D, 0x22,
    0x04, 0x1A, 0x25, 0x29, 0x19, 0x1E, 0x3C, 0x4D, 0xAE, 0x18, 0xE9, 0x49,
    0xD0, 0x1E, 0x54, 0xF5, 0x26, 0x2F, 0x58, 0x03, 0x2B, 0xDD, 0xDC, 0x10,
    0xEC, 0x42, 0xE6, 0x95, 0xCE, 0x17, 0xEC, 0xCC, 0x07, 0x19, 0x0B, 0x30,
    0x08, 0xE5, 0xAC, 0x55, 0xC0, 0x7F, 0x20, 0xF9, 0xB1, 0x78, 0xF4, 0x5E,
    0x59, 0xF7, 0xDD, 0xBB, 0x4E, 0x3B, 0xEB, 0xC9, 0xBA, 0xDE, 0x1E, 0xF2,
    0xA3, 0x4F, 0xE4, 0x08, 0xF2, 0xA2, 0x34, 0xE6, 0x0D, 0x21, 0x08, 0x81,
    0xE0, 0xC4, 0xEF, 0x13, 0xF7, 0x20, 0x31, 0x0F, 0xB3, 0x27, 0xEF, 0xED,
    0x0F, 0x44, 0xEE, 0x17, 0xC6, 0x2F, 0x3F, 0x63, 0x9F, 0xE2, 0x3B, 0x28,
    0x92, 0x2B, 0x17, 0x53, 0xEB, 0x1D, 0xC5, 0xD3, 0xD6, 0xE8, 0xE3, 0x68,
    0xAF, 0xCA, 0xBE, 0xFE, 0x36, 0x1F, 0x18, 0x12, 0x65, 0x07, 0x00, 0xB4,
    0x35, 0xF3, 0xCB, 0x51, 0xE3, 0xE5, 0x05, 0xFC, 0xB4, 0x25, 0xEA, 0xED,
    0xFF, 0x46, 0xC6, 0xC1, 0x09, 0xCC, 0x07, 0xEA, 0xBC, 0xDF, 0xC9, 0x43,
    0x1C, 0xE3, 0xE8, 0x95, 0xA6, 0x1F, 0x0E, 0xFF, 0xAF, 0x81, 0x28, 0x91,
    0xEB, 0x1A, 0x49, 0xAF, 0xBA, 0xD1, 0x90, 0xAF, 0x25, 0xCD, 0xE7, 0xFA,
    0x29, 0xB9, 0xB1, 0xB5, 0xD1, 0xBC, 0xF3, 0x36, 0xFD, 0xDD, 0xD7, 0x37,
    0xC7, 0xAB, 0xE3, 0xA2, 0x1F, 0x91, 0xAE, 0x8F, 0xF5, 0x44, 0xEF, 0x3C,
    0xF0, 0x1F, 0xF6, 0xDA, 0x83, 0x8B, 0x14, 0x33, 0x33, 0xD0, 0xC7, 0x08,
    0xAC, 0x53, 0xEC, 0x28, 0xAB, 0x17, 0xB9, 0x1D, 0x89, 0x90, 0x31, 0x05,
    0xED, 0xBC, 0x8A, 0xB0, 0xAB, 0x9E, 0xF5, 0xA7, 0xE4, 0xB5, 0xE8, 0x3F,
    0x35, 0xD4, 0x01, 0xAF, 0x33, 0x53, 0x9B, 0xD9, 0xF0, 0x55, 0xFD, 0x33,
    0xFB, 0xE4, 0x0D, 0xA7, 0x59, 0x20, 0x14, 0x6A, 0x07, 0xE9, 0x09, 0xEB,
    0x61, 0x1A, 0xC9, 0xD4, 0x27, 0x58, 0x39, 0x1D, 0xF9, 0x20, 0xFA, 0x52,
    0x22, 0xF3, 0xFE, 0xCF, 0xCE, 0xF3, 0x13, 0xC0, 0xB0, 0x18, 0xDD, 0xFC,
    0xDC, 0x4D, 0x18, 0x00, 0x0F, 0x46, 0xAA, 0xF3, 0x3B, 0xDE, 0xED, 0x0C,
    0x3F, 0x31, 0x1A, 0xB7, 0x3D, 0x31, 0x3F, 0xF4, 0xCB, 0x3B, 0xEB, 0xDC,
    0xC7, 0xF6, 0xF0, 0x02, 0x08, 0x3B, 0x34, 0x0C, 0x18, 0x11, 0x15, 0x50,
    0xEC, 0xFB, 0x10, 0xD8, 0x22, 0x0F, 0xCC, 0xD2, 0x7F, 0xF8, 0x32, 0x20,
    0xDE, 0x59, 0x21, 0x36, 0x04, 0x3B, 0x87, 0xAC, 0x05, 0x15, 0xA1, 0xCD,
    0xB8, 0xF2, 0xF8, 0x1B, 0xDB, 0x81, 0x59, 0x3A, 0x3F, 0x2C, 0x4E, 0x2A,
    0x58, 0xD1, 0xE2, 0xD0, 0x09, 0x56, 0x42, 0x0A, 0x4D, 0xBD, 0xCA, 0xDD,
    0x19, 0x4D, 0x5E, 0x39, 0xE1, 0xD9, 0xD7, 0xFB, 0x1C, 0xEA, 0xDE, 0x9B,
    0x4E, 0x8A, 0x26, 0xDE, 0x4D, 0x4C, 0x22, 0x23, 0x1A, 0x13, 0xF8, 0x2B,
    0xBB, 0xCA, 0x52, 0xC6, 0x27, 0xBF, 0xCE, 0x70, 0x0F, 0x30, 0xD2, 0x42,
    0xC0, 0x0F, 0x65, 0x40, 0x1F, 0xAB, 0x25, 0xC5, 0xF2, 0xFD, 0xF2, 0x00,
    0x18, 0x05, 0x18, 0x11, 0x0D, 0x5A, 0x0E, 0x53, 0x42, 0x49, 0x29, 0xCB,
    0xDB, 0x4B, 0xAF, 0x5A, 0xAF, 0x5A, 0xFF, 0xE1, 0x55, 0x31, 0x0E, 0x6A,
    0xD8, 0xD1, 0xA9, 0xB1, 0x31, 0xFC, 0xF5, 0x3B, 0xB0, 0x31, 0x12, 0x12,
    0x63, 0x32, 0xD5, 0x0A, 0x07, 0xC0, 0x66, 0x5D, 0x2B, 0x2A, 0xF6, 0x42,
    0x1B, 0xDA, 0x6B, 0x7F, 0x3F, 0x36, 0xCC, 0x8C, 0x2F, 0x22, 0xBA, 0xBF,
    0x9E, 0x03, 0xC4, 0xBE, 0x31, 0xD5, 0x2B, 0x4F, 0x54, 0x1F, 0x23, 0x46,
    0x9D, 0x1D, 0xEB, 0x2E, 0xDC, 0x32, 0xB6, 0xB7, 0xE5, 0xD5, 0x43, 0x04,
    0xB8, 0x9F, 0xDC, 0xD9, 0xD5, 0xCC, 0x0A, 0x36, 0xAC, 0xC8, 0x2B, 0x4F,
    0xB2, 0xCA, 0x46, 0x5A, 0x18, 0x54, 0x26, 0x56, 0x11, 0x08, 0xAF, 0x2F,
    0x2A, 0xC7, 0x97, 0xB6, 0xED, 0xC6, 0x2E, 0xD5, 0x4B, 0x4B, 0xCB, 0x39,
    0x08, 0xC2, 0x04, 0x0B, 0x15, 0x90, 0x49, 0x00, 0xDD, 0xF5, 0x5A, 0x27,
    0xF1, 0xEC, 0xE1, 0x3C, 0x0E, 0xCE, 0x37, 0x05, 0xD8, 0x48, 0x15, 0xFD,
    0xE5, 0x35, 0x13, 0x08, 0xD2, 0x41, 0xF7, 0xF6, 0x45, 0x07, 0x3A, 0xD2,
    0xC6, 0x82, 0x7F, 0x3F, 0x50, 0x10, 0x08, 0x24, 0xFC, 0xC8, 0x50, 0x36,
    0xB0, 0x37, 0x42, 0xC1, 0x56, 0xAC, 0xA3, 0x18, 0xE9, 0x38, 0x3F, 0x5B,
    0x2A, 0x43, 0x3E, 0xEE, 0x22, 0xCF, 0x09, 0xE2, 0x1E, 0xDD, 0xE1, 0xBA,
    0x23, 0x3F, 0xF5, 0x16, 0x3B, 0x56, 0xE5, 0x20, 0xCC, 0xCF, 0xF0, 0xF9,
    0x15, 0xC7, 0xE7, 0x26, 0x4C, 0x57, 0x28, 0x6E, 0x0A, 0x46, 0x0C, 0x2E,
    0x1D, 0x16, 0xBD, 0x2B, 0x5D, 0xF1, 0x9B, 0xFC, 0x35, 0xC1, 0x1F, 0x26,
    0xEE, 0xD1, 0xAF, 0x28, 0x20, 0xB9, 0x08, 0xE8, 0xD3, 0xF7, 0x0C, 0x6A,
    0x05, 0xBA, 0xB3, 0xD6, 0x50, 0x15, 0x57, 0x51, 0xCF, 0xFE, 0xE5, 0x51,
    0x21, 0x78, 0x22, 0x48, 0x41, 0x2C, 0xFA, 0xA5, 0x67, 0x58, 0x2F, 0xC4,
    0xEE, 0xF4, 0x27, 0x16, 0xFC, 0x10, 0x66, 0x40, 0xCE, 0x1B, 0x16, 0x1E,
    0xCE, 0xD9, 0x38, 0x46, 0x09, 0x3D, 0x1E, 0x59, 0xE4, 0xFE, 0x0F, 0xD2,
    0x23, 0xD7, 0xDB, 0xD0, 0x7F, 0xBE, 0xF6, 0x0D, 0x03, 0x06, 0xFF, 0xBD,
    0xF7, 0x2C, 0x1C, 0x37, 0xE3, 0xD4, 0xA7, 0xB3, 0xFB, 0xCC, 0x41, 0x18,
    0xB0, 0xD7, 0x16, 0x57, 0x45, 0xFB, 0xDA, 0xF4, 0x99, 0xE3, 0xDC, 0x11,
    0xC3, 0x20, 0xA3, 0x1B, 0xD0, 0xFB, 0xE1, 0xED, 0x14, 0x15, 0x1B, 0xAB,
    0xC9, 0xB8, 0xDF, 0x20, 0xA6, 0xAD, 0xC2, 0x9F, 0xBC, 0xBD, 0x4E, 0x9E,
    0x09, 0x69, 0x06, 0xD6, 0xE5, 0x49, 0x37, 0x0C, 0x38, 0x0A, 0xB8, 0xDB,
    0x18, 0x15, 0x02, 0x4F, 0xF6, 0x16, 0xEB, 0x91, 0x1C, 0xDA, 0xE6, 0x05,
    0x5A, 0x88, 0xB8, 0x92, 0xC4, 0x31, 0xF7, 0x9F, 0x3C, 0xC9, 0xE4, 0x99,
    0xF2, 0x59, 0x2F, 0x2F, 0x32, 0x06, 0xF4, 0xCD, 0x85, 0x1B, 0x12, 0xFC,
    0xE1, 0x59, 0xB4, 0xAB, 0x42, 0xD8, 0x34, 0x7F, 0xAC, 0x88, 0xB4, 0x32,
    0x2A, 0xF3, 0x15, 0x85, 0xBA, 0xE9, 0x0B, 0xED, 0xB3, 0x9A, 0xA6, 0xCE,
    0x11, 0xBD, 0x54, 0x12, 0x15, 0xE9, 0x18, 0x99, 0xC1, 0x14, 0xE1, 0x05,
    0xEB, 0xAA, 0xE3, 0xD0, 0x2C, 0x2B, 0x30, 0x1F, 0xD2, 0x54, 0xE9, 0x27,
    0x97, 0x05, 0xC3, 0xEC, 0xC5, 0xF0, 0x1A, 0xA6, 0x40, 0x29, 0x4B, 0xBB,
    0xF8, 0xC5, 0x27, 0x33, 0x15, 0xF2, 0xD7, 0xF5, 0xEB, 0xFB, 0xEF, 0xE1,
    0x32, 0xB7, 0xD3, 0xA3, 0xA5, 0x33, 0xD7, 0x16, 0xC4, 0xD3, 0xBA, 0xB8,
    0xBD, 0xEC, 0xE8, 0xFD, 0x36, 0x39, 0xF7, 0xC1, 0xE5, 0x40, 0xB3, 0xBF,
    0x2C, 0x82, 0x20, 0x31, 0x0C, 0xDD, 0x81, 0xEC, 0x33, 0x0A, 0xCA, 0x26,
    0xF8, 0x26, 0xF3, 0x4F, 0xDF, 0x44, 0xB2, 0xCD, 0xD6, 0xF4, 0x99, 0x71,
    0xBD, 0x09, 0xEE, 0x5C, 0xCD, 0x1E, 0x1B, 0xB4, 0x0A, 0x46, 0xE6, 0xC1,
    0xC7, 0xAF, 0xC0, 0xD4, 0x38, 0xEA, 0x47, 0xDF, 0x33, 0xC3, 0xDD, 0xB5,
    0xE3, 0x7F, 0xF8, 0xC1, 0x1C, 0x0C, 0xA4, 0x1F, 0x88, 0x0E, 0xF1, 0x00,
    0xD3, 0x17, 0x3C, 0x98, 0x2F, 0x40, 0x0C, 0x0F, 0x40, 0x9E, 0xE1, 0xE0,
    0xC8, 0x35, 0xE7, 0x16, 0xCC, 0xCE, 0xCB, 0xD8, 0x08, 0x39, 0x2A, 0xD1,
    0x92, 0xFC, 0x9F, 0x08, 0x0B, 0x35, 0x10, 0x0D, 0x24, 0xED, 0xE0, 0xF7,
    0x13, 0x4C, 0x3C, 0x97, 0xBA, 0x2E, 0xFD, 0x24, 0xD1, 0xB3, 0x00, 0xB2,
    0xC6, 0x4D, 0xBC, 0xC2, 0x41, 0x7F, 0xE6, 0x1B, 0xEF, 0xF9, 0xC6, 0xF4,
    0x0B, 0xDA, 0xFE, 0xDC, 0x56, 0xDC, 0xE8, 0x0A, 0x48, 0xCE, 0xF2, 0x08,
    0x16, 0x16, 0xD5, 0x0C, 0xCA, 0x41, 0x4E, 0xBC, 0xC0, 0x0D, 0x55, 0x08,
    0xE8, 0x5C, 0xB4, 0x76, 0xFF, 0x46, 0xD6, 0x5D, 0x61, 0xAD, 0x44, 0xF7,
    0xF9, 0xC5, 0xFB, 0x1F, 0x5E, 0xE1, 0xDC, 0xD4, 0x26, 0xDF, 0xD5, 0xDC,
    0xDF, 0xF8, 0xEE, 0xA7, 0x22, 0x2B, 0x4A, 0x52, 0xCD, 0xD5, 0x29, 0x4B,
    0xBF, 0x71, 0x52, 0xE4, 0xFE, 0xD0, 0x48, 0x98, 0x63, 0x62, 0xE5, 0xBA,
    0x59, 0x54, 0x64, 0x2D, 0xBD, 0xDC, 0x84, 0xC4, 0xE1, 0x39, 0xE1, 0xC1,
    0xE8, 0x44, 0x53, 0x06, 0x06, 0x36, 0xF6, 0x67, 0x3B, 0xF9, 0xDF, 0x13,
    0xDD, 0x36, 0xFC, 0x2C, 0xE2, 0x30, 0x09, 0x02, 0x1B, 0xDE, 0x24, 0x28,
    0xA1, 0xC7, 0xD3, 0x13, 0x19, 0x16, 0x1F, 0x12, 0x44, 0x33, 0x32, 0xE8,
    0x1E, 0xD2, 0xE1, 0x0C, 0x2E, 0x5B, 0x01, 0x10, 0x25, 0x1C, 0x3F, 0xF5,
    0x42, 0xE4, 0x4C, 0xF3, 0x24, 0x31, 0xBF, 0x29, 0x23, 0x19, 0xEB, 0x4F,
    0x26, 0x0D, 0x57, 0xAE, 0x15, 0xCC, 0xC8, 0xF1, 0x7F, 0x2A, 0x0F, 0x15,
    0xD6, 0xE7, 0xEB, 0xCE, 0x2C, 0x27, 0xDE, 0x47, 0x45, 0x28, 0x51, 0xAE,
    0x24, 0xE3, 0x0B, 0x27, 0xF2, 0x19, 0x18, 0x44, 0xE5, 0x27, 0xCE, 0xF2,
    0xCA, 0xFF, 0xB1, 0xDB, 0xA6, 0x17, 0xDE, 0x37, 0xBD, 0x09, 0x03, 0x9B,
    0x47, 0xD0, 0xFD, 0x35, 0x43, 0xCA, 0x9C, 0xA0, 0xD7, 0xCA, 0xF1, 0xD6,
    0x4D, 0x10, 0x81, 0xC7, 0xFA, 0xBC, 0xE8, 0xC3, 0x0F, 0xE9, 0xE9, 0xE9,
    0x92, 0x1C, 0xFD, 0xD4, 0xF1, 0xE7, 0xAA, 0xF3, 0xCA, 0x0D, 0xC1, 0xCF,
    0x45, 0xDD, 0xF8, 0x2D, 0xDE, 0xD5, 0x1C, 0x0D, 0x05, 0x30, 0xAB, 0xD5,
    0x31, 0x56, 0xAA, 0x1C, 0xBE, 0xDF, 0xC6, 0x4F, 0xC8, 0x15, 0xF1, 0x32,
    0x3B, 0x9A, 0xB2, 0xA6, 0x25, 0x16, 0xA4, 0xBD, 0x18, 0x0D, 0x0B, 0xD9,
    0x05, 0xA9, 0xF8, 0x39, 0x12, 0xA7, 0xD8, 0x28, 0x44, 0x4C, 0x98, 0xD8,
    0x48, 0x58, 0xCB, 0xDC, 0x08, 0x81, 0x5A, 0xBD, 0x0F, 0xC0, 0xDB, 0x50,
    0x36, 0x4D, 0xD0, 0x0E, 0xDD, 0x16, 0x23, 0x30, 0x37, 0xD3, 0x29, 0x2F,
    0xE1, 0x05, 0x58, 0x7C, 0x33, 0x1A, 0x5B, 0xD9, 0xD3, 0x98, 0x30, 0xF2,
    0xA8, 0x9D, 0x2E, 0xDF, 0xD2, 0xEE, 0x11, 0xB7, 0x13, 0x00, 0x39, 0xE7,
    0x36, 0x20, 0x0F, 0xF6, 0xA3, 0xDA, 0x02, 0x1A, 0xF3, 0xF7, 0xEB, 0x69,
    0xAA, 0x21, 0x00, 0x41, 0x12, 0x40, 0xBF, 0xD8, 0xA6, 0xF7, 0x55, 0x20,
    0xCF, 0x17, 0x17, 0x41, 0x43, 0x02, 0xE7, 0x25, 0x3A, 0xE3, 0x2B, 0x05,
    0xC9, 0x0F, 0xC4, 0xEE, 0x0D, 0x4B, 0x6C, 0x02, 0x36, 0xF5, 0xD8, 0xF4,
    0x2F, 0xA6, 0xDD, 0x17, 0x2D, 0xE7, 0xFC, 0x7F, 0x5D, 0x10, 0xDC, 0xE0,
    0x05, 0x28, 0x18, 0x43, 0x65, 0xD8, 0x34, 0x21, 0x47, 0x16, 0xE7, 0x06,
    0x3C, 0x5A, 0x24, 0x4D, 0x31, 0x3C, 0x2F, 0x3B, 0xED, 0xB3, 0xE0, 0xEC,
    0xE0, 0x10, 0x14, 0x39, 0x51, 0xE0, 0x10, 0x08, 0x3C, 0xDA, 0x4D, 0x2B,
    0x0C, 0x3E, 0x0A, 0xA5, 0x39, 0x07, 0xE2, 0xD1, 0xBE, 0x1B, 0x56, 0x26,
    0xDC, 0xDB, 0x36, 0x28, 0xCC, 0x49, 0xEC, 0xE1, 0x79, 0xB0, 0xC9, 0x42,
    0x53, 0xFF, 0xC1, 0xB2, 0x55, 0xFD, 0x43, 0xE7, 0xF2, 0xFB, 0x22, 0x02,
    0x58, 0xCA, 0x39, 0x08, 0x1C, 0xEF, 0x14, 0x25, 0xFC, 0xE0, 0x38, 0xF4,
    0xE5, 0xCB, 0xBF, 0x10, 0x46, 0xEF, 0x9F, 0xAA, 0xB7, 0xBB, 0xAF, 0x1F,
    0xE5, 0xF7, 0x2E, 0x48, 0xB9, 0xE4, 0x15, 0x30, 0x25, 0x55, 0xDF, 0xA9,
    0xD2, 0xFF, 0x54, 0xDA, 0x3D, 0xAF, 0xAE, 0x3A, 0x63, 0x81, 0xBA, 0x26,
    0x4F, 0xD7, 0xAF, 0x4B, 0x37, 0x61, 0x17, 0x62, 0x9E, 0x01, 0xF6, 0x2A,
    0x22, 0xBB, 0x23, 0xC2, 0xDE, 0x1D, 0xE9, 0x40, 0x13, 0x23, 0x4F, 0x19,
    0x0A, 0xAD, 0xD8, 0xBE, 0xE7, 0xED, 0xEB, 0xBE, 0xFA, 0xCB, 0xBE, 0xCA,
    0x01, 0x02, 0xF7, 0x47, 0x32, 0x0B, 0xE9, 0xFC, 0xEC, 0x47, 0xE4, 0xC3,
    0xBA, 0x0F, 0xEF, 0xB5, 0xD6, 0x4E, 0xFD, 0x69, 0x21, 0xA7, 0x21, 0xB4,
    0x5C, 0x9F, 0x3F, 0xA0, 0x6E, 0xF6, 0x02, 0x0F, 0xFD, 0xED, 0xC6, 0x0C,
    0xC2, 0x48, 0xC0, 0xBF, 0x32, 0xFF, 0xFB, 0x1A, 0x3F, 0x20, 0xF6, 0xFA,
    0x1F, 0xE9, 0x4E, 0x01, 0xCE, 0x2B, 0xBD, 0x13, 0xF4, 0xBC, 0xBB, 0xC8,
    0x5B, 0xDE, 0xC3, 0x7F, 0x2E, 0x59, 0x40, 0xC0, 0x2E, 0x3D, 0x2A, 0x25,
    0x4E, 0xAD, 0x34, 0xDC, 0xE8, 0xD8, 0x17, 0x1C, 0xCE, 0xED, 0x33, 0xBC,
    0xEC, 0xFD, 0x3C, 0xEA, 0xBF, 0x12, 0xFD, 0x2B, 0x48, 0xF2, 0xBC, 0x27,
    0x2C, 0x12, 0xA6, 0x1A, 0x31, 0x37, 0x15, 0xBE, 0x1A, 0x2B, 0xB5, 0x30,
    0x1B, 0xD1, 0xA5, 0xE7, 0x30, 0xEB, 0xD7, 0x27, 0x22, 0x39, 0xF1, 0xCC,
    0xEB, 0x35, 0x04, 0xE0, 0x27, 0xF9, 0xB0, 0xE3, 0xBE, 0x41, 0xB5, 0x07,
    0xE5, 0xCF, 0x37, 0x4C, 0xC0, 0xA3, 0xEE, 0xD7, 0x43, 0x2C, 0xC3, 0x89,
    0x32, 0xE4, 0xDC, 0x47, 0xC6, 0xD5, 0x13, 0xB4, 0x3A, 0xF7, 0xF7, 0x16,
    0xE4, 0xED, 0x3E, 0xA6, 0xED, 0x14, 0x22, 0x16, 0xCB, 0xD1, 0xE6, 0x32,
    0x94, 0x1C, 0xCA, 0xD4, 0xBF, 0x55, 0xC0, 0x81, 0xA9, 0x14, 0x02, 0xF2,
    0xA0, 0xB7, 0xCF, 0xE7, 0xF6, 0x23, 0x54, 0xE5, 0x2C, 0x46, 0x07, 0x0B,
    0xD0, 0x49, 0x38, 0x21, 0xB6, 0x17, 0xEC, 0xD2, 0xE0, 0xBA, 0x03, 0x1F,
    0x3B, 0x3B, 0x25, 0xC8, 0x2F, 0x4A, 0x12, 0xF7, 0xD8, 0x10, 0x12, 0xD0,
    0xE5, 0x15, 0x27, 0xD0, 0xBE, 0xAC, 0x21, 0xA8, 0xE3, 0xDF, 0x31, 0xD0,
    0xC5, 0x4B, 0x0E, 0x50, 0xD2, 0xE3, 0xFE, 0x1B, 0x0B, 0xCA, 0xCF, 0x96,
    0x07, 0x58, 0x32, 0x51, 0xF2, 0x6C, 0x2B, 0xE5, 0x25, 0xFC, 0x4B, 0x14,
    0xDC, 0xF2, 0xE4, 0x95, 0x48, 0x19, 0x2F, 0x10, 0xEF, 0xE0, 0xEB, 0x27,
    0x19, 0xF5, 0x1C, 0xF9, 0xD2, 0xCA, 0xBA, 0x17, 0xF1, 0x2F, 0xD3, 0xF9,
    0xC5, 0x2E, 0xF5, 0x25, 0xD4, 0x07, 0x30, 0x89, 0x2B, 0xDB, 0x34, 0xC6,
    0x2C, 0xFD, 0x51, 0x08, 0xE9, 0xFE, 0xD6, 0xCC, 0xF5, 0x64, 0xD6, 0x08,
    0x02, 0x1E, 0xFA, 0x37, 0x3D, 0x29, 0xC5, 0x36, 0x5B, 0x7F, 0xE7, 0xE4,
    0x5B, 0x2C, 0xBA, 0x1F, 0x3C, 0xAA, 0x61, 0x0A, 0x2E, 0x6F, 0x0B, 0x17,
    0x55, 0xF5, 0x0C, 0x08, 0xFC, 0x3C, 0x29, 0xDE, 0x37, 0xE8, 0xA5, 0x26,
    0xCF, 0xE5, 0x56, 0x0A, 0x03, 0x46, 0x3F, 0x4D, 0x6A, 0x34, 0x3A, 0x28,
    0x54, 0xA0, 0xCF, 0x13, 0xE7, 0xF8, 0x35, 0x16, 0x20, 0xD9, 0x30, 0xF4,
    0x50, 0x4C, 0x68, 0x06, 0x0F, 0xF5, 0xCC, 0x34, 0xC3, 0x01, 0xF6, 0x22,
    0xFA, 0xD9, 0x04, 0x22, 0x66, 0x02, 0xA4, 0x1D, 0x23, 0x05, 0x3A, 0x22,
    0x10, 0xE8, 0x62, 0xF3, 0x51, 0xE3, 0x2C, 0x7F, 0x0F, 0xC6, 0x18, 0xEC,
    0x18, 0xE9, 0xAB, 0xFE, 0x18, 0x37, 0x6F, 0x3A, 0xC5, 0xCD, 0x32, 0x31,
    0xC3, 0xCA, 0x10, 0xCB, 0x02, 0x16, 0xB4, 0x7F, 0xF4, 0x2A, 0xD6, 0x76,
    0x1C, 0x25, 0x0F, 0xAE, 0x23, 0xD0, 0x53, 0x98, 0x61, 0x4E, 0xC3, 0xE9,
    0xB7, 0x5F, 0x26, 0x21, 0xF0, 0x9D, 0xA1, 0xF7, 0xBE, 0xBC, 0x00, 0xC6,
    0x64, 0x37, 0x96, 0xA6, 0xBF, 0xF9, 0xAA, 0xCE, 0xE7, 0x5B, 0xB9, 0x61,
    0x2E, 0x2C, 0xF9, 0xD6, 0x5D, 0x54, 0x53, 0xBD, 0xEA, 0x34, 0xB6, 0xB2,
    0x29, 0xBC, 0x14, 0xD7, 0xBB, 0x47, 0x67, 0xB3, 0x6E, 0x51, 0x31, 0xCC,
    0xEF, 0x57, 0x8F, 0x6C, 0x31, 0xE2, 0x24, 0xB9, 0xE0, 0xCA, 0x1B, 0x13,
    0x2E, 0x22, 0x31, 0x05, 0xE7, 0xAA, 0x13, 0x11, 0x4D, 0xE0, 0xC6, 0x15,
    0x8C, 0x37, 0xCB, 0x04, 0x24, 0x04, 0xE0, 0x17, 0x3B, 0x46, 0xCF, 0x26,
    0x17, 0x3E, 0x0F, 0xF9, 0x1C, 0x10, 0xCA, 0xDB, 0x06, 0xE5, 0xE9, 0xF2,
    0x11, 0x38, 0x30, 0x13, 0xD3, 0xFE, 0x33, 0x06, 0x0F, 0x4C, 0xD5, 0x49,
    0x1E, 0x17, 0x12, 0x22, 0xF9, 0x11, 0x2C, 0xD2, 0x68, 0xB8, 0x0B, 0x06,
    0x38, 0x16, 0xE2, 0xEF, 0xF9, 0xD8, 0xCC, 0xBA, 0xEA, 0xCF, 0x3E, 0x39,
    0x1D, 0xE1, 0xD7, 0x15, 0x10, 0xEA, 0x22, 0xD0, 0x2B, 0x19, 0xC8, 0x7F,
    0x16, 0x16, 0x0B, 0xFC, 0x13, 0xF9, 0xCF, 0xB7, 0x15, 0x07, 0xBB, 0x13,
    0x51, 0xEE, 0xF2, 0xB4, 0x2E, 0x34, 0xDA, 0xE9, 0x2C, 0x1C, 0x42, 0xC6,
    0xB1, 0x29, 0x49, 0xEC, 0xC2, 0xDC, 0x2A, 0x2D, 0x25, 0x10, 0xCC, 0x93,
    0xD2, 0x0B, 0x21, 0x17, 0xAE, 0xC9, 0xF9, 0xD9, 0x06, 0xEA, 0xD6, 0x22,
    0x02, 0xBD, 0x15, 0x06, 0xD0, 0xF7, 0xA7, 0x44, 0xD6, 0x08, 0xC4, 0xDF,
    0x8F, 0xD8, 0x2A, 0xB9, 0xCE, 0xAE, 0x03, 0xBC, 0xE3, 0xE3, 0x46, 0xD5,
    0x12, 0x4B, 0x16, 0x33, 0x06, 0x81, 0x26, 0xD1, 0xB7, 0x3A, 0xAF, 0xDE,
    0x1F, 0x0A, 0x0D, 0xC6, 0x47, 0x17, 0x13, 0xBC, 0xAD, 0xE8, 0x16, 0xE8,
    0xDC, 0x92, 0xFB, 0xC9, 0x20, 0xAF, 0x4C, 0x3D, 0xED, 0xF9, 0xFE, 0xC7,
    0xCB, 0xFA, 0xD0, 0xF8, 0x43, 0x56, 0xEC, 0xF8, 0xC7, 0x56, 0x25, 0xF7,
    0x3D, 0x04, 0xE1, 0x35, 0x17, 0xD3, 0xD5, 0x30, 0x10, 0x33, 0x31, 0x02,
    0x04, 0x2D, 0x33, 0xE7, 0xDB, 0x95, 0x1A, 0x39, 0xF3, 0x30, 0x3F, 0x84,
    0xE9, 0xCD, 0xF6, 0xDC, 0xB5, 0xD2, 0x0C, 0xEF, 0x2A, 0xE0, 0xDE, 0xE7,
    0xDD, 0xC0, 0x2E, 0x12, 0x09, 0x05, 0xEF, 0xCF, 0x51, 0xD2, 0x07, 0x0B,
    0xA4, 0x12, 0x33, 0x10, 0xF1, 0x3D, 0x18, 0xB0, 0xDE, 0xCB, 0x1B, 0x34,
    0xDC, 0xD1, 0xF5, 0x3A, 0x0E, 0x17, 0xBC, 0xEE, 0x11, 0xF2, 0xE5, 0xEB,
    0x13, 0x13, 0x24, 0x03, 0xF1, 0x11, 0xBB, 0x26, 0x25, 0xD1, 0x1D, 0x03,
    0xF2, 0xE4, 0xE2, 0x81, 0xD5, 0xC6, 0x3B, 0x10, 0x0C, 0xD8, 0xFE, 0x4D,
    0x20, 0x26, 0x56, 0xB4, 0x26, 0x66, 0xEE, 0x0D, 0x8B, 0x28, 0xCF, 0x0E,
    0xD7, 0x35, 0xEA, 0x9F, 0x5E, 0xAF, 0x59, 0xAD, 0x09, 0xDA, 0x2D, 0x62,
    0x18, 0x23, 0x06, 0xA0, 0x26, 0xC1, 0xB7, 0x28, 0xB8, 0x0C, 0x34, 0xC2,
    0x4F, 0x62, 0x2B, 0x44, 0xCB, 0x12, 0xF4, 0xBE, 0xF8, 0xC3, 0xE5, 0xA5,
    0x3D, 0x13, 0x42, 0xFB, 0xF5, 0x43, 0xC3, 0x18, 0xF0, 0x01, 0x01, 0x86,
    0xCD, 0x5D, 0xCF, 0x10, 0x2E, 0xDB, 0x59, 0x65, 0x06, 0x5B, 0x93, 0x0F,
    0xB0, 0xEC, 0x1C, 0x27, 0xD8, 0xA1, 0x07, 0x02, 0x2B, 0xF4, 0xD2, 0xCB,
    0x12, 0xEB, 0xD3, 0x3C, 0x12, 0x35, 0x81, 0x2F, 0x03, 0x40, 0x41, 0xB9,
    0x26, 0x44, 0xAF, 0x52, 0xDA, 0xB5, 0xAE, 0x2C, 0x0D, 0x1C, 0xE4, 0x4D,
    0x9C, 0x11, 0xC8, 0x35, 0x8C, 0x8B, 0xD5, 0xF3, 0xDC, 0x44, 0x54, 0x81,
    0x07, 0x49, 0xD7, 0x15, 0xCA, 0xC7, 0xCE, 0xE7, 0xEA, 0xE8, 0x1B, 0x28,
    0xF5, 0x4C, 0x2B, 0xD2, 0x9E, 0x52, 0x10, 0x21, 0xDF, 0x30, 0xDD, 0x54,
    0x1D, 0xF9, 0xD0, 0xD8, 0x15, 0x33, 0x4C, 0xC0, 0x88, 0x2D, 0x6A, 0x6A,
    0xFB, 0xED, 0x36, 0xFF, 0xEA, 0xC3, 0x42, 0xFD, 0x21, 0xA3, 0x23, 0x08,
    0x9D, 0x53, 0xDB, 0x47, 0x3E, 0x1F, 0xB6, 0x4A, 0x28, 0xE7, 0xDB, 0x18,
    0x56, 0x58, 0xCD, 0x0E, 0xC0, 0x14, 0xED, 0x6F, 0x21, 0x04, 0x29, 0x18,
    0xBC, 0x34, 0xFD, 0xA6, 0xAA, 0x06, 0x2F, 0x08, 0x3E, 0xAC, 0xE9, 0xE8,
    0x47, 0xD2, 0xE2, 0xE0, 0xE6, 0x1E, 0x1C, 0x9E, 0xC6, 0x18, 0x13, 0x26,
    0xE0, 0xD0, 0x88, 0x97, 0x14, 0x3B, 0xF9, 0x23, 0x00, 0x4D, 0xF2, 0x0C,
    0xAC, 0x28, 0xF9, 0xE0, 0xCB, 0xE4, 0xD7, 0xFE, 0xC3, 0xF9, 0xD9, 0xA8,
    0x10, 0xAF, 0xF9, 0x1E, 0x22, 0x93, 0x3D, 0xFC, 0x46, 0xE9, 0x82, 0xDD,
    0xC3, 0x1D, 0xE1, 0xFF, 0x1C, 0x05, 0xFC, 0x1E, 0x99, 0x3C, 0x2A, 0xF0,
    0xFE, 0xAC, 0xDC, 0x95, 0x18, 0xD3, 0xC8, 0x3D, 0xF2, 0x10, 0xAF, 0xEA,
    0xD5, 0x81, 0xCA, 0x37, 0xE4, 0x38, 0xE9, 0xBF, 0x24, 0x26, 0xC6, 0x02,
    0xBC, 0x03, 0xC4, 0x04, 0x8A, 0xF2, 0x36, 0xBA, 0x21, 0xAB, 0x86, 0x16,
    0xA5, 0xFC, 0xDA, 0x14, 0x31, 0xC2, 0xBE, 0x11, 0xD6, 0xB8, 0x76, 0x8A,
    0x4E, 0xE7, 0xD3, 0x02, 0xC7, 0x0D, 0xF8, 0xDA, 0x36, 0xFE, 0x15, 0xC2,
    0x82, 0xC7, 0xE1, 0x26, 0xC2, 0xCC, 0x89, 0xB1, 0xCE, 0xE6, 0xD4, 0x21,
    0xEF, 0x4D, 0x0E, 0xF7, 0xB8, 0xB9, 0x35, 0xAF, 0xB0, 0xB6, 0x87, 0x81,
    0x47, 0x34, 0xE7, 0xCE, 0x35, 0xA3, 0xBA, 0x11, 0xD8, 0xC0, 0xA7, 0xC3,
    0x03, 0x1E, 0xA6, 0x92, 0x12, 0xB7, 0xAB, 0xF3, 0x48, 0x21, 0xA7, 0xF7,
    0xB5, 0xE7, 0x12, 0x99, 0x51, 0xCC, 0xF7, 0x0E, 0x37, 0xE9, 0x1B, 0x37,
    0xF2, 0x16, 0xD7, 0x3F, 0xBA, 0x03, 0xC4, 0x19, 0xF5, 0xEC, 0x46, 0x9C,
    0xFD, 0x15, 0x36, 0xF5, 0xB1, 0xD4, 0xB7, 0xDA, 0x2E, 0x9D, 0xF2, 0x0B,
    0x02, 0x26, 0x81, 0x8E, 0xF0, 0xD2, 0xDC, 0xC3, 0x45, 0x25, 0x4E, 0x66,
    0xEF, 0xE1, 0x1C, 0x12, 0xC0, 0xB6, 0x13, 0xA0, 0x11, 0xDD, 0x0B, 0xDA,
    0x4D, 0x46, 0xC3, 0xB1, 0xA8, 0x2A, 0xEA, 0xEF, 0xB6, 0x1D, 0xAD, 0x99,
    0x26, 0x07, 0xA4, 0x18, 0xA4, 0x3F, 0xE3, 0x38, 0xC6, 0x0F, 0xF5, 0xA0,
    0xFA, 0x0F, 0x23, 0xC3, 0x1A, 0x2F, 0xEC, 0xF6, 0xF4, 0xEC, 0x45, 0x17,
    0x19, 0x8A, 0xFB, 0x2C, 0x56, 0x1A, 0xDF, 0xFB, 0x0F, 0x02, 0x21, 0xDB,
    0xEF, 0x37, 0x07, 0x4E, 0x59, 0x95, 0xD6, 0x13, 0x33, 0xFC, 0x64, 0xCA,
    0xDC, 0xF8, 0xCE, 0x2D, 0x17, 0x55, 0xF2, 0x13, 0xD4, 0x4F, 0xE0, 0xEF,
    0xEB, 0x1A, 0x19, 0xDA, 0xFA, 0xFA, 0x59, 0xDD, 0xEC, 0xB3, 0x45, 0x45,
    0x42, 0xF2, 0x54, 0xC4, 0xE8, 0x77, 0x4A, 0xEF, 0x18, 0xD6, 0x19, 0xF6,
    0x52, 0x15, 0xCC, 0x3E, 0x16, 0x41, 0xA3, 0x7F, 0xD6, 0xE4, 0xD8, 0xF9,
    0xCC, 0x43, 0xE0, 0x3F, 0x4A, 0xB0, 0xEC, 0x0F, 0xD2, 0xE8, 0x54, 0x3A,
    0x14, 0x04, 0x26, 0xBE, 0x2D, 0x01, 0xD2, 0x07, 0xF6, 0x29, 0x2D, 0xCB,
    0xDD, 0x18, 0xE1, 0x51, 0xD8, 0x1A, 0xBB, 0x50, 0xF6, 0xC6, 0x27, 0x0B,
    0x29, 0xF5, 0x47, 0xBD, 0x2B, 0x5C, 0xCD, 0x37, 0xAC, 0x18, 0xA9, 0x24,
    0x22, 0xE2, 0xB0, 0xC8, 0xC3, 0x50, 0x03, 0x11, 0x06, 0x5A, 0xC4, 0xC2,
    0x09, 0x5B, 0xD6, 0xBA, 0x52, 0x2D, 0xC4, 0xD1, 0xB6, 0xA3, 0xB4, 0xFE,
    0x68, 0x25, 0xCB, 0xE1, 0xB5, 0x26, 0x8A, 0x1C, 0xD2, 0xB0, 0x17, 0x04,
    0xB6, 0x8D, 0x54, 0xF9, 0xC0, 0x40, 0x09, 0xAB, 0xBD, 0x9D, 0x09, 0xE7,
    0xAB, 0x28, 0xFB, 0xE3, 0xA5, 0x86, 0x5C, 0x6F, 0x12, 0x7F, 0xE6, 0x4C,
    0x32, 0xBF, 0x05, 0xBE, 0xC7, 0xE0, 0xF2, 0x32, 0xEE, 0xCD, 0x2E, 0x43,
    0x2C, 0xEA, 0x10, 0xFB, 0xAC, 0x3B, 0x06, 0xF7, 0x32, 0x85, 0x08, 0x50,
    0x5F, 0xB6, 0x0E, 0xAC, 0xFF, 0xD3, 0xC6, 0xDB, 0x21, 0xDF, 0x0C, 0xFC,
    0x91, 0xF0, 0xA3, 0xC0, 0x81, 0x28, 0x3A, 0x44, 0x04, 0x1D, 0xDA, 0xF6,
    0x45, 0x1B, 0x1D, 0x28, 0xC5, 0x3B, 0xE4, 0xD0, 0xA9, 0xF7, 0x0D, 0xC8,
    0xCF, 0x26, 0xCA, 0xAB, 0xB5, 0xBD, 0xF2, 0x0C, 0xA8, 0xD2, 0xC8, 0x49,
    0xF4, 0x4C, 0x46, 0x3A, 0xE9, 0x2E, 0xE8, 0xD6, 0x2B, 0xD3, 0x21, 0xE2,
    0xF7, 0x3F, 0x13, 0xE7, 0xEA, 0x34, 0x16, 0xC9, 0x30, 0x1E, 0x36, 0x83,
    0xFC, 0x0A, 0xA2, 0x4C, 0xB7, 0x19, 0xE4, 0x0C, 0xAA, 0xD0, 0xDF, 0x0B,
    0x4C, 0x09, 0xE7, 0x20, 0xD3, 0x34, 0xF1, 0xE3, 0x1E, 0x16, 0x36, 0xCA,
    0xDC, 0xBC, 0xC7, 0xC2, 0xBD, 0x09, 0x41, 0x10, 0xD7, 0xBB, 0x0E, 0x81,
    0xF5, 0xBE, 0x43, 0x24, 0x4D, 0xEA, 0xA0, 0xBC, 0xEC, 0x06, 0x37, 0x28,
    0xF8, 0xD7, 0x25, 0xC8, 0xFB, 0xE2, 0xF1, 0x1D, 0xC0, 0x62, 0xB1, 0x14,
    0xB8, 0xBA, 0x18, 0xDE, 0x2D, 0x17, 0x08, 0xCB, 0x21, 0xCC, 0x2E, 0xE2,
    0xF4, 0xD9, 0x8E, 0xF1, 0x06, 0xF8, 0xBD, 0x08, 0xE3, 0x11, 0xC9, 0x27,
    0x3F, 0x3D, 0x3E, 0xC9, 0x35, 0x5C, 0xFD, 0x11, 0x20, 0x98, 0x14, 0xA6,
    0xCF, 0xCF, 0xF5, 0xEF, 0x16, 0x06, 0xA8, 0x39, 0x29, 0x0D, 0x94, 0x22,
    0xC7, 0xC3, 0xBE, 0x59, 0xFF, 0x34, 0x01, 0xFE, 0xB4, 0xF5, 0x1C, 0xF4,
    0x13, 0xFE, 0x9D, 0x54, 0x20, 0x5C, 0xFC, 0x60, 0xD2, 0x32, 0xE3, 0x56,
    0x1F, 0xBB, 0x3A, 0xB1, 0xF6, 0x0A, 0x06, 0xF4, 0x09, 0xE1, 0x3E, 0xBA,
    0x04, 0x4A, 0x2F, 0xEE, 0xB7, 0xF1, 0x28, 0xDB, 0xD4, 0xB8, 0xFD, 0xF0,
    0x14, 0x4A, 0xCF, 0x27, 0x4E, 0x49, 0x14, 0x48, 0xF0, 0x35, 0xE3, 0xC0,
    0x27, 0xBC, 0xE1, 0x36, 0x54, 0x26, 0x24, 0x2E, 0xC1, 0xAA, 0xAA, 0xF3,
    0x26, 0xB0, 0x2D, 0xF7, 0xD6, 0xCA, 0xFE, 0x26, 0x21, 0x00, 0xDB, 0x7F,
    0xC3, 0xF3, 0xB8, 0xF7, 0x2A, 0x12, 0xD8, 0xA1, 0xF7, 0xE1, 0xF2, 0xD0,
    0x68, 0x1C, 0xDC, 0x1A, 0x52, 0x23, 0xEC, 0xA9, 0xBF, 0xE0, 0xBF, 0x02,
    0xB8, 0x26, 0x67, 0xEF, 0x13, 0xAB, 0x00, 0x7F, 0x5C, 0xF5, 0x27, 0x11,
    0x04, 0x3B, 0x2F, 0x3F, 0x0E, 0xC4, 0xD8, 0x13, 0xE9, 0xDB, 0xC3, 0xF2,
    0xB7, 0x43, 0xBF, 0x08, 0xFE, 0x4E, 0x11, 0xA9, 0xBA, 0x01, 0xC5, 0xC1,
    0x75, 0xF8, 0x13, 0x6E, 0xA8, 0x38, 0x57, 0x1A, 0x0D, 0xEA, 0xB0, 0x25,
    0x28, 0x64, 0x16, 0x1A, 0x2D, 0x19, 0x99, 0x4D, 0xDD, 0xC6, 0x40, 0x77,
    0xA9, 0x34, 0xA7, 0xE1, 0x48, 0xB3, 0xFA, 0x3B, 0x5F, 0x2C, 0xB1, 0x43,
    0x09, 0xBE, 0x48, 0x0D, 0x54, 0x25, 0x2F, 0x0B, 0x22, 0xF5, 0xC4, 0x11,
    0x3E, 0xE5, 0x03, 0x74, 0xC6, 0x38, 0xE1, 0xF6, 0x3B, 0xC2, 0xB8, 0xDA,
    0x08, 0xAE, 0xEA, 0x65, 0x03, 0x7F, 0xE4, 0xE5, 0xFF, 0x4A, 0xAC, 0xBA,
    0x05, 0xDF, 0x3A, 0x87, 0x37, 0xE3, 0xD3, 0x8F, 0xCE, 0x2B, 0x1F, 0xE8,
    0x49, 0x23, 0xF5, 0xC6, 0x13, 0x50, 0x3D, 0x0D, 0x11, 0x2C, 0xDA, 0x5E,
    0xED, 0x27, 0xF2, 0x69, 0x5D, 0x32, 0x2A, 0xC2, 0x24, 0xA9, 0x49, 0x25,
    0x54, 0xCC, 0xE7, 0xA9, 0xE9, 0xDE, 0x36, 0xF0, 0x4F, 0x43, 0x89, 0xCC,
    0xEE, 0xF6, 0xFD, 0xCB, 0x9A, 0x14, 0x2A, 0x53, 0xC7, 0x42, 0x45, 0x07,
    0xAC, 0x6F, 0xEA, 0x94, 0x61, 0xE3, 0x3A, 0xD1, 0x5D, 0x09, 0xF3, 0xE1,
    0x3A, 0x37, 0xA3, 0xDD, 0xED, 0xAF, 0xDE, 0xF2, 0xBF, 0xC8, 0x97, 0x18,
    0xCC, 0x33, 0xDB, 0x33, 0xD8, 0x8D, 0x25, 0xD2, 0x19, 0x5E, 0x39, 0x1A,
    0xBE, 0x62, 0x16, 0xDA, 0xEA, 0xAC, 0xC9, 0xE7, 0xA8, 0x29, 0x1D, 0x66,
    0xA7, 0xBB, 0xDD, 0xEB, 0xCD, 0xDB, 0x71, 0xAA, 0xF8, 0x0A, 0x20, 0x2C,
    0xA8, 0xFF, 0x5E, 0x6E, 0xFC, 0xF2, 0x45, 0xA2, 0x6A, 0x7F, 0x2D, 0xF7,
    0xD7, 0x39, 0xFD, 0xF0, 0xFE, 0xE8, 0x1A, 0xFF, 0xA3, 0x31, 0x33, 0x36,
    0xF4, 0x5D, 0x52, 0x4B, 0xEC, 0xAE, 0x01, 0xE8, 0xE3, 0x9E, 0xED, 0xDE,
    0xE7, 0xFA, 0x4A, 0x04, 0xE1, 0x3D, 0x3F, 0x2A, 0xE7, 0xE1, 0x2D, 0x00,
    0xA1, 0xF6, 0xB6, 0x29, 0xCE, 0x0E, 0x70, 0x4E, 0xD5, 0x0F, 0xCF, 0xFA,
    0x40, 0xD1, 0x36, 0xD8, 0xD2, 0xC3, 0xC1, 0xC8, 0x2B, 0xBB, 0x3A, 0x2B,
    0xB6, 0xF5, 0xB0, 0x40, 0x00, 0xC2, 0xFE, 0xF0, 0xD8, 0x35, 0x42, 0xC1,
    0xFC, 0xD2, 0x22, 0x4B, 0xF5, 0x25, 0xF2, 0xF5, 0x1D, 0x34, 0x2F, 0x07,
    0xE5, 0xD7, 0x17, 0xA6, 0xC8, 0x07, 0x33, 0x11, 0xEF, 0x36, 0x91, 0xDB,
    0xD3, 0xE8, 0x0D, 0xD4, 0x26, 0x00, 0x43, 0x81, 0x01, 0x3D, 0xBF, 0x54,
    0x2A, 0x90, 0xDC, 0xB0, 0x04, 0xA9, 0xED, 0xA9, 0x53, 0xFA, 0xE0, 0xB5,
    0xE5, 0x11, 0xA7, 0x6C, 0xE5, 0x3E, 0xBD, 0x0D, 0x0B, 0xE6, 0xF7, 0xAF,
    0x14, 0x3E, 0x0B, 0xA3, 0xC9, 0x08, 0xD1, 0x04, 0xC6, 0xC2, 0xE8, 0xBF,
    0xA0, 0xA8, 0x4C, 0xE4, 0x81, 0xA1, 0x1B, 0x47, 0x4A, 0x93, 0xDD, 0xC8,
    0xBA, 0x31, 0x24, 0xC7, 0xD3, 0x30, 0xDF, 0xCC, 0xD8, 0xDC, 0x45, 0xB2,
    0x25, 0x08, 0xC4, 0xB4, 0x32, 0xF4, 0xAF, 0xD3, 0x40, 0xCA, 0x03, 0xB5,
    0xE9, 0xC6, 0x25, 0xE6, 0x0D, 0xFE, 0x2F, 0x1F, 0x2D, 0x06, 0x13, 0xE2,
    0xF3, 0x15, 0x36, 0x1D, 0x31, 0x07, 0x4A, 0xE8, 0xC7, 0xF5, 0xFD, 0xB4,
    0x0E, 0x0A, 0x0A, 0x3A, 0xF0, 0xDB, 0xD1, 0xCF, 0xF2, 0xDD, 0xF0, 0x01,
    0x37, 0xDB, 0xCE, 0xF2, 0xCD, 0xCB, 0xE0, 0xE4, 0x22, 0x15, 0xD9, 0x02,
    0xED, 0xE8, 0x4E, 0xAA, 0x3D, 0x24, 0xD1, 0x00, 0x40, 0xDE, 0x09, 0xEE,
    0xF5, 0x2D, 0xD1, 0xDA, 0xDB, 0x38, 0x40, 0x35, 0x13, 0xEC, 0x20, 0xB4,
    0x4E, 0x17, 0x10, 0xCC, 0x6D, 0xDC, 0xB3, 0xAC, 0x2A, 0x1F, 0x11, 0x37,
    0x06, 0x18, 0x11, 0xBC, 0xB8, 0x45, 0x34, 0x0F, 0x05, 0x39, 0x5E, 0x61,
    0xB3, 0xD8, 0xA4, 0x02, 0x5E, 0x19, 0xE3, 0x07, 0x25, 0x9B, 0x22, 0x8A,
    0x49, 0x12, 0xAA, 0xFE, 0xAE, 0xCC, 0x01, 0x38, 0xE9, 0xCB, 0x0F, 0x96,
    0xE5, 0x0D, 0xE3, 0x1B, 0x0B, 0x54, 0xDF, 0x1F, 0xB8, 0xF6, 0xAE, 0x29,
    0xCF, 0xFC, 0xC7, 0x81, 0x49, 0xC5, 0xD5, 0xDC, 0x59, 0x35, 0x8E, 0x39,
    0x33, 0xB4, 0x09, 0x3C, 0x0A, 0xD1, 0xD1, 0xAE, 0x06, 0x02, 0x0D, 0xFD,
    0x9F, 0xE8, 0x37, 0x00, 0xE4, 0xDB, 0xAB, 0xF6, 0xA9, 0x1A, 0xB0, 0x29,
    0xB7, 0xEB, 0x12, 0xBD, 0x16, 0x2C, 0x0D, 0x10, 0xD1, 0xFB, 0x62, 0xA9,
    0xF3, 0xAE, 0x21, 0xFB, 0xB2, 0xBF, 0xE4, 0x9A, 0xAE, 0x3A, 0xF1, 0x1A,
    0x28, 0xDA, 0x26, 0x89, 0xA6, 0x41, 0x31, 0xDC, 0x04, 0xE0, 0xB4, 0x00,
    0xC2, 0xAA, 0xDD, 0x14, 0xE0, 0x30, 0x2D, 0xBA, 0x25, 0x29, 0xD0, 0xB4,
    0xFB, 0xB6, 0xE2, 0x1B, 0xCD, 0xE1, 0xEC, 0x1F, 0xEC, 0xBF, 0x30, 0x81,
    0xD8, 0xF1, 0x0A, 0xCB, 0x02, 0xCD, 0xD1, 0xEC, 0xC7, 0x19, 0xA2, 0xDD,
    0x1F, 0x1C, 0x11, 0xA9, 0x15, 0x22, 0x20, 0xC3, 0x06, 0x0E, 0x26, 0xBF,
    0x39, 0xC1, 0xFA, 0x10, 0xD7, 0xFA, 0x13, 0x1C, 0xD6, 0xB9, 0xC9, 0x29,
    0x37, 0x0F, 0x47, 0xFA, 0xCF, 0x05, 0xB7, 0x33, 0x07, 0xA5, 0x2D, 0xBD,
    0x27, 0xBD, 0xD5, 0x08, 0xDA, 0x04, 0xB7, 0xBA, 0x36, 0xE7, 0x19, 0xC2,
    0xCC, 0xC9, 0xC8, 0xCE, 0xD4, 0xB5, 0x2D, 0x9B, 0xD6, 0xEF, 0xE2, 0xE2,
    0x00, 0x1A, 0x47, 0x23, 0xB5, 0xDF, 0xBF, 0xF9, 0x4B, 0x37, 0x08, 0xA4,
    0x5C, 0x42, 0xAF, 0xB2, 0xCC, 0xDE, 0xD0, 0xC1, 0x81, 0xC0, 0x53, 0x33,
    0x1F, 0xB6, 0x30, 0xAC, 0xB9, 0x0D, 0xC4, 0xC5, 0xE1, 0xD4, 0x00, 0xE6,
    0xC1, 0xE7, 0x0F, 0x31, 0x0F, 0xC1, 0xBE, 0xAA, 0x2D, 0x45, 0xC7, 0x0C,
    0x0B, 0xEE, 0xD5, 0xCF, 0xF8, 0xD7, 0x05, 0x29, 0x0E, 0x4E, 0x2D, 0x17,
    0xF5, 0xEC, 0x32, 0xC7, 0x21, 0x96, 0x29, 0xF4, 0xF9, 0x02, 0x1C, 0xF9,
    0xB1, 0xF5, 0xEF, 0x3A, 0xE2, 0x8F, 0xE8, 0x8E, 0xE0, 0x0D, 0x44, 0xA1,
    0xF9, 0x1D, 0xE9, 0xC6, 0xBD, 0x02, 0xDA, 0x41, 0xC7, 0x2C, 0x0D, 0xDF,
    0xD8, 0x13, 0xD7, 0x1C, 0xBF, 0x5E, 0xFB, 0xF0, 0xC4, 0x01, 0xD5, 0xCF,
    0xD1, 0x81, 0x48, 0xAE, 0xF1, 0xDA, 0xDB, 0x24, 0x1A, 0x29, 0x1C, 0xE5,
    0xFC, 0x1F, 0xEB, 0x33, 0xCD, 0xEB, 0xFF, 0x06, 0x94, 0xDA, 0x0E, 0xEA,
    0x22, 0x31, 0x23, 0xEB, 0xA5, 0x2B, 0x21, 0xC7, 0x4E, 0xD1, 0x41, 0x14,
    0xE1, 0xB0, 0xEE, 0x9F, 0x18, 0xE0, 0x0B, 0x1D, 0xEE, 0x2B, 0x2B, 0x3D,
    0x39, 0xB0, 0x09, 0x2D, 0x0D, 0x27, 0xAE, 0xF4, 0x55, 0x4C, 0xD1, 0x16,
    0x44, 0xA0, 0x30, 0x60, 0xA9, 0xFF, 0xAC, 0x2C, 0x3C, 0x9F, 0xCC, 0xFA,
    0xCD, 0x44, 0xF8, 0x41, 0xCF, 0x50, 0x17, 0x72, 0xFA, 0xB1, 0x9A, 0x2C,
    0x8A, 0x06, 0xD9, 0x86, 0xEB, 0x39, 0x4D, 0x94, 0xDB, 0xC1, 0x29, 0x27,
    0x22, 0xCF, 0x01, 0xFA, 0x94, 0x01, 0xE8, 0x38, 0x7F, 0xCF, 0x02, 0x49,
    0x28, 0xCE, 0xA4, 0x72, 0x98, 0x3C, 0xAA, 0x8F, 0x02, 0x95, 0x37, 0x3B,
    0x6F, 0x3E, 0x1A, 0x9E, 0x33, 0x47, 0x11, 0x03, 0xCB, 0x86, 0xD5, 0x29,
    0x06, 0xC2, 0x06, 0x1C, 0xA1, 0x1E, 0xDD, 0xD9, 0x1C, 0x36, 0x45, 0xBE,
    0xEA, 0xEF, 0x4A, 0x00, 0x82, 0xD1, 0x76, 0x2C, 0xF8, 0xB2, 0x8F, 0x06,
    0xE6, 0x35, 0x3A, 0x3E, 0x29, 0x23, 0xC4, 0x28, 0xCE, 0xB1, 0xA8, 0x36,
    0xE9, 0xFC, 0x7F, 0xF8, 0x0C, 0xE7, 0x11, 0x47, 0xD5, 0xEF, 0xBC, 0x5D,
    0xDF, 0x4A, 0x58, 0x64, 0xD1, 0x07, 0xE9, 0xE0, 0x36, 0x3E, 0x65, 0xF1,
    0xD0, 0x56, 0x03, 0x29, 0x53, 0xAB, 0x15, 0x9A, 0x23, 0xA8, 0x3C, 0x01,
    0x04, 0xF6, 0x0A, 0xF6, 0x00, 0x0E, 0x01, 0x23, 0xFC, 0x4D, 0xFD, 0xEF,
    0x14, 0x29, 0xEE, 0x4D, 0xEE, 0xC3, 0x17, 0x5C, 0x29, 0x7C, 0x20, 0xCF,
    0xED, 0xEC, 0x2F, 0xA7, 0xFB, 0x30, 0xAD, 0xAF, 0x85, 0x5F, 0x2F, 0xFC,
    0xE9, 0x07, 0xD7, 0xB9, 0xB7, 0x97, 0xF2, 0xCC, 0xD9, 0xF6, 0x0B, 0xE6,
    0x09, 0x2B, 0xDD, 0xFA, 0xDB, 0x81, 0xBE, 0xDF, 0x2E, 0xAF, 0x1F, 0x03,
    0x20, 0xF9, 0x06, 0x10, 0x12, 0x17, 0xA5, 0x15, 0x24, 0x43, 0xBE, 0xDA,
    0x8F, 0x0D, 0x0C, 0x10, 0x56, 0x3B, 0xDD, 0xC9, 0x83, 0xE0, 0xF2, 0x1A,
    0x3E, 0x9E, 0x03, 0xA8, 0x28, 0xE3, 0x95, 0xC4, 0xCC, 0x19, 0x39, 0xEE,
    0x17, 0x22, 0x10, 0x5D, 0xB8, 0xAC, 0x0C, 0xDB, 0xCE, 0x96, 0xF8, 0xC0,
    0xD8, 0x06, 0xE4, 0xEF, 0xCE, 0x39, 0x04, 0xD7, 0xA8, 0xC8, 0xDB, 0x26,
    0x33, 0xF3, 0x20, 0x01, 0x0B, 0x9C, 0x54, 0x31, 0x31, 0x32, 0x25, 0x2C,
    0x4F, 0x2C, 0x0A, 0x29, 0xF5, 0x64, 0x3E, 0x16, 0x3D, 0xF8, 0x12, 0x2B,
    0x1E, 0xC2, 0x15, 0x3D, 0xB6, 0x2C, 0xEE, 0x53, 0xC3, 0x2F, 0xF1, 0xEA,
    0x35, 0x88, 0x35, 0xC4, 0x25, 0x55, 0x5C, 0x0C, 0x58, 0x33, 0x07, 0xE6,
    0xF9, 0x02, 0xD6, 0xFB, 0x12, 0xD9, 0xD6, 0x31, 0xC6, 0x17, 0xF5, 0x03,
    0xB1, 0x20, 0x4C, 0xEA, 0xFD, 0xFF, 0x45, 0xEA, 0x35, 0xA9, 0x20, 0xD2,
    0x1B, 0xCF, 0x59, 0xE9, 0xDF, 0xD6, 0xF6, 0xD1, 0x2C, 0xE7, 0x26, 0x27,
    0xDF, 0x06, 0xD7, 0x30, 0x08, 0xF7, 0xE6, 0x7F, 0xC5, 0xCD, 0x4F, 0xD4,
    0x21, 0xD2, 0xE2, 0xE5, 0xC7, 0x75, 0x2A, 0xEE, 0x36, 0x81, 0x11, 0x42,
    0x90, 0x20, 0x30, 0x3B, 0xFF, 0x24, 0xE4, 0xE9, 0xC0, 0x22, 0x2F, 0x04,
    0xAE, 0xD6, 0xB5, 0xBC, 0x40, 0x46, 0xD3, 0x18, 0x32, 0xDE, 0xAB, 0x06,
    0x8B, 0xD0, 0x9B, 0xD5, 0x26, 0xE1, 0xC1, 0x48, 0xD1, 0xBB, 0x02, 0xF0,
    0x2D, 0x1A, 0xF3, 0x11, 0xDC, 0xF0, 0x5E, 0x02, 0xBD, 0xD8, 0x96, 0xA3,
    0x0F, 0x4D, 0x9D, 0xF3, 0x24, 0x4C, 0x3D, 0xD7, 0x83, 0x68, 0x29, 0xF8,
    0x0D, 0x8C, 0xD0, 0x14, 0x04, 0xD5, 0xE6, 0xB2, 0x22, 0x1E, 0x0E, 0xA0,
    0xF8, 0x00, 0xEA, 0xD2, 0x37, 0x1A, 0xFD, 0xAB, 0x30, 0x04, 0xBF, 0x27,
    0xBD, 0x2E, 0xF6, 0xCC, 0xDA, 0xFC, 0xED, 0x0B, 0x03, 0x05, 0xDA, 0xE9,
    0x03, 0x12, 0xF5, 0x4D, 0x01, 0xCE, 0xF1, 0xEC, 0xF1, 0x81, 0xFC, 0x28,
    0x95, 0xDF, 0xDE, 0xC0, 0x34, 0xEB, 0x32, 0xB4, 0xEC, 0x65, 0x04, 0x38,
    0x84, 0xAC, 0xB4, 0x10, 0xCB, 0xC8, 0x2F, 0xC4, 0x12, 0x22, 0xDD, 0x0D,
    0xB0, 0xC9, 0x90, 0xB1, 0x07, 0xC8, 0xEC, 0xA2, 0xDE, 0xF4, 0xE1, 0xF5,
    0xE5, 0xCB, 0xCD, 0xCE, 0x10, 0xFA, 0x93, 0xB2, 0xE8, 0x1A, 0xA9, 0x31,
    0x17, 0x8B, 0xA5, 0x92, 0xF5, 0x1A, 0x10, 0xD1, 0xA5, 0xC0, 0xC2, 0x15,
    0x02, 0x0F, 0x32, 0x47, 0xBD, 0xB5, 0x8C, 0xDA, 0xD4, 0x19, 0x0B, 0x03,
    0x05, 0x0D, 0x0F, 0x03, 0xEA, 0xE2, 0xD5, 0x02, 0xFA, 0x23, 0x12, 0x18,
    0x1A, 0xEC, 0x0E, 0xB6, 0x4B, 0xDD, 0xB8, 0xDF, 0x33, 0x81, 0xE2, 0x15,
    0xCA, 0x38, 0xB8, 0x88, 0xF4, 0xD1, 0x31, 0x1A, 0xC8, 0x1F, 0x2F, 0xFE,
    0xCD, 0x21, 0x26, 0x0E, 0xF3, 0xDA, 0xA3, 0xA7, 0xD5, 0x05, 0xE3, 0xEC,
    0x2D, 0xAF, 0xED, 0xF8, 0xBC, 0x04, 0xED, 0x54, 0x2F, 0xE4, 0xF1, 0xEE,
    0x15, 0x59, 0xC9, 0x02, 0x3B, 0x57, 0xC7, 0x3A, 0xAA, 0xF6, 0xA0, 0xCF,
    0x02, 0xE3, 0xE6, 0xC1, 0xC9, 0xA0, 0x0B, 0x1E, 0x43, 0xCC, 0xB4, 0x20,
    0x20, 0x0D, 0xD1, 0x24, 0x26, 0xF7, 0xE6, 0x08, 0x0B, 0x10, 0xE9, 0x0F,
    0xB3, 0xF8, 0x02, 0xEE, 0x0D, 0x6B, 0x3B, 0x29, 0xE2, 0x02, 0xC7, 0xE2,
    0xD8, 0x92, 0xD6, 0x91, 0x56, 0x55, 0xCC, 0x2E, 0x51, 0x09, 0x26, 0x46,
    0xEB, 0x0D, 0xFF, 0xBD, 0x37, 0x36, 0x10, 0xE6, 0x21, 0x22, 0x55, 0x3F,
    0x29, 0xED, 0x9F, 0x6D, 0x13, 0xF5, 0x21, 0xBC, 0x48, 0x10, 0xDC, 0x27,
    0x62, 0xCE, 0xF3, 0xFE, 0xBD, 0x2B, 0x60, 0x19, 0x3E, 0xD9, 0xC1, 0x0F,
    0xD4, 0x33, 0x0A, 0xEC, 0x9D, 0xF2, 0x38, 0xF7, 0xE7, 0xDD, 0x40, 0x57,
    0x1D, 0x38, 0x8C, 0x0B, 0x17, 0xBB, 0xC1, 0xA2, 0x50, 0x28, 0xEF, 0x27,
    0xE9, 0x37, 0xD8, 0x02, 0x49, 0x24, 0xA2, 0xCC, 0x2E, 0x1C, 0x81, 0x0F,
    0x0D, 0xFD, 0x4F, 0x26, 0x2F, 0x07, 0x5A, 0x1D, 0xC3, 0xD8, 0x44, 0x3E,
    0x3D, 0xF6, 0xFF, 0x78, 0xAE, 0x57, 0xB3, 0x3D, 0xF7, 0xBD, 0x29, 0x3D,
    0x86, 0x55, 0x52, 0x0D, 0x07, 0xF7, 0x07, 0xC8, 0x0E, 0xE6, 0xF7, 0x05,
    0x2E, 0xB4, 0xC6, 0x08, 0xEF, 0x14, 0x56, 0xE7, 0x0F, 0xF8, 0x00, 0x55,
    0xA6, 0x3D, 0x43, 0x5A, 0xF0, 0xB8, 0xAB, 0xF7, 0x39, 0x6E, 0x43, 0xD9,
    0x9A, 0x55, 0x54, 0x5C, 0x4D, 0xAD, 0x99, 0xF7, 0x0B, 0x10, 0xFE, 0x8D,
    0x46, 0xF3, 0x0F, 0xD1, 0x97, 0xE1, 0xF5, 0x7F, 0xD4, 0xEC, 0x1E, 0x2E,
    0x02, 0xD1, 0xE8, 0xC4, 0xD9, 0xC8, 0x79, 0x20, 0x0D, 0x3E, 0xFA, 0xDD,
    0x18, 0x97, 0xE0, 0x89, 0x4A, 0xB1, 0xEB, 0xA5, 0xF8, 0x20, 0x6D, 0x3C,
    0xC5, 0xE4, 0xFD, 0x61, 0x16, 0xFD, 0xFF, 0x36, 0xEA, 0x11, 0x8D, 0x24,
    0xE7, 0x0A, 0xCB, 0xF3, 0x15, 0xA8, 0xC6, 0x17, 0x14, 0x48, 0x3F, 0xCB,
    0x4A, 0x18, 0x4D, 0xEB, 0x0D, 0x38, 0x06, 0x33, 0xB4, 0x0C, 0x2F, 0x56,
    0xF0, 0x55, 0x27, 0x27, 0xDE, 0x1D, 0xA6, 0x09, 0x81, 0x1F, 0xFF, 0x29,
    0xD9, 0x23, 0x00, 0x12, 0x1E, 0x36, 0xD9, 0xC4, 0x25, 0xD5, 0x3E, 0xF5,
    0xA0, 0x18, 0x4D, 0xD8, 0xE9, 0x3D, 0xF4, 0x07, 0xC9, 0x1C, 0x14, 0xB8,
    0x8C, 0x1F, 0xB7, 0xED, 0x0D, 0xD0, 0xB3, 0x76, 0xCC, 0xF0, 0x52, 0x11,
    0xAF, 0xFA, 0x31, 0xED, 0x81, 0x1E, 0x41, 0x27, 0xB9, 0xC1, 0x21, 0xCE,
    0x18, 0x55, 0xFA, 0xC6, 0xB6, 0xCB, 0x38, 0xD4, 0x24, 0xBC, 0xFF, 0xE1,
    0x44, 0x24, 0xF2, 0x07, 0x08, 0xEA, 0xCD, 0xA9, 0x41, 0xF8, 0xB9, 0xAC,
    0xE6, 0x9A, 0xD4, 0x2C, 0x53, 0xCB, 0xB7, 0x0D, 0x06, 0x03, 0xDB, 0x16,
    0xFB, 0x4B, 0x24, 0xCD, 0x22, 0xFB, 0x12, 0xE0, 0xC3, 0x35, 0x41, 0xBC,
    0xD9, 0xEF, 0x1D, 0xDB, 0xDD, 0x38, 0xCA, 0xB9, 0xA8, 0xAE, 0x11, 0xE6,
    0x47, 0x02, 0x50, 0xC5, 0xB4, 0x2A, 0x4E, 0x34, 0x9D, 0xDB, 0xEA, 0x15,
    0xCA, 0x17, 0x2C, 0xB8, 0xDA, 0x15, 0xE1, 0xEF, 0x3E, 0x25, 0xFC, 0xDE,
    0xFD, 0xE1, 0x27, 0x21, 0x19, 0xD3, 0x17, 0x47, 0xD2, 0xC0, 0xDE, 0xD1,
    0xB8, 0x0E, 0xC5, 0x01, 0x54, 0x38, 0x0D, 0x16, 0xC7, 0x01, 0x07, 0x2B,
    0x21, 0xB6, 0x87, 0xE1, 0xDE, 0x43, 0x50, 0xC1, 0xB2, 0x1C, 0x26, 0x4C,
    0xC3, 0x07, 0xC5, 0x19, 0xC5, 0xB9, 0xD1, 0x3C, 0xCF, 0xFC, 0x11, 0x0D,
    0x01, 0xE7, 0x96, 0x14, 0xFA, 0xC1, 0xF7, 0x19, 0x37, 0xD1, 0x81, 0xA1,
    0x3D, 0xFF, 0x25, 0xCA, 0x06, 0x24, 0x23, 0x67, 0xF5, 0x1C, 0xC5, 0xEA,
    0xC8, 0x25, 0xE3, 0x33, 0x37, 0xAC, 0xFB, 0xD0, 0x61, 0x38, 0xDB, 0x4A,
    0xE3, 0xCB, 0x21, 0xF5, 0xC9, 0xC3, 0x99, 0x27, 0xAE, 0x3B, 0x27, 0x12,
    0x05, 0x12, 0xCC, 0x62, 0xEF, 0xA9, 0x62, 0x16, 0xDF, 0x1B, 0xFF, 0x2A,
    0x39, 0x53, 0xFF, 0x5F, 0xF2, 0xF9, 0xF7, 0x1C, 0x49, 0x1D, 0x0F, 0x0A,
    0xA4, 0x12, 0x7F, 0xDE, 0x23, 0x5F, 0x2E, 0x26, 0xEB, 0xE3, 0xCA, 0x3E,
    0x12, 0xBC, 0x3A, 0x3D, 0xC1, 0x20, 0xEF, 0xC7, 0x66, 0x3D, 0x0C, 0x00,
    0xEB, 0x16, 0x32, 0x43, 0xE2, 0xC6, 0xCE, 0xE9, 0x17, 0xC4, 0x3E, 0x27,
    0xFC, 0x49, 0xDF, 0xE0, 0x17, 0xB3, 0x49, 0xA9, 0x7A, 0xDB, 0xCB, 0xFC,
    0x00, 0xC1, 0xFE, 0xEB, 0xD2, 0xF1, 0xD0, 0x08, 0xD9, 0xCC, 0x47, 0xE0,
    0xF9, 0xDA, 0x1B, 0xC6, 0x1F, 0x03, 0x4D, 0x51, 0x51, 0x5E, 0x4F, 0x4E,
    0xF3, 0x06, 0x45, 0xCA, 0xE4, 0x35, 0xAF, 0x60, 0x1A, 0x06, 0x2B, 0x5B,
    0x2E, 0x1C, 0x38, 0x81, 0xFD, 0xA7, 0xD0, 0x9A, 0x5C, 0x58, 0xEF, 0xB8,
    0xF8, 0x06, 0xCC, 0x2B, 0xD1, 0x22, 0xFC, 0x27, 0x9A, 0xB4, 0x3C, 0x25,
    0xDF, 0x37, 0xEB, 0x31, 0x3B, 0x12, 0xAF, 0x05, 0xB3, 0x28, 0xB5, 0x29,
    0x1F, 0xE3, 0x39, 0xC6, 0xE7, 0x0E, 0x51, 0xAC, 0x17, 0x30, 0x11, 0xC9,
    0x3F, 0x9B, 0x09, 0xA9, 0xDD, 0x07, 0xCE, 0x18, 0x5D, 0x07, 0x37, 0x60,
    0xFB, 0x79, 0x2A, 0xD0, 0x30, 0xBA, 0xAD, 0x8C, 0x56, 0x4D, 0x29, 0xB9,
    0x16, 0xED, 0x1F, 0x19, 0xB1, 0x04, 0x26, 0x01, 0xAE, 0xBC, 0x0E, 0x0D,
    0x55, 0x14, 0x77, 0xD5, 0x1C, 0xED, 0x3B, 0x0E, 0x2B, 0xD7, 0xC7, 0x07,
    0xE6, 0x3B, 0x71, 0xA0, 0x76, 0x43, 0xDE, 0xB2, 0xB7, 0x3A, 0x57, 0x46,
    0xE0, 0xC9, 0xE1, 0xAE, 0xD1, 0x25, 0xD6, 0xAE, 0x07, 0x2F, 0x5A, 0x53,
    0x18, 0xEF, 0xF3, 0x0B, 0x29, 0x5B, 0x15, 0x20, 0x25, 0xFF, 0x6E, 0xE3,
    0x7F, 0xCD, 0xAB, 0xF4, 0x5C, 0x04, 0xB7, 0x40, 0xFD, 0xF5, 0xEA, 0xAA,
    0xE0, 0xEC, 0xE2, 0xC5, 0x66, 0x23, 0x61, 0x52, 0x3D, 0x1F, 0x37, 0x4F,
    0x2A, 0x49, 0xD4, 0xC0, 0x5F, 0xDE, 0xCD, 0xB9, 0x44, 0x21, 0x24, 0xDB,
    0xC1, 0x0F, 0xC5, 0xE8, 0x70, 0x4B, 0xB8, 0xF2, 0x17, 0x3E, 0x0B, 0xE9,
    0x1D, 0xED, 0x43, 0x05, 0xDD, 0xC5, 0x56, 0xDE, 0x0B, 0x3F, 0x51, 0xED,
    0x43, 0xD1, 0x31, 0x2C, 0x19, 0xF1, 0xC6, 0xC6, 0x5B, 0x46, 0x10, 0x56,
    0xB6, 0x2A, 0xDB, 0x57, 0x38, 0x5C, 0x68, 0x15, 0xF1, 0x40, 0x9C, 0x17,
    0xF3, 0xD4, 0x6F, 0x5A, 0x3C, 0x31, 0x22, 0xCA, 0x39, 0xE2, 0xD7, 0x03,
    0xC5, 0x03, 0x06, 0xE2, 0xCA, 0x06, 0x26, 0xEC, 0xEE, 0xF8, 0xB1, 0xF9,
    0xC9, 0xE5, 0xCA, 0x74, 0x5D, 0x05, 0x3B, 0x35, 0x35, 0x81, 0xE8, 0x51,
    0xEF, 0xFA, 0x50, 0x66, 0x23, 0x02, 0xCC, 0x29, 0x5B, 0x3A, 0xB9, 0x0F,
    0x2D, 0x9F, 0xDD, 0x45, 0x4A, 0x44, 0xBD, 0x5A, 0xAB, 0xEB, 0xF0, 0x18,
    0x5D, 0xC9, 0x02, 0x0F, 0x2E, 0xCA, 0xF9, 0xAC, 0x11, 0xB9, 0xAE, 0x00,
    0xBA, 0xB1, 0x36, 0x55, 0xA7, 0xAA, 0xDC, 0xEC, 0xC6, 0x8E, 0xCD, 0xD6,
    0xB7, 0x1A, 0x09, 0x01, 0x14, 0xDC, 0xF9, 0xEB, 0x19, 0x4D, 0x43, 0x05,
    0xE3, 0x00, 0xEA, 0xD2, 0x09, 0x25, 0xEA, 0xAD, 0x96, 0x30, 0x39, 0xD3,
    0xB4, 0xB2, 0xFC, 0xD2, 0xD8, 0x15, 0xCC, 0xB7, 0x2F, 0xFD, 0xC3, 0x8D,
    0x3A, 0xD7, 0x45, 0xD2, 0xE1, 0x1A, 0xDE, 0xAE, 0xF0, 0xCF, 0x32, 0xB8,
    0xF7, 0xAF, 0x25, 0xDC, 0xAD, 0xC6, 0x3A, 0x05, 0xAB, 0x3F, 0x05, 0xAE,
    0x15, 0xD0, 0xE2, 0x57, 0x1A, 0x1B, 0xC7, 0x81, 0xC7, 0x0F, 0xC2, 0xF4,
    0xBA, 0x66, 0x38, 0xD0, 0xF1, 0x0C, 0xBA, 0xA1, 0x19, 0x5D, 0xDD, 0x38,
    0x95, 0x57, 0xF3, 0xAF, 0xCB, 0x1B, 0x32, 0xB1, 0x43, 0x5E, 0xC1, 0xA0,
    0x38, 0xFE, 0x28, 0xE4, 0x1E, 0xD1, 0xDD, 0x9E, 0xCA, 0xFF, 0x17, 0x48,
    0x16, 0x08, 0x13, 0x9B, 0x02, 0x50, 0xEF, 0x42, 0xF2, 0x1C, 0xF4, 0xA1,
    0x1E, 0xE6, 0xE9, 0xBE, 0x20, 0x66, 0x00, 0x83, 0x02, 0x30, 0x31, 0x22,
    0xCA, 0x19, 0xB8, 0x1E, 0xF9, 0xEA, 0xC0, 0x32, 0x55, 0x65, 0x34, 0x0D,
    0xC2, 0x03, 0xE6, 0x1C, 0xF4, 0x38, 0x19, 0xE6, 0xD4, 0xCF, 0x48, 0xA6,
    0xDB, 0x42, 0xB2, 0xA0, 0xCA, 0x26, 0xF8, 0x12, 0xB3, 0x81, 0xB2, 0xB5,
    0xEA, 0xDD, 0xD4, 0x25, 0x18, 0xA0, 0xA6, 0x0C, 0xAF, 0xEB, 0x2F, 0x12,
    0xEA, 0xC7, 0x3E, 0xEB, 0xAA, 0x39, 0x5E, 0xD5, 0x2C, 0x02, 0xCA, 0x06,
    0xF7, 0xE6, 0xEA, 0x74, 0xA6, 0xA7, 0xBA, 0x15, 0xB6, 0xB1, 0x2F, 0xAD,
    0x57, 0x15, 0xCE, 0xA9, 0x9B, 0x33, 0x53, 0x06, 0xD9, 0xCF, 0xF8, 0x5B,
    0x96, 0x13, 0xF9, 0xEF, 0xC0, 0xF7, 0x83, 0x39, 0x86, 0xDD, 0xD6, 0x11,
    0xDA, 0x85, 0xBD, 0x1F, 0xC4, 0x10, 0x0E, 0xC0, 0x72, 0xEF, 0x44, 0xE2,
    0x3B, 0x7F, 0x0F, 0x33, 0x81, 0xF2, 0x20, 0xCD, 0xE0, 0xFF, 0xFD, 0xAB,
    0x04, 0x69, 0xF5, 0x1C, 0xFC, 0xEC, 0x74, 0x58, 0xF1, 0x0B, 0x4A, 0x34,
    0xC9, 0x9C, 0x18, 0xF4, 0xDE, 0x30, 0xC7, 0xCE, 0xE3, 0xEB, 0xA5, 0x29,
    0x8A, 0xCD, 0x0F, 0x7F, 0xDF, 0x2A, 0xA4, 0xCF, 0x33, 0xCF, 0x32, 0x82,
    0xAA, 0xC9, 0xD2, 0x44, 0x19, 0x46, 0xDE, 0x01, 0xB1, 0x30, 0x19, 0x1A,
    0xA8, 0x31, 0xD0, 0x14, 0x1C, 0x5A, 0xBD, 0xEB, 0x8D, 0x2F, 0x45, 0x29,
    0xC3, 0xCB, 0x12, 0xD1, 0x3E, 0x41, 0x17, 0x2C, 0x17, 0xF8, 0xDC, 0xA3,
    0xB7, 0xA6, 0x2D, 0xE3, 0x35, 0xDA, 0x12, 0xA1, 0xEA, 0x13, 0xD9, 0xB6,
    0xA5, 0xD8, 0x0F, 0xC6, 0x88, 0x4C, 0x42, 0xDC, 0xBB, 0xAD, 0x4C, 0x00,
    0xB6, 0xEF, 0xE3, 0xD7, 0x0E, 0xAF, 0x41, 0xF9, 0x41, 0xD0, 0xC1, 0x1D,
    0x50, 0xBC, 0xF3, 0xD7, 0xC6, 0xFB, 0xFF, 0xFF, 0x04, 0x00, 0x00, 0x00,
    0x00, 0x01, 0x00, 0x00, 0x4F, 0x04, 0x00, 0x00, 0x1B, 0x01, 0x00, 0x00,
    0x31, 0xFD, 0xFF, 0xFF, 0x26, 0xFD, 0xFF, 0xFF, 0xFE, 0x02, 0x00, 0x00,
    0x72, 0xFE, 0xFF, 0xFF, 0xA2, 0x00, 0x00, 0x00, 0xD4, 0xF8, 0xFF, 0xFF,
    0x95, 0xFB, 0xFF, 0xFF, 0xE6, 0xF9, 0xFF, 0xFF, 0xEE, 0x00, 0x00, 0x00,
    0x84, 0xFD, 0xFF, 0xFF, 0xF7, 0x00, 0x00, 0x00, 0x26, 0xFD, 0xFF, 0xFF,
    0x18, 0xFF, 0xFF, 0xFF, 0xB3, 0x04, 0x00, 0x00, 0x9D, 0xFE, 0xFF, 0xFF,
    0x19, 0xFB, 0xFF, 0xFF, 0x45, 0xFD, 0xFF, 0xFF, 0x08, 0xFF, 0xFF, 0xFF,
    0x4C, 0x03, 0x00, 0x00, 0x96, 0xFF, 0xFF, 0xFF, 0x7A, 0xFB, 0xFF, 0xFF,
    0xED, 0x02, 0x00, 0x00, 0x35, 0x01, 0x00, 0x00, 0x00, 0x00, 0x00, 0x00,
    0xC4, 0x01, 0x00, 0x00, 0x20, 0xF9, 0xFF, 0xFF, 0x05, 0x00, 0x00, 0x00,
    0xB4, 0xFB, 0xFF, 0xFF, 0x26, 0xFE, 0xFF, 0xFF, 0x2A, 0xFE, 0xFF, 0xFF,
    0xD5, 0x09, 0x00, 0x00, 0x43, 0xFE, 0xFF, 0xFF, 0x13, 0x00, 0x00, 0x00,
    0x46, 0x03, 0x00, 0x00, 0x60, 0x06, 0x00, 0x00, 0x0C, 0xFC, 0xFF, 0xFF,
    0xC1, 0x00, 0x00, 0x00, 0xB3, 0xFD, 0xFF, 0xFF, 0x47, 0x02, 0x00, 0x00,
    0x44, 0x01, 0x00, 0x00, 0x28, 0xFE, 0xFF, 0xFF, 0x1D, 0xFE, 0xFF, 0xFF,
    0x18, 0xFE, 0xFF, 0xFF, 0x50, 0x00, 0x00, 0x00, 0x4A, 0x01, 0x00, 0x00,
    0xA4, 0x03, 0x00, 0x00, 0x1B, 0x06, 0x00, 0x00, 0xFF, 0xFA, 0xFF, 0xFF,
    0x87, 0xF8, 0xFF, 0xFF, 0xCD, 0xFE, 0xFF, 0xFF, 0xD7, 0x02, 0x00, 0x00,
    0x18, 0x00, 0x00, 0x00, 0x39, 0x02, 0x00, 0x00, 0x00, 0xFB, 0xFF, 0xFF,
    0xAB, 0xFB, 0xFF, 0xFF, 0x38, 0x01, 0x00, 0x00, 0x68, 0xFC, 0xFF, 0xFF,
    0xA7, 0x01, 0x00, 0x00, 0x55, 0x00, 0x00, 0x00, 0x3D, 0xFE, 0xFF, 0xFF,
    0xFE, 0xFB, 0xFF, 0xFF, 0xAE, 0x06, 0x00, 0x00, 0xD2, 0xFC, 0xFF, 0xFF,
    0x04, 0x00, 0x00, 0x00, 0x40, 0x00, 0x00, 0x00, 0xE9, 0x31, 0x19, 0x01,
    0xD6, 0xE0, 0xD6, 0xE0, 0x37, 0x16, 0x57, 0x18, 0xF1, 0x3D, 0xEB, 0xDF,
    0x3A, 0xE4, 0x36, 0xF3, 0xD3, 0x26, 0x02, 0x10, 0x04, 0x26, 0xED, 0x3C,
    0x36, 0x31, 0x04, 0x31, 0x6A, 0x4C, 0x32, 0xF6, 0x1E, 0x0F, 0x52, 0x1E,
    0x23, 0x44, 0x45, 0x71, 0x20, 0xD8, 0x3D, 0xE4, 0x40, 0x0E, 0x7F, 0xFA,
    0xE4, 0xF4, 0x5A, 0x4A, 0xE5, 0x38, 0x07, 0xF0, 0x2A, 0x1B, 0x3C, 0x50,
    0x1E, 0xFD, 0xFF, 0xFF, 0x04, 0x00, 0x00, 0x00, 0x40, 0x00, 0x00, 0x00,
    0xB3, 0x9D, 0xDC, 0xAF, 0xBE, 0xF7, 0xCA, 0x09, 0xC0, 0xDD, 0x84, 0xC8,
    0xCB, 0xC2, 0xED, 0xBC, 0xBE, 0xF5, 0xB3, 0xDC, 0xBA, 0xC6, 0xEB, 0xCC,
    0xCC, 0xB6, 0xDF, 0xD4, 0xB4, 0xE3, 0xDB, 0xD4, 0x80, 0xE0, 0xAD, 0xE1,
    0xA5, 0xFD, 0xAB, 0xCA, 0xC2, 0x9F, 0xCA, 0xA3, 0xB7, 0xD7, 0xB3, 0xD8,
    0xA5, 0xD8, 0xBC, 0xE8, 0xC8, 0xF4, 0xC0, 0xE4, 0xDB, 0xAB, 0xD9, 0xE7,
    0xC5, 0xC4, 0xBF, 0xA4, 0x6A, 0xFD, 0xFF, 0xFF, 0x04, 0x00, 0x00, 0x00,
    0x00, 0x01, 0x00, 0x00, 0xBD, 0xE2, 0x76, 0xE0, 0x00, 0xBD, 0x07, 0x98,
    0x22, 0x7F, 0x10, 0xEC, 0x1A, 0x2F, 0xEE, 0xEA, 0xD1, 0xB7, 0xF4, 0x33,
    0xD3, 0xC6, 0xA5, 0x45, 0xC4, 0xC0, 0xAF, 0x37, 0x4D, 0x60, 0x90, 0x88,
    0x47, 0x6D, 0xB6, 0xAA, 0xE0, 0xB1, 0xF1, 0x35, 0x3B, 0x50, 0x7E, 0x04,
    0xBB, 0x09, 0x2D, 0xC3, 0x66, 0x41, 0xF0, 0xD5, 0xF6, 0xE2, 0x5C, 0x7B,
    0xF1, 0x98, 0xA2, 0x01, 0x6F, 0xBD, 0xD7, 0x5C, 0xC9, 0x7F, 0xE3, 0xE0,
    0xB0, 0x30, 0xAD, 0xA5, 0x6A, 0xFD, 0x4F, 0xEB, 0x23, 0xAD, 0x1A, 0xE0,
    0x72, 0xD3, 0x72, 0xA2, 0xB2, 0x57, 0xB0, 0xA8, 0x5F, 0xDC, 0x6F, 0xAE,
    0x29, 0x93, 0xA2, 0x52, 0x56, 0x99, 0x33, 0x09, 0xC0, 0xBC, 0x6C, 0xFD,
    0xD2, 0x5A, 0xD2, 0x4B, 0x35, 0xDB, 0x74, 0xDA, 0x13, 0xE5, 0xAE, 0xC8,
    0xC3, 0x23, 0xEB, 0x9A, 0xC4, 0x54, 0xA9, 0xAD, 0x1D, 0x6D, 0x6F, 0x64,
    0x50, 0x90, 0xC6, 0x37, 0xE2, 0xBD, 0xB0, 0x40, 0xF7, 0x4F, 0xDA, 0x7C,
    0x56, 0xFD, 0xB9, 0x4A, 0xE7, 0x63, 0xDC, 0x94, 0x00, 0x46, 0x41, 0xC5,
    0x8F, 0x35, 0xFD, 0xF1, 0xCE, 0x2E, 0xDE, 0x26, 0xD1, 0x00, 0x4D, 0x56,
    0x3A, 0x8E, 0xAF, 0xE2, 0x6A, 0xD1, 0xA4, 0xB3, 0xF1, 0xC4, 0x91, 0xD9,
    0x26, 0xCE, 0xF8, 0x70, 0xA9, 0xD5, 0x91, 0x72, 0xEA, 0x7A, 0x7F, 0xFC,
    0xCA, 0x01, 0xF3, 0xBF, 0x77, 0x2C, 0xE2, 0xBA, 0x6C, 0x73, 0x7D, 0xB3,
    0x17, 0x0A, 0x99, 0xA9, 0x62, 0xB7, 0x68, 0x65, 0x22, 0x00, 0x22, 0x37,
    0x6D, 0xFC, 0xD4, 0xFD, 0x70, 0x97, 0x45, 0xC7, 0x9A, 0xD2, 0x65, 0xC5,
    0x3A, 0x4A, 0xA3, 0x66, 0x85, 0x7A, 0xFD, 0xD0, 0x19, 0xDE, 0xB9, 0xC2,
    0xD0, 0x39, 0xDD, 0x28, 0x9D, 0xB8, 0xBA, 0xDD, 0x3C, 0x3F, 0x53, 0xE9,
    0x7F, 0xB5, 0xBD, 0x61, 0x17, 0xCE, 0x6E, 0xFB, 0x76, 0xFE, 0xFF, 0xFF,
    0x04, 0x00, 0x00, 0x00, 0x10, 0x00, 0x00, 0x00, 0xAC, 0xFD, 0xFF, 0xFF,
    0x70, 0xFD, 0xFF, 0xFF, 0x92, 0xFF, 0xFF, 0xFF, 0x98, 0x06, 0x00, 0x00,
    0x92, 0xFE, 0xFF, 0xFF, 0x04, 0x00, 0x00, 0x00, 0x0C, 0x00, 0x00, 0x00,
    0xFF, 0xFF, 0xFF, 0xFF, 0x1F, 0x00, 0x00, 0x00, 0x40, 0x00, 0x00, 0x00,
    0xAA, 0xFE, 0xFF, 0xFF, 0x04, 0x00, 0x00, 0x00, 0x0C, 0x00, 0x00, 0x00,
    0xFF, 0xFF, 0xFF, 0xFF, 0x1F, 0x00, 0x00, 0x00, 0x20, 0x00, 0x00, 0x00,
    0xC2, 0xFE, 0xFF, 0xFF, 0x04, 0x00, 0x00, 0x00, 0x0C, 0x00, 0x00, 0x00,
    0xFF, 0xFF, 0xFF, 0xFF, 0x3E, 0x00, 0x00, 0x00, 0x20, 0x00, 0x00, 0x00,
    0xDA, 0xFE, 0xFF, 0xFF, 0x04, 0x00, 0x00, 0x00, 0x0C, 0x00, 0x00, 0x00,
    0xFF, 0xFF, 0xFF, 0xFF, 0x3E, 0x00, 0x00, 0x00, 0x10, 0x00, 0x00, 0x00,
    0xF2, 0xFE, 0xFF, 0xFF, 0x04, 0x00, 0x00, 0x00, 0x04, 0x00, 0x00, 0x00,
    0x01, 0x00, 0x00, 0x00, 0x02, 0xFF, 0xFF, 0xFF, 0x04, 0x00, 0x00, 0x00,
    0x0C, 0x00, 0x00, 0x00, 0xFF, 0xFF, 0xFF, 0xFF, 0x7D, 0x00, 0x00, 0x00,
    0x10, 0x00, 0x00, 0x00, 0x1A, 0xFF, 0xFF, 0xFF, 0x04, 0x00, 0x00, 0x00,
    0x04, 0x00, 0x00, 0x00, 0xFD, 0xFF, 0xFF, 0xFF, 0xEC, 0xC9, 0xFF, 0xFF,
    0xF0, 0xC9, 0xFF, 0xFF, 0x0F, 0x00, 0x00, 0x00, 0x4D, 0x4C, 0x49, 0x52,
    0x20, 0x43, 0x6F, 0x6E, 0x76, 0x65, 0x72, 0x74, 0x65, 0x64, 0x2E, 0x00,
    0x01, 0x00, 0x00, 0x00, 0x14, 0x00, 0x00, 0x00, 0x00, 0x00, 0x0E, 0x00,
    0x18, 0x00, 0x14, 0x00, 0x10, 0x00, 0x0C, 0x00, 0x08, 0x00, 0x04, 0x00,
    0x0E, 0x00, 0x00, 0x00, 0x14, 0x00, 0x00, 0x00, 0x1C, 0x00, 0x00, 0x00,
    0x60, 0x05, 0x00, 0x00, 0x64, 0x05, 0x00, 0x00, 0x68, 0x05, 0x00, 0x00,
    0x04, 0x00, 0x00, 0x00, 0x6D, 0x61, 0x69, 0x6E, 0x00, 0x00, 0x00, 0x00,
    0x18, 0x00, 0x00, 0x00, 0x18, 0x05, 0x00, 0x00, 0xB8, 0x04, 0x00, 0x00,
    0x74, 0x04, 0x00, 0x00, 0x40, 0x04, 0x00, 0x00, 0x18, 0x04, 0x00, 0x00,
    0xDC, 0x03, 0x00, 0x00, 0x88, 0x03, 0x00, 0x00, 0x50, 0x03, 0x00, 0x00,
    0x20, 0x03, 0x00, 0x00, 0xDC, 0x02, 0x00, 0x00, 0xA8, 0x02, 0x00, 0x00,
    0x74, 0x02, 0x00, 0x00, 0x4C, 0x02, 0x00, 0x00, 0x1C, 0x02, 0x00, 0x00,
    0xD8, 0x01, 0x00, 0x00, 0xB0, 0x01, 0x00, 0x00, 0x80, 0x01, 0x00, 0x00,
    0x3C, 0x01, 0x00, 0x00, 0x08, 0x01, 0x00, 0x00, 0xD4, 0x00, 0x00, 0x00,
    0xAC, 0x00, 0x00, 0x00, 0x78, 0x00, 0x00, 0x00, 0x40, 0x00, 0x00, 0x00,
    0x04, 0x00, 0x00, 0x00, 0xCE, 0xFC, 0xFF, 0xFF, 0x1C, 0x00, 0x00, 0x00,
    0x00, 0x00, 0x00, 0x09, 0x1C, 0x00, 0x00, 0x00, 0x20, 0x00, 0x00, 0x00,
    0x08, 0x00, 0x00, 0x00, 0x00, 0x00, 0x06, 0x00, 0x08, 0x00, 0x04, 0x00,
    0x06, 0x00, 0x00, 0x00, 0x00, 0x00, 0x80, 0x3F, 0x01, 0x00, 0x00, 0x00,
    0x2D, 0x00, 0x00, 0x00, 0x01, 0x00, 0x00, 0x00, 0x2C, 0x00, 0x00, 0x00,
    0xEA, 0xFB, 0xFF, 0xFF, 0x14, 0x00, 0x00, 0x00, 0x00, 0x00, 0x00, 0x08,
    0x10, 0x00, 0x00, 0x00, 0x14, 0x00, 0x00, 0x00, 0x07, 0x00, 0x00, 0x00,
    0xF8, 0xCA, 0xFF, 0xFF, 0x01, 0x00, 0x00, 0x00, 0x2C, 0x00, 0x00, 0x00,
    0x03, 0x00, 0x00, 0x00, 0x2B, 0x00, 0x00, 0x00, 0x09, 0x00, 0x00, 0x00,
    0x08, 0x00, 0x00, 0x00, 0x1E, 0xFC, 0xFF, 0xFF, 0x14, 0x00, 0x00, 0x00,
    0x00, 0x00, 0x00, 0x1B, 0x10, 0x00, 0x00, 0x00, 0x14, 0x00, 0x00, 0x00,
    0x06, 0x00, 0x00, 0x00, 0x2C, 0xCB, 0xFF, 0xFF, 0x01, 0x00, 0x00, 0x00,
    0x2B, 0x00, 0x00, 0x00, 0x02, 0x00, 0x00, 0x00, 0x2A, 0x00, 0x00, 0x00,
    0x03, 0x00, 0x00, 0x00, 0xDE, 0xFC, 0xFF, 0xFF, 0x0C, 0x00, 0x00, 0x00,
    0x10, 0x00, 0x00, 0x00, 0x04, 0x00, 0x00, 0x00, 0x01, 0x00, 0x00, 0x00,
    0x2A, 0x00, 0x00, 0x00, 0x02, 0x00, 0x00, 0x00, 0x29, 0x00, 0x00, 0x00,
    0x07, 0x00, 0x00, 0x00, 0x72, 0xFC, 0xFF, 0xFF, 0x14, 0x00, 0x00, 0x00,
    0x00, 0x00, 0x00, 0x0B, 0x10, 0x00, 0x00, 0x00, 0x14, 0x00, 0x00, 0x00,
    0x03, 0x00, 0x00, 0x00, 0x80, 0xCB, 0xFF, 0xFF, 0x01, 0x00, 0x00, 0x00,
    0x29, 0x00, 0x00, 0x00, 0x02, 0x00, 0x00, 0x00, 0x28, 0x00, 0x00, 0x00,
    0x0A, 0x00, 0x00, 0x00, 0xA2, 0xFC, 0xFF, 0xFF, 0x14, 0x00, 0x00, 0x00,
    0x00, 0x00, 0x00, 0x15, 0x10, 0x00, 0x00, 0x00, 0x14, 0x00, 0x00, 0x00,
    0x02, 0x00, 0x00, 0x00, 0xB0, 0xCB, 0xFF, 0xFF, 0x01, 0x00, 0x00, 0x00,
    0x28, 0x00, 0x00, 0x00, 0x02, 0x00, 0x00, 0x00, 0x27, 0x00, 0x00, 0x00,
    0x0B, 0x00, 0x00, 0x00, 0xD2, 0xFC, 0xFF, 0xFF, 0x14, 0x00, 0x00, 0x00,
    0x00, 0x00, 0x00, 0x01, 0x1C, 0x00, 0x00, 0x00, 0x20, 0x00, 0x00, 0x00,
    0x01, 0x00, 0x00, 0x00, 0xC4, 0xFC, 0xFF, 0xFF, 0x00, 0x00, 0x00, 0x01,
    0x01, 0x00, 0x00, 0x00, 0x01, 0x00, 0x00, 0x00, 0x01, 0x00, 0x00, 0x00,
    0x27, 0x00, 0x00, 0x00, 0x03, 0x00, 0x00, 0x00, 0x26, 0x00, 0x00, 0x00,
    0x0D, 0x00, 0x00, 0x00, 0x0C, 0x00, 0x00, 0x00, 0xB6, 0xFC, 0xFF, 0xFF,
    0x10, 0x00, 0x00, 0x00, 0x00, 0x00, 0x00, 0x34, 0x0C, 0x00, 0x00, 0x00,
    0x10, 0x00, 0x00, 0x00, 0x1C, 0xCC, 0xFF, 0xFF, 0x01, 0x00, 0x00, 0x00,
    0x26, 0x00, 0x00, 0x00, 0x02, 0x00, 0x00, 0x00, 0x25, 0x00, 0x00, 0x00,
    0x01, 0x00, 0x00, 0x00, 0xCE, 0xFD, 0xFF, 0xFF, 0x0C, 0x00, 0x00, 0x00,
    0x10, 0x00, 0x00, 0x00, 0x04, 0x00, 0x00, 0x00, 0x01, 0x00, 0x00, 0x00,
    0x25, 0x00, 0x00, 0x00, 0x02, 0x00, 0x00, 0x00, 0x24, 0x00, 0x00, 0x00,
    0x06, 0x00, 0x00, 0x00, 0x62, 0xFD, 0xFF, 0xFF, 0x14, 0x00, 0x00, 0x00,
    0x00, 0x00, 0x00, 0x05, 0x24, 0x00, 0x00, 0x00, 0x28, 0x00, 0x00, 0x00,
    0x05, 0x00, 0x00, 0x00, 0x6E, 0xFE, 0xFF, 0xFF, 0x01, 0x00, 0x00, 0x00,
    0x02, 0x00, 0x00, 0x00, 0x01, 0x00, 0x00, 0x00, 0x02, 0x00, 0x00, 0x00,
    0x00, 0x00, 0x00, 0x01, 0x01, 0x00, 0x00, 0x00, 0x24, 0x00, 0x00, 0x00,
    0x01, 0x00, 0x00, 0x00, 0x23, 0x00, 0x00, 0x00, 0x46, 0xFD, 0xFF, 0xFF,
    0x10, 0x00, 0x00, 0x00, 0x00, 0x00, 0x00, 0x34, 0x0C, 0x00, 0x00, 0x00,
    0x10, 0x00, 0x00, 0x00, 0xAC, 0xCC, 0xFF, 0xFF, 0x01, 0x00, 0x00, 0x00,
    0x23, 0x00, 0x00, 0x00, 0x02, 0x00, 0x00, 0x00, 0x22, 0x00, 0x00, 0x00,
    0x03, 0x00, 0x00, 0x00, 0x5E, 0xFE, 0xFF, 0xFF, 0x0C, 0x00, 0x00, 0x00,
    0x10, 0x00, 0x00, 0x00, 0x04, 0x00, 0x00, 0x00, 0x01, 0x00, 0x00, 0x00,
    0x22, 0x00, 0x00, 0x00, 0x02, 0x00, 0x00, 0x00, 0x21, 0x00, 0x00, 0x00,
    0x05, 0x00, 0x00, 0x00, 0xF2, 0xFD, 0xFF, 0xFF, 0x14, 0x00, 0x00, 0x00,
    0x00, 0x00, 0x00, 0x0B, 0x10, 0x00, 0x00, 0x00, 0x14, 0x00, 0x00, 0x00,
    0x03, 0x00, 0x00, 0x00, 0x00, 0xCD, 0xFF, 0xFF, 0x01, 0x00, 0x00, 0x00,
    0x21, 0x00, 0x00, 0x00, 0x02, 0x00, 0x00, 0x00, 0x20, 0x00, 0x00, 0x00,
    0x0E, 0x00, 0x00, 0x00, 0x22, 0xFE, 0xFF, 0xFF, 0x14, 0x00, 0x00, 0x00,
    0x00, 0x00, 0x00, 0x15, 0x10, 0x00, 0x00, 0x00, 0x14, 0x00, 0x00, 0x00,
    0x02, 0x00, 0x00, 0x00, 0x30, 0xCD, 0xFF, 0xFF, 0x01, 0x00, 0x00, 0x00,
    0x20, 0x00, 0x00, 0x00, 0x02, 0x00, 0x00, 0x00, 0x1F, 0x00, 0x00, 0x00,
    0x0F, 0x00, 0x00, 0x00, 0x52, 0xFE, 0xFF, 0xFF, 0x14, 0x00, 0x00, 0x00,
    0x00, 0x00, 0x00, 0x01, 0x1C, 0x00, 0x00, 0x00, 0x20, 0x00, 0x00, 0x00,
    0x01, 0x00, 0x00, 0x00, 0x44, 0xFE, 0xFF, 0xFF, 0x00, 0x00, 0x00, 0x01,
    0x01, 0x00, 0x00, 0x00, 0x01, 0x00, 0x00, 0x00, 0x01, 0x00, 0x00, 0x00,
    0x1F, 0x00, 0x00, 0x00, 0x03, 0x00, 0x00, 0x00, 0x1E, 0x00, 0x00, 0x00,
    0x11, 0x00, 0x00, 0x00, 0x10, 0x00, 0x00, 0x00, 0x36, 0xFE, 0xFF, 0xFF,
    0x10, 0x00, 0x00, 0x00, 0x00, 0x00, 0x00, 0x34, 0x0C, 0x00, 0x00, 0x00,
    0x10, 0x00, 0x00, 0x00, 0x9C, 0xCD, 0xFF, 0xFF, 0x01, 0x00, 0x00, 0x00,
    0x1E, 0x00, 0x00, 0x00, 0x02, 0x00, 0x00, 0x00, 0x1D, 0x00, 0x00, 0x00,
    0x01, 0x00, 0x00, 0x00, 0x4E, 0xFF, 0xFF, 0xFF, 0x0C, 0x00, 0x00, 0x00,
    0x10, 0x00, 0x00, 0x00, 0x04, 0x00, 0x00, 0x00, 0x01, 0x00, 0x00, 0x00,
    0x1D, 0x00, 0x00, 0x00, 0x02, 0x00, 0x00, 0x00, 0x1C, 0x00, 0x00, 0x00,
    0x04, 0x00, 0x00, 0x00, 0x00, 0x00, 0x0E, 0x00, 0x1A, 0x00, 0x14, 0x00,
    0x10, 0x00, 0x0C, 0x00, 0x0B, 0x00, 0x04, 0x00, 0x0E, 0x00, 0x00, 0x00,
    0x24, 0x00, 0x00, 0x00, 0x00, 0x00, 0x00, 0x05, 0x34, 0x00, 0x00, 0x00,
    0x38, 0x00, 0x00, 0x00, 0x05, 0x00, 0x00, 0x00, 0x00, 0x00, 0x0E, 0x00,
    0x18, 0x00, 0x17, 0x00, 0x10, 0x00, 0x0C, 0x00, 0x08, 0x00, 0x04, 0x00,
    0x0E, 0x00, 0x00, 0x00, 0x01, 0x00, 0x00, 0x00, 0x02, 0x00, 0x00, 0x00,
    0x01, 0x00, 0x00, 0x00, 0x02, 0x00, 0x00, 0x00, 0x00, 0x00, 0x00, 0x01,
    0x01, 0x00, 0x00, 0x00, 0x1C, 0x00, 0x00, 0x00, 0x01, 0x00, 0x00, 0x00,
    0x1B, 0x00, 0x00, 0x00, 0xE6, 0xFE, 0xFF, 0xFF, 0x10, 0x00, 0x00, 0x00,
    0x00, 0x00, 0x00, 0x34, 0x0C, 0x00, 0x00, 0x00, 0x10, 0x00, 0x00, 0x00,
    0x4C, 0xCE, 0xFF, 0xFF, 0x01, 0x00, 0x00, 0x00, 0x1B, 0x00, 0x00, 0x00,
    0x02, 0x00, 0x00, 0x00, 0x1A, 0x00, 0x00, 0x00, 0x03, 0x00, 0x00, 0x00,
    0x00, 0x00, 0x0A, 0x00, 0x10, 0x00, 0x0C, 0x00, 0x08, 0x00, 0x04, 0x00,
    0x0A, 0x00, 0x00, 0x00, 0x0C, 0x00, 0x00, 0x00, 0x10, 0x00, 0x00, 0x00,
    0x04, 0x00, 0x00, 0x00, 0x01, 0x00, 0x00, 0x00, 0x1A, 0x00, 0x00, 0x00,
    0x02, 0x00, 0x00, 0x00, 0x19, 0x00, 0x00, 0x00, 0x02, 0x00, 0x00, 0x00,
    0x9E, 0xFF, 0xFF, 0xFF, 0x14, 0x00, 0x00, 0x00, 0x00, 0x00, 0x00, 0x0B,
    0x10, 0x00, 0x00, 0x00, 0x14, 0x00, 0x00, 0x00, 0x03, 0x00, 0x00, 0x00,
    0xAC, 0xCE, 0xFF, 0xFF, 0x01, 0x00, 0x00, 0x00, 0x19, 0x00, 0x00, 0x00,
    0x02, 0x00, 0x00, 0x00, 0x18, 0x00, 0x00, 0x00, 0x12, 0x00, 0x00, 0x00,
    0xCE, 0xFF, 0xFF, 0xFF, 0x14, 0x00, 0x00, 0x00, 0x00, 0x00, 0x00, 0x15,
    0x10, 0x00, 0x00, 0x00, 0x14, 0x00, 0x00, 0x00, 0x02, 0x00, 0x00, 0x00,
    0xDC, 0xCE, 0xFF, 0xFF, 0x01, 0x00, 0x00, 0x00, 0x18, 0x00, 0x00, 0x00,
    0x02, 0x00, 0x00, 0x00, 0x17, 0x00, 0x00, 0x00, 0x13, 0x00, 0x00, 0x00,
    0x00, 0x00, 0x0E, 0x00, 0x18, 0x00, 0x14, 0x00, 0x10, 0x00, 0x0C, 0x00,
    0x0B, 0x00, 0x04, 0x00, 0x0E, 0x00, 0x00, 0x00, 0x20, 0x00, 0x00, 0x00,
    0x00, 0x00, 0x00, 0x01, 0x28, 0x00, 0x00, 0x00, 0x2C, 0x00, 0x00, 0x00,
    0x01, 0x00, 0x00, 0x00, 0x0C, 0x00, 0x10, 0x00, 0x00, 0x00, 0x0C, 0x00,
    0x08, 0x00, 0x07, 0x00, 0x0C, 0x00, 0x00, 0x00, 0x00, 0x00, 0x00, 0x01,
    0x01, 0x00, 0x00, 0x00, 0x01, 0x00, 0x00, 0x00, 0x01, 0x00, 0x00, 0x00,
    0x17, 0x00, 0x00, 0x00, 0x03, 0x00, 0x00, 0x00, 0x16, 0x00, 0x00, 0x00,
    0x15, 0x00, 0x00, 0x00, 0x14, 0x00, 0x00, 0x00, 0x00, 0x00, 0x0E, 0x00,
    0x14, 0x00, 0x00, 0x00, 0x10, 0x00, 0x0C, 0x00, 0x0B, 0x00, 0x04, 0x00,
    0x0E, 0x00, 0x00, 0x00, 0x10, 0x00, 0x00, 0x00, 0x00, 0x00, 0x00, 0x34,
    0x0C, 0x00, 0x00, 0x00, 0x10, 0x00, 0x00, 0x00, 0x74, 0xCF, 0xFF, 0xFF,
    0x01, 0x00, 0x00, 0x00, 0x16, 0x00, 0x00, 0x00, 0x02, 0x00, 0x00, 0x00,
    0x00, 0x00, 0x00, 0x00, 0x01, 0x00, 0x00, 0x00, 0x01, 0x00, 0x00, 0x00,
    0x2D, 0x00, 0x00, 0x00, 0x01, 0x00, 0x00, 0x00, 0x00, 0x00, 0x00, 0x00,
    0x2E, 0x00, 0x00, 0x00, 0x98, 0x30, 0x00, 0x00, 0x40, 0x30, 0x00, 0x00,
    0xC8, 0x2F, 0x00, 0x00, 0x8C, 0x2F, 0x00, 0x00, 0x28, 0x2F, 0x00, 0x00,
    0xC8, 0x2E, 0x00, 0x00, 0x60, 0x2E, 0x00, 0x00, 0x00, 0x2E, 0x00, 0x00,
    0x68, 0x2D, 0x00, 0x00, 0xD4, 0x2C, 0x00, 0x00, 0x50, 0x2C, 0x00, 0x00,
    0xCC, 0x2B, 0x00, 0x00, 0xC8, 0x27, 0x00, 0x00, 0x54, 0x24, 0x00, 0x00,
    0xD0, 0x23, 0x00, 0x00, 0x4C, 0x23, 0x00, 0x00, 0xC8, 0x20, 0x00, 0x00,
    0xD4, 0x1E, 0x00, 0x00, 0x50, 0x1E, 0x00, 0x00, 0xCC, 0x1D, 0x00, 0x00,
    0x10, 0x1C, 0x00, 0x00, 0xDC, 0x1A, 0x00, 0x00, 0x38, 0x1A, 0x00, 0x00,
    0x0C, 0x19, 0x00, 0x00, 0x98, 0x17, 0x00, 0x00, 0xBC, 0x15, 0x00, 0x00,
    0xE4, 0x13, 0x00, 0x00, 0x3C, 0x13, 0x00, 0x00, 0xA0, 0x12, 0x00, 0x00,
    0x00, 0x12, 0x00, 0x00, 0x58, 0x11, 0x00, 0x00, 0x24, 0x10, 0x00, 0x00,
    0xA8, 0x0E, 0x00, 0x00, 0xBC, 0x0C, 0x00, 0x00, 0xD4, 0x0A, 0x00, 0x00,
    0x2C, 0x0A, 0x00, 0x00, 0x88, 0x09, 0x00, 0x00, 0xE8, 0x08, 0x00, 0x00,
    0x40, 0x08, 0x00, 0x00, 0x0C, 0x07, 0x00, 0x00, 0x90, 0x05, 0x00, 0x00,
    0xA4, 0x03, 0x00, 0x00, 0xBC, 0x01, 0x00, 0x00, 0x24, 0x01, 0x00, 0x00,
    0x80, 0x00, 0x00, 0x00, 0x04, 0x00, 0x00, 0x00, 0x36, 0xD0, 0xFF, 0xFF,
    0x00, 0x00, 0x00, 0x01, 0x18, 0x00, 0x00, 0x00, 0x20, 0x00, 0x00, 0x00,
    0x3C, 0x00, 0x00, 0x00, 0x2E, 0x00, 0x00, 0x00, 0x00, 0x00, 0x00, 0x09,
    0x50, 0x00, 0x00, 0x00, 0x02, 0x00, 0x00, 0x00, 0xFF, 0xFF, 0xFF, 0xFF,
    0x04, 0x00, 0x00, 0x00, 0x1C, 0xD0, 0xFF, 0xFF, 0x08, 0x00, 0x00, 0x00,
    0x10, 0x00, 0x00, 0x00, 0x01, 0x00, 0x00, 0x00, 0x80, 0xFF, 0xFF, 0xFF,
    0xFF, 0xFF, 0xFF, 0xFF, 0x01, 0x00, 0x00, 0x00, 0x00, 0x00, 0x80, 0x3B,
    0x1B, 0x00, 0x00, 0x00, 0x53, 0x74, 0x61, 0x74, 0x65, 0x66, 0x75, 0x6C,
    0x50, 0x61, 0x72, 0x74, 0x69, 0x74, 0x69, 0x6F, 0x6E, 0x65, 0x64, 0x43,
    0x61, 0x6C, 0x6C, 0x5F, 0x31, 0x3A, 0x30, 0x00, 0x02, 0x00, 0x00, 0x00,
    0x01, 0x00, 0x00, 0x00, 0x04, 0x00, 0x00, 0x00, 0xAE, 0xD0, 0xFF, 0xFF,
    0x00, 0x00, 0x00, 0x01, 0x18, 0x00, 0x00, 0x00, 0x20, 0x00, 0x00, 0x00,
    0x3C, 0x00, 0x00, 0x00, 0x2D, 0x00, 0x00, 0x00, 0x00, 0x00, 0x00, 0x09,
    0x78, 0x00, 0x00, 0x00, 0x02, 0x00, 0x00, 0x00, 0xFF, 0xFF, 0xFF, 0xFF,
    0x04, 0x00, 0x00, 0x00, 0x94, 0xD0, 0xFF, 0xFF, 0x08, 0x00, 0x00, 0x00,
    0x10, 0x00, 0x00, 0x00, 0x01, 0x00, 0x00, 0x00, 0xE8, 0xFF, 0xFF, 0xFF,
    0xFF, 0xFF, 0xFF, 0xFF, 0x01, 0x00, 0x00, 0x00, 0x28, 0xD4, 0xEB, 0x3D,
    0x40, 0x00, 0x00, 0x00, 0x74, 0x69, 0x6E, 0x79, 0x6D, 0x6F, 0x74, 0x69,
    0x6F, 0x6E, 0x5F, 0x63, 0x6E, 0x6E, 0x5F, 0x31, 0x2F, 0x64, 0x65, 0x6E,
    0x73, 0x65, 0x5F, 0x31, 0x2F, 0x4D, 0x61, 0x74, 0x4D, 0x75, 0x6C, 0x3B,
    0x74, 0x69, 0x6E, 0x79, 0x6D, 0x6F, 0x74, 0x69, 0x6F, 0x6E, 0x5F, 0x63,
    0x6E, 0x6E, 0x5F, 0x31, 0x2F, 0x64, 0x65, 0x6E, 0x73, 0x65, 0x5F, 0x31,
    0x2F, 0x42, 0x69, 0x61, 0x73, 0x41, 0x64, 0x64, 0x00, 0x00, 0x00, 0x00,
    0x02, 0x00, 0x00, 0x00, 0x01, 0x00, 0x00, 0x00, 0x04, 0x00, 0x00, 0x00,
    0x4E, 0xD1, 0xFF, 0xFF, 0x00, 0x00, 0x00, 0x01, 0x18, 0x00, 0x00, 0x00,
    0x20, 0x00, 0x00, 0x00, 0x40, 0x00, 0x00, 0x00, 0x2C, 0x00, 0x00, 0x00,
    0x00, 0x00, 0x00, 0x09, 0x6C, 0x00, 0x00, 0x00, 0x02, 0x00, 0x00, 0x00,
    0xFF, 0xFF, 0xFF, 0xFF, 0x40, 0x00, 0x00, 0x00, 0x34, 0xD1, 0xFF, 0xFF,
    0x08, 0x00, 0x00, 0x00, 0x14, 0x00, 0x00, 0x00, 0x01, 0x00, 0x00, 0x00,
    0xB2, 0xFF, 0xFF, 0xFF, 0xFF, 0xFF, 0xFF, 0xFF, 0x00, 0x00, 0x00, 0x00,
    0x01, 0x00, 0x00, 0x00, 0xB7, 0x35, 0xB3, 0x3C, 0x30, 0x00, 0x00, 0x00,
    0x74, 0x69, 0x6E, 0x79, 0x6D, 0x6F, 0x74, 0x69, 0x6F, 0x6E, 0x5F, 0x63,
    0x6E, 0x6E, 0x5F, 0x31, 0x2F, 0x67, 0x6C, 0x6F, 0x62, 0x61, 0x6C, 0x5F,
    0x61, 0x76, 0x65, 0x72, 0x61, 0x67, 0x65, 0x5F, 0x70, 0x6F, 0x6F, 0x6C,
    0x69, 0x6E, 0x67, 0x31, 0x64, 0x5F, 0x31, 0x2F, 0x4D, 0x65, 0x61, 0x6E,
    0x00, 0x00, 0x00, 0x00, 0x02, 0x00, 0x00, 0x00, 0x01, 0x00, 0x00, 0x00,
    0x40, 0x00, 0x00, 0x00, 0xE2, 0xD1, 0xFF, 0xFF, 0x00, 0x00, 0x00, 0x01,
    0x18, 0x00, 0x00, 0x00, 0x24, 0x00, 0x00, 0x00, 0x44, 0x00, 0x00, 0x00,
    0x2B, 0x00, 0x00, 0x00, 0x00, 0x00, 0x00, 0x09, 0xB8, 0x01, 0x00, 0x00,
    0x03, 0x00, 0x00, 0x00, 0xFF, 0xFF, 0xFF, 0xFF, 0x1F, 0x00, 0x00, 0x00,
    0x40, 0x00, 0x00, 0x00, 0xCC, 0xD1, 0xFF, 0xFF, 0x08, 0x00, 0x00, 0x00,
    0x14, 0x00, 0x00, 0x00, 0x01, 0x00, 0x00, 0x00, 0x9B, 0xFF, 0xFF, 0xFF,
    0xFF, 0xFF, 0xFF, 0xFF, 0x00, 0x00, 0x00, 0x00, 0x01, 0x00, 0x00, 0x00,
    0xD4, 0xA6, 0x27, 0x3D, 0x79, 0x01, 0x00, 0x00, 0x74, 0x69, 0x6E, 0x79,
    0x6D, 0x6F, 0x74, 0x69, 0x6F, 0x6E, 0x5F, 0x63, 0x6E, 0x6E, 0x5F, 0x31,
    0x2F, 0x62, 0x61, 0x74, 0x63, 0x68, 0x5F, 0x6E, 0x6F, 0x72, 0x6D, 0x61,
    0x6C, 0x69, 0x7A, 0x61, 0x74, 0x69, 0x6F, 0x6E, 0x5F, 0x32, 0x5F, 0x31,
    0x2F, 0x62, 0x61, 0x74, 0x63, 0x68, 0x6E, 0x6F, 0x72, 0x6D, 0x2F, 0x61,
    0x64, 0x64, 0x5F, 0x31, 0x3B, 0x74, 0x69, 0x6E, 0x79, 0x6D, 0x6F, 0x74,
    0x69, 0x6F, 0x6E, 0x5F, 0x63, 0x6E, 0x6E, 0x5F, 0x31, 0x2F, 0x63, 0x6F,
    0x6E, 0x76, 0x31, 0x64, 0x5F, 0x32, 0x5F, 0x31, 0x2F, 0x63, 0x6F, 0x6E,
    0x76, 0x6F, 0x6C, 0x75, 0x74, 0x69, 0x6F, 0x6E, 0x2F, 0x53, 0x71, 0x75,
    0x65, 0x65, 0x7A, 0x65, 0x3B, 0x74, 0x69, 0x6E, 0x79, 0x6D, 0x6F, 0x74,
    0x69, 0x6F, 0x6E, 0x5F, 0x63, 0x6E, 0x6E, 0x5F, 0x31, 0x2F, 0x62, 0x61,
    0x74, 0x63, 0x68, 0x5F, 0x6E, 0x6F, 0x72, 0x6D, 0x61, 0x6C, 0x69, 0x7A,
    0x61, 0x74, 0x69, 0x6F, 0x6E, 0x5F, 0x32, 0x5F, 0x31, 0x2F, 0x62, 0x61,
    0x74, 0x63, 0x68, 0x6E, 0x6F, 0x72, 0x6D, 0x2F, 0x6D, 0x75, 0x6C, 0x5F,
    0x31, 0x3B, 0x74, 0x69, 0x6E, 0x79, 0x6D, 0x6F, 0x74, 0x69, 0x6F, 0x6E,
    0x5F, 0x63, 0x6E, 0x6E, 0x5F, 0x31, 0x2F, 0x63, 0x6F, 0x6E, 0x76, 0x31,
    0x64, 0x5F, 0x32, 0x5F, 0x31, 0x2F, 0x52, 0x65, 0x6C, 0x75, 0x3B, 0x74,
    0x69, 0x6E, 0x79, 0x6D, 0x6F, 0x74, 0x69, 0x6F, 0x6E, 0x5F, 0x63, 0x6E,
    0x6E, 0x5F, 0x31, 0x2F, 0x63, 0x6F, 0x6E, 0x76, 0x31, 0x64, 0x5F, 0x32,
    0x5F, 0x31, 0x2F, 0x42, 0x69, 0x61, 0x73, 0x41, 0x64, 0x64, 0x3B, 0x74,
    0x69, 0x6E, 0x79, 0x6D, 0x6F, 0x74, 0x69, 0x6F, 0x6E, 0x5F, 0x63, 0x6E,
    0x6E, 0x5F, 0x31, 0x2F, 0x63, 0x6F, 0x6E, 0x76, 0x31, 0x64, 0x5F, 0x32,
    0x5F, 0x31, 0x2F, 0x53, 0x71, 0x75, 0x65, 0x65, 0x7A, 0x65, 0x3B, 0x74,
    0x69, 0x6E, 0x79, 0x6D, 0x6F, 0x74, 0x69, 0x6F, 0x6E, 0x5F, 0x63, 0x6E,
    0x6E, 0x5F, 0x31, 0x2F, 0x62, 0x61, 0x74, 0x63, 0x68, 0x5F, 0x6E, 0x6F,
    0x72, 0x6D, 0x61, 0x6C, 0x69, 0x7A, 0x61, 0x74, 0x69, 0x6F, 0x6E, 0x5F,
    0x32, 0x5F, 0x31, 0x2F, 0x62, 0x61, 0x74, 0x63, 0x68, 0x6E, 0x6F, 0x72,
    0x6D, 0x2F, 0x6D, 0x75, 0x6C, 0x3B, 0x74, 0x69, 0x6E, 0x79, 0x6D, 0x6F,
    0x74, 0x69, 0x6F, 0x6E, 0x5F, 0x63, 0x6E, 0x6E, 0x5F, 0x31, 0x2F, 0x62,
    0x61, 0x74, 0x63, 0x68, 0x5F, 0x6E, 0x6F, 0x72, 0x6D, 0x61, 0x6C, 0x69,
    0x7A, 0x61, 0x74, 0x69, 0x6F, 0x6E, 0x5F, 0x32, 0x5F, 0x31, 0x2F, 0x62,
    0x61, 0x74, 0x63, 0x68, 0x6E, 0x6F, 0x72, 0x6D, 0x2F, 0x73, 0x75, 0x62,
    0x31, 0x00, 0x00, 0x00, 0x03, 0x00, 0x00, 0x00, 0x01, 0x00, 0x00, 0x00,
    0x1F, 0x00, 0x00, 0x00, 0x40, 0x00, 0x00, 0x00, 0xC6, 0xD3, 0xFF, 0xFF,
    0x00, 0x00, 0x00, 0x01, 0x18, 0x00, 0x00, 0x00, 0x28, 0x00, 0x00, 0x00,
    0x44, 0x00, 0x00, 0x00, 0x2A, 0x00, 0x00, 0x00, 0x00, 0x00, 0x00, 0x09,
    0xB8, 0x01, 0x00, 0x00, 0x04, 0x00, 0x00, 0x00, 0xFF, 0xFF, 0xFF, 0xFF,
    0x01, 0x00, 0x00, 0x00, 0x1F, 0x00, 0x00, 0x00, 0x40, 0x00, 0x00, 0x00,
    0xB4, 0xD3, 0xFF, 0xFF, 0x08, 0x00, 0x00, 0x00, 0x10, 0x00, 0x00, 0x00,
    0x01, 0x00, 0x00, 0x00, 0x9B, 0xFF, 0xFF, 0xFF, 0xFF, 0xFF, 0xFF, 0xFF,
    0x01, 0x00, 0x00, 0x00, 0xD4, 0xA6, 0x27, 0x3D, 0x78, 0x01, 0x00, 0x00,
    0x74, 0x69, 0x6E, 0x79, 0x6D, 0x6F, 0x74, 0x69, 0x6F, 0x6E, 0x5F, 0x63,
    0x6E, 0x6E, 0x5F, 0x31, 0x2F, 0x62, 0x61, 0x74, 0x63, 0x68, 0x5F, 0x6E,
    0x6F, 0x72, 0x6D, 0x61, 0x6C, 0x69, 0x7A, 0x61, 0x74, 0x69, 0x6F, 0x6E,
    0x5F, 0x32, 0x5F, 0x31, 0x2F, 0x62, 0x61, 0x74, 0x63, 0x68, 0x6E, 0x6F,
    0x72, 0x6D, 0x2F, 0x61, 0x64, 0x64, 0x5F, 0x31, 0x3B, 0x74, 0x69, 0x6E,
    0x79, 0x6D, 0x6F, 0x74, 0x69, 0x6F, 0x6E, 0x5F, 0x63, 0x6E, 0x6E, 0x5F,
    0x31, 0x2F, 0x63, 0x6F, 0x6E, 0x76, 0x31, 0x64, 0x5F, 0x32, 0x5F, 0x31,
    0x2F, 0x63, 0x6F, 0x6E, 0x76, 0x6F, 0x6C, 0x75, 0x74, 0x69, 0x6F, 0x6E,
    0x2F, 0x53, 0x71, 0x75, 0x65, 0x65, 0x7A, 0x65, 0x3B, 0x74, 0x69, 0x6E,
    0x79, 0x6D, 0x6F, 0x74, 0x69, 0x6F, 0x6E, 0x5F, 0x63, 0x6E, 0x6E, 0x5F,
    0x31, 0x2F, 0x62, 0x61, 0x74, 0x63, 0x68, 0x5F, 0x6E, 0x6F, 0x72, 0x6D,
    0x61, 0x6C, 0x69, 0x7A, 0x61, 0x74, 0x69, 0x6F, 0x6E, 0x5F, 0x32, 0x5F,
    0x31, 0x2F, 0x62, 0x61, 0x74, 0x63, 0x68, 0x6E, 0x6F, 0x72, 0x6D, 0x2F,
    0x6D, 0x75, 0x6C, 0x5F, 0x31, 0x3B, 0x74, 0x69, 0x6E, 0x79, 0x6D, 0x6F,
    0x74, 0x69, 0x6F, 0x6E, 0x5F, 0x63, 0x6E, 0x6E, 0x5F, 0x31, 0x2F, 0x63,
    0x6F, 0x6E, 0x76, 0x31, 0x64, 0x5F, 0x32, 0x5F, 0x31, 0x2F, 0x52, 0x65,
    0x6C, 0x75, 0x3B, 0x74, 0x69, 0x6E, 0x79, 0x6D, 0x6F, 0x74, 0x69, 0x6F,
    0x6E, 0x5F, 0x63, 0x6E, 0x6E, 0x5F, 0x31, 0x2F, 0x63, 0x6F, 0x6E, 0x76,
    0x31, 0x64, 0x5F, 0x32, 0x5F, 0x31, 0x2F, 0x42, 0x69, 0x61, 0x73, 0x41,
    0x64, 0x64, 0x3B, 0x74, 0x69, 0x6E, 0x79, 0x6D, 0x6F, 0x74, 0x69, 0x6F,
    0x6E, 0x5F, 0x63, 0x6E, 0x6E, 0x5F, 0x31, 0x2F, 0x63, 0x6F, 0x6E, 0x76,
    0x31, 0x64, 0x5F, 0x32, 0x5F, 0x31, 0x2F, 0x53, 0x71, 0x75, 0x65, 0x65,
    0x7A, 0x65, 0x3B, 0x74, 0x69, 0x6E, 0x79, 0x6D, 0x6F, 0x74, 0x69, 0x6F,
    0x6E, 0x5F, 0x63, 0x6E, 0x6E, 0x5F, 0x31, 0x2F, 0x62, 0x61, 0x74, 0x63,
    0x68, 0x5F, 0x6E, 0x6F, 0x72, 0x6D, 0x61, 0x6C, 0x69, 0x7A, 0x61, 0x74,
    0x69, 0x6F, 0x6E, 0x5F, 0x32, 0x5F, 0x31, 0x2F, 0x62, 0x61, 0x74, 0x63,
    0x68, 0x6E, 0x6F, 0x72, 0x6D, 0x2F, 0x6D, 0x75, 0x6C, 0x3B, 0x74, 0x69,
    0x6E, 0x79, 0x6D, 0x6F, 0x74, 0x69, 0x6F, 0x6E, 0x5F, 0x63, 0x6E, 0x6E,
    0x5F, 0x31, 0x2F, 0x62, 0x61, 0x74, 0x63, 0x68, 0x5F, 0x6E, 0x6F, 0x72,
    0x6D, 0x61, 0x6C, 0x69, 0x7A, 0x61, 0x74, 0x69, 0x6F, 0x6E, 0x5F, 0x32,
    0x5F, 0x31, 0x2F, 0x62, 0x61, 0x74, 0x63, 0x68, 0x6E, 0x6F, 0x72, 0x6D,
    0x2F, 0x73, 0x75, 0x62, 0x00, 0x00, 0x00, 0x00, 0x04, 0x00, 0x00, 0x00,
    0x01, 0x00, 0x00, 0x00, 0x01, 0x00, 0x00, 0x00, 0x1F, 0x00, 0x00, 0x00,
    0x40, 0x00, 0x00, 0x00, 0xAE, 0xD5, 0xFF, 0xFF, 0x00, 0x00, 0x00, 0x01,
    0x18, 0x00, 0x00, 0x00, 0x28, 0x00, 0x00, 0x00, 0x44, 0x00, 0x00, 0x00,
    0x29, 0x00, 0x00, 0x00, 0x00, 0x00, 0x00, 0x09, 0x48, 0x01, 0x00, 0x00,
    0x04, 0x00, 0x00, 0x00, 0xFF, 0xFF, 0xFF, 0xFF, 0x01, 0x00, 0x00, 0x00,
    0x1F, 0x00, 0x00, 0x00, 0x40, 0x00, 0x00, 0x00, 0x9C, 0xD5, 0xFF, 0xFF,
    0x08, 0x00, 0x00, 0x00, 0x10, 0x00, 0x00, 0x00, 0x01, 0x00, 0x00, 0x00,
    0x99, 0xFF, 0xFF, 0xFF, 0xFF, 0xFF, 0xFF, 0xFF, 0x01, 0x00, 0x00, 0x00,
    0x30, 0x5F, 0x32, 0x3D, 0x08, 0x01, 0x00, 0x00, 0x74, 0x69, 0x6E, 0x79,
    0x6D, 0x6F, 0x74, 0x69, 0x6F, 0x6E, 0x5F, 0x63, 0x6E, 0x6E, 0x5F, 0x31,
    0x2F, 0x62, 0x61, 0x74, 0x63, 0x68, 0x5F, 0x6E, 0x6F, 0x72, 0x6D, 0x61,
    0x6C, 0x69, 0x7A, 0x61, 0x74, 0x69, 0x6F, 0x6E, 0x5F, 0x32, 0x5F, 0x31,
    0x2F, 0x62, 0x61, 0x74, 0x63, 0x68, 0x6E, 0x6F, 0x72, 0x6D, 0x2F, 0x6D,
    0x75, 0x6C, 0x5F, 0x31, 0x3B, 0x74, 0x69, 0x6E, 0x79, 0x6D, 0x6F, 0x74,
    0x69, 0x6F, 0x6E, 0x5F, 0x63, 0x6E, 0x6E, 0x5F, 0x31, 0x2F, 0x63, 0x6F,
    0x6E, 0x76, 0x31, 0x64, 0x5F, 0x32, 0x5F, 0x31, 0x2F, 0x63, 0x6F, 0x6E,
    0x76, 0x6F, 0x6C, 0x75, 0x74, 0x69, 0x6F, 0x6E, 0x2F, 0x53, 0x71, 0x75,
    0x65, 0x65, 0x7A, 0x65, 0x3B, 0x74, 0x69, 0x6E, 0x79, 0x6D, 0x6F, 0x74,
    0x69, 0x6F, 0x6E, 0x5F, 0x63, 0x6E, 0x6E, 0x5F, 0x31, 0x2F, 0x63, 0x6F,
    0x6E, 0x76, 0x31, 0x64, 0x5F, 0x32, 0x5F, 0x31, 0x2F, 0x52, 0x65, 0x6C,
    0x75, 0x3B, 0x74, 0x69, 0x6E, 0x79, 0x6D, 0x6F, 0x74, 0x69, 0x6F, 0x6E,
    0x5F, 0x63, 0x6E, 0x6E, 0x5F, 0x31, 0x2F, 0x63, 0x6F, 0x6E, 0x76, 0x31,
    0x64, 0x5F, 0x32, 0x5F, 0x31, 0x2F, 0x42, 0x69, 0x61, 0x73, 0x41, 0x64,
    0x64, 0x3B, 0x74, 0x69, 0x6E, 0x79, 0x6D, 0x6F, 0x74, 0x69, 0x6F, 0x6E,
    0x5F, 0x63, 0x6E, 0x6E, 0x5F, 0x31, 0x2F, 0x63, 0x6F, 0x6E, 0x76, 0x31,
    0x64, 0x5F, 0x32, 0x5F, 0x31, 0x2F, 0x53, 0x71, 0x75, 0x65, 0x65, 0x7A,
    0x65, 0x3B, 0x74, 0x69, 0x6E, 0x79, 0x6D, 0x6F, 0x74, 0x69, 0x6F, 0x6E,
    0x5F, 0x63, 0x6E, 0x6E, 0x5F, 0x31, 0x2F, 0x62, 0x61, 0x74, 0x63, 0x68,
    0x5F, 0x6E, 0x6F, 0x72, 0x6D, 0x61, 0x6C, 0x69, 0x7A, 0x61, 0x74, 0x69,
    0x6F, 0x6E, 0x5F, 0x32, 0x5F, 0x31, 0x2F, 0x62, 0x61, 0x74, 0x63, 0x68,
    0x6E, 0x6F, 0x72, 0x6D, 0x2F, 0x6D, 0x75, 0x6C, 0x00, 0x00, 0x00, 0x00,
    0x04, 0x00, 0x00, 0x00, 0x01, 0x00, 0x00, 0x00, 0x01, 0x00, 0x00, 0x00,
    0x1F, 0x00, 0x00, 0x00, 0x40, 0x00, 0x00, 0x00, 0x26, 0xD7, 0xFF, 0xFF,
    0x00, 0x00, 0x00, 0x01, 0x18, 0x00, 0x00, 0x00, 0x28, 0x00, 0x00, 0x00,
    0x44, 0x00, 0x00, 0x00, 0x28, 0x00, 0x00, 0x00, 0x00, 0x00, 0x00, 0x09,
    0x00, 0x01, 0x00, 0x00, 0x04, 0x00, 0x00, 0x00, 0xFF, 0xFF, 0xFF, 0xFF,
    0x01, 0x00, 0x00, 0x00, 0x1F, 0x00, 0x00, 0x00, 0x40, 0x00, 0x00, 0x00,
    0x14, 0xD7, 0xFF, 0xFF, 0x08, 0x00, 0x00, 0x00, 0x10, 0x00, 0x00, 0x00,
    0x01, 0x00, 0x00, 0x00, 0x80, 0xFF, 0xFF, 0xFF, 0xFF, 0xFF, 0xFF, 0xFF,
    0x01, 0x00, 0x00, 0x00, 0x0A, 0xBC, 0x20, 0x3D, 0xC1, 0x00, 0x00, 0x00,
    0x74, 0x69, 0x6E, 0x79, 0x6D, 0x6F, 0x74, 0x69, 0x6F, 0x6E, 0x5F, 0x63,
    0x6E, 0x6E, 0x5F, 0x31, 0x2F, 0x63, 0x6F, 0x6E, 0x76, 0x31, 0x64, 0x5F,
    0x32, 0x5F, 0x31, 0x2F, 0x52, 0x65, 0x6C, 0x75, 0x3B, 0x74, 0x69, 0x6E,
    0x79, 0x6D, 0x6F, 0x74, 0x69, 0x6F, 0x6E, 0x5F, 0x63, 0x6E, 0x6E, 0x5F,
    0x31, 0x2F, 0x63, 0x6F, 0x6E, 0x76, 0x31, 0x64, 0x5F, 0x32, 0x5F, 0x31,
    0x2F, 0x42, 0x69, 0x61, 0x73, 0x41, 0x64, 0x64, 0x3B, 0x74, 0x69, 0x6E,
    0x79, 0x6D, 0x6F, 0x74, 0x69, 0x6F, 0x6E, 0x5F, 0x63, 0x6E, 0x6E, 0x5F,
    0x31, 0x2F, 0x63, 0x6F, 0x6E, 0x76, 0x31, 0x64, 0x5F, 0x32, 0x5F, 0x31,
    0x2F, 0x63, 0x6F, 0x6E, 0x76, 0x6F, 0x6C, 0x75, 0x74, 0x69, 0x6F, 0x6E,
    0x2F, 0x53, 0x71, 0x75, 0x65, 0x65, 0x7A, 0x65, 0x3B, 0x74, 0x69, 0x6E,
    0x79, 0x6D, 0x6F, 0x74, 0x69, 0x6F, 0x6E, 0x5F, 0x63, 0x6E, 0x6E, 0x5F,
    0x31, 0x2F, 0x63, 0x6F, 0x6E, 0x76, 0x31, 0x64, 0x5F, 0x32, 0x5F, 0x31,
    0x2F, 0x53, 0x71, 0x75, 0x65, 0x65, 0x7A, 0x65, 0x3B, 0x74, 0x69, 0x6E,
    0x79, 0x6D, 0x6F, 0x74, 0x69, 0x6F, 0x6E, 0x5F, 0x63, 0x6E, 0x6E, 0x5F,
    0x31, 0x2F, 0x63, 0x6F, 0x6E, 0x76, 0x31, 0x64, 0x5F, 0x32, 0x5F, 0x31,
    0x2F, 0x63, 0x6F, 0x6E, 0x76, 0x6F, 0x6C, 0x75, 0x74, 0x69, 0x6F, 0x6E,
    0x31, 0x00, 0x00, 0x00, 0x04, 0x00, 0x00, 0x00, 0x01, 0x00, 0x00, 0x00,
    0x01, 0x00, 0x00, 0x00, 0x1F, 0x00, 0x00, 0x00, 0x40, 0x00, 0x00, 0x00,
    0x56, 0xD8, 0xFF, 0xFF, 0x00, 0x00, 0x00, 0x01, 0x18, 0x00, 0x00, 0x00,
    0x28, 0x00, 0x00, 0x00, 0x48, 0x00, 0x00, 0x00, 0x27, 0x00, 0x00, 0x00,
    0x00, 0x00, 0x00, 0x09, 0x74, 0x00, 0x00, 0x00, 0x04, 0x00, 0x00, 0x00,
    0xFF, 0xFF, 0xFF, 0xFF, 0x01, 0x00, 0x00, 0x00, 0x1F, 0x00, 0x00, 0x00,
    0x20, 0x00, 0x00, 0x00, 0x44, 0xD8, 0xFF, 0xFF, 0x08, 0x00, 0x00, 0x00,
    0x14, 0x00, 0x00, 0x00, 0x01, 0x00, 0x00, 0x00, 0x96, 0xFF, 0xFF, 0xFF,
    0xFF, 0xFF, 0xFF, 0xFF, 0x00, 0x00, 0x00, 0x00, 0x01, 0x00, 0x00, 0x00,
    0x76, 0x12, 0x14, 0x3D, 0x32, 0x00, 0x00, 0x00, 0x74, 0x69, 0x6E, 0x79,
    0x6D, 0x6F, 0x74, 0x69, 0x6F, 0x6E, 0x5F, 0x63, 0x6E, 0x6E, 0x5F, 0x31,
    0x2F, 0x63, 0x6F, 0x6E, 0x76, 0x31, 0x64, 0x5F, 0x32, 0x5F, 0x31, 0x2F,
    0x63, 0x6F, 0x6E, 0x76, 0x6F, 0x6C, 0x75, 0x74, 0x69, 0x6F, 0x6E, 0x2F,
    0x45, 0x78, 0x70, 0x61, 0x6E, 0x64, 0x44, 0x69, 0x6D, 0x73, 0x00, 0x00,
    0x04, 0x00, 0x00, 0x00, 0x01, 0x00, 0x00, 0x00, 0x01, 0x00, 0x00, 0x00,
    0x1F, 0x00, 0x00, 0x00, 0x20, 0x00, 0x00, 0x00, 0xFA, 0xD8, 0xFF, 0xFF,
    0x00, 0x00, 0x00, 0x01, 0x18, 0x00, 0x00, 0x00, 0x24, 0x00, 0x00, 0x00,
    0x40, 0x00, 0x00, 0x00, 0x26, 0x00, 0x00, 0x00, 0x00, 0x00, 0x00, 0x09,
    0x70, 0x00, 0x00, 0x00, 0x03, 0x00, 0x00, 0x00, 0xFF, 0xFF, 0xFF, 0xFF,
    0x1F, 0x00, 0x00, 0x00, 0x20, 0x00, 0x00, 0x00, 0xE4, 0xD8, 0xFF, 0xFF,
    0x08, 0x00, 0x00, 0x00, 0x10, 0x00, 0x00, 0x00, 0x01, 0x00, 0x00, 0x00,
    0x96, 0xFF, 0xFF, 0xFF, 0xFF, 0xFF, 0xFF, 0xFF, 0x01, 0x00, 0x00, 0x00,
    0x76, 0x12, 0x14, 0x3D, 0x35, 0x00, 0x00, 0x00, 0x74, 0x69, 0x6E, 0x79,
    0x6D, 0x6F, 0x74, 0x69, 0x6F, 0x6E, 0x5F, 0x63, 0x6E, 0x6E, 0x5F, 0x31,
    0x2F, 0x6D, 0x61, 0x78, 0x5F, 0x70, 0x6F, 0x6F, 0x6C, 0x69, 0x6E, 0x67,
    0x31, 0x64, 0x5F, 0x31, 0x5F, 0x32, 0x2F, 0x4D, 0x61, 0x78, 0x50, 0x6F,
    0x6F, 0x6C, 0x31, 0x64, 0x2F, 0x53, 0x71, 0x75, 0x65, 0x65, 0x7A, 0x65,
    0x31, 0x00, 0x00, 0x00, 0x03, 0x00, 0x00, 0x00, 0x01, 0x00, 0x00, 0x00,
    0x1F, 0x00, 0x00, 0x00, 0x20, 0x00, 0x00, 0x00, 0x96, 0xD9, 0xFF, 0xFF,
    0x00, 0x00, 0x00, 0x01, 0x18, 0x00, 0x00, 0x00, 0x28, 0x00, 0x00, 0x00,
    0x48, 0x00, 0x00, 0x00, 0x25, 0x00, 0x00, 0x00, 0x00, 0x00, 0x00, 0x09,
    0x70, 0x00, 0x00, 0x00, 0x04, 0x00, 0x00, 0x00, 0xFF, 0xFF, 0xFF, 0xFF,
    0x01, 0x00, 0x00, 0x00, 0x1F, 0x00, 0x00, 0x00, 0x20, 0x00, 0x00, 0x00,
    0x84, 0xD9, 0xFF, 0xFF, 0x08, 0x00, 0x00, 0x00, 0x14, 0x00, 0x00, 0x00,
    0x01, 0x00, 0x00, 0x00, 0x96, 0xFF, 0xFF, 0xFF, 0xFF, 0xFF, 0xFF, 0xFF,
    0x00, 0x00, 0x00, 0x00, 0x01, 0x00, 0x00, 0x00, 0x76, 0x12, 0x14, 0x3D,
    0x2C, 0x00, 0x00, 0x00, 0x74, 0x69, 0x6E, 0x79, 0x6D, 0x6F, 0x74, 0x69,
    0x6F, 0x6E, 0x5F, 0x63, 0x6E, 0x6E, 0x5F, 0x31, 0x2F, 0x6D, 0x61, 0x78,
    0x5F, 0x70, 0x6F, 0x6F, 0x6C, 0x69, 0x6E, 0x67, 0x31, 0x64, 0x5F, 0x31,
    0x5F, 0x32, 0x2F, 0x4D, 0x61, 0x78, 0x50, 0x6F, 0x6F, 0x6C, 0x31, 0x64,
    0x00, 0x00, 0x00, 0x00, 0x04, 0x00, 0x00, 0x00, 0x01, 0x00, 0x00, 0x00,
    0x01, 0x00, 0x00, 0x00, 0x1F, 0x00, 0x00, 0x00, 0x20, 0x00, 0x00, 0x00,
    0x36, 0xDA, 0xFF, 0xFF, 0x00, 0x00, 0x00, 0x01, 0x18, 0x00, 0x00, 0x00,
    0x28, 0x00, 0x00, 0x00, 0x44, 0x00, 0x00, 0x00, 0x24, 0x00, 0x00, 0x00,
    0x00, 0x00, 0x00, 0x09, 0x74, 0x00, 0x00, 0x00, 0x04, 0x00, 0x00, 0x00,
    0xFF, 0xFF, 0xFF, 0xFF, 0x01, 0x00, 0x00, 0x00, 0x3E, 0x00, 0x00, 0x00,
    0x20, 0x00, 0x00, 0x00, 0x24, 0xDA, 0xFF, 0xFF, 0x08, 0x00, 0x00, 0x00,
    0x10, 0x00, 0x00, 0x00, 0x01, 0x00, 0x00, 0x00, 0x96, 0xFF, 0xFF, 0xFF,
    0xFF, 0xFF, 0xFF, 0xFF, 0x01, 0x00, 0x00, 0x00, 0x76, 0x12, 0x14, 0x3D,
    0x37, 0x00, 0x00, 0x00, 0x74, 0x69, 0x6E, 0x79, 0x6D, 0x6F, 0x74, 0x69,
    0x6F, 0x6E, 0x5F, 0x63, 0x6E, 0x6E, 0x5F, 0x31, 0x2F, 0x6D, 0x61, 0x78,
    0x5F, 0x70, 0x6F, 0x6F, 0x6C, 0x69, 0x6E, 0x67, 0x31, 0x64, 0x5F, 0x31,
    0x5F, 0x32, 0x2F, 0x4D, 0x61, 0x78, 0x50, 0x6F, 0x6F, 0x6C, 0x31, 0x64,
    0x2F, 0x45, 0x78, 0x70, 0x61, 0x6E, 0x64, 0x44, 0x69, 0x6D, 0x73, 0x00,
    0x04, 0x00, 0x00, 0x00, 0x01, 0x00, 0x00, 0x00, 0x01, 0x00, 0x00, 0x00,
    0x3E, 0x00, 0x00, 0x00, 0x20, 0x00, 0x00, 0x00, 0xDA, 0xDA, 0xFF, 0xFF,
    0x00, 0x00, 0x00, 0x01, 0x18, 0x00, 0x00, 0x00, 0x24, 0x00, 0x00, 0x00,
    0x44, 0x00, 0x00, 0x00, 0x23, 0x00, 0x00, 0x00, 0x00, 0x00, 0x00, 0x09,
    0xB8, 0x01, 0x00, 0x00, 0x03, 0x00, 0x00, 0x00, 0xFF, 0xFF, 0xFF, 0xFF,
    0x3E, 0x00, 0x00, 0x00, 0x20, 0x00, 0x00, 0x00, 0xC4, 0xDA, 0xFF, 0xFF,
    0x08, 0x00, 0x00, 0x00, 0x14, 0x00, 0x00, 0x00, 0x01, 0x00, 0x00, 0x00,
    0x96, 0xFF, 0xFF, 0xFF, 0xFF, 0xFF, 0xFF, 0xFF, 0x00, 0x00, 0x00, 0x00,
    0x01, 0x00, 0x00, 0x00, 0x76, 0x12, 0x14, 0x3D, 0x79, 0x01, 0x00, 0x00,
    0x74, 0x69, 0x6E, 0x79, 0x6D, 0x6F, 0x74, 0x69, 0x6F, 0x6E, 0x5F, 0x63,
    0x6E, 0x6E, 0x5F, 0x31, 0x2F, 0x62, 0x61, 0x74, 0x63, 0x68, 0x5F, 0x6E,
    0x6F, 0x72, 0x6D, 0x61, 0x6C, 0x69, 0x7A, 0x61, 0x74, 0x69, 0x6F, 0x6E,
    0x5F, 0x31, 0x5F, 0x32, 0x2F, 0x62, 0x61, 0x74, 0x63, 0x68, 0x6E, 0x6F,
    0x72, 0x6D, 0x2F, 0x61, 0x64, 0x64, 0x5F, 0x31, 0x3B, 0x74, 0x69, 0x6E,
    0x79, 0x6D, 0x6F, 0x74, 0x69, 0x6F, 0x6E, 0x5F, 0x63, 0x6E, 0x6E, 0x5F,
    0x31, 0x2F, 0x63, 0x6F, 0x6E, 0x76, 0x31, 0x64, 0x5F, 0x31, 0x5F, 0x32,
    0x2F, 0x63, 0x6F, 0x6E, 0x76, 0x6F, 0x6C, 0x75, 0x74, 0x69, 0x6F, 0x6E,
    0x2F, 0x53, 0x71, 0x75, 0x65, 0x65, 0x7A, 0x65, 0x3B, 0x74, 0x69, 0x6E,
    0x79, 0x6D, 0x6F, 0x74, 0x69, 0x6F, 0x6E, 0x5F, 0x63, 0x6E, 0x6E, 0x5F,
    0x31, 0x2F, 0x62, 0x61, 0x74, 0x63, 0x68, 0x5F, 0x6E, 0x6F, 0x72, 0x6D,
    0x61, 0x6C, 0x69, 0x7A, 0x61, 0x74, 0x69, 0x6F, 0x6E, 0x5F, 0x31, 0x5F,
    0x32, 0x2F, 0x62, 0x61, 0x74, 0x63, 0x68, 0x6E, 0x6F, 0x72, 0x6D, 0x2F,
    0x6D, 0x75, 0x6C, 0x5F, 0x31, 0x3B, 0x74, 0x69, 0x6E, 0x79, 0x6D, 0x6F,
    0x74, 0x69, 0x6F, 0x6E, 0x5F, 0x63, 0x6E, 0x6E, 0x5F, 0x31, 0x2F, 0x63,
    0x6F, 0x6E, 0x76, 0x31, 0x64, 0x5F, 0x31, 0x5F, 0x32, 0x2F, 0x52, 0x65,
    0x6C, 0x75, 0x3B, 0x74, 0x69, 0x6E, 0x79, 0x6D, 0x6F, 0x74, 0x69, 0x6F,
    0x6E, 0x5F, 0x63, 0x6E, 0x6E, 0x5F, 0x31, 0x2F, 0x63, 0x6F, 0x6E, 0x76,
    0x31, 0x64, 0x5F, 0x31, 0x5F, 0x32, 0x2F, 0x42, 0x69, 0x61, 0x73, 0x41,
    0x64, 0x64, 0x3B, 0x74, 0x69, 0x6E, 0x79, 0x6D, 0x6F, 0x74, 0x69, 0x6F,
    0x6E, 0x5F, 0x63, 0x6E, 0x6E, 0x5F, 0x31, 0x2F, 0x63, 0x6F, 0x6E, 0x76,
    0x31, 0x64, 0x5F, 0x31, 0x5F, 0x32, 0x2F, 0x53, 0x71, 0x75, 0x65, 0x65,
    0x7A, 0x65, 0x3B, 0x74, 0x69, 0x6E, 0x79, 0x6D, 0x6F, 0x74, 0x69, 0x6F,
    0x6E, 0x5F, 0x63, 0x6E, 0x6E, 0x5F, 0x31, 0x2F, 0x62, 0x61, 0x74, 0x63,
    0x68, 0x5F, 0x6E, 0x6F, 0x72, 0x6D, 0x61, 0x6C, 0x69, 0x7A, 0x61, 0x74,
    0x69, 0x6F, 0x6E, 0x5F, 0x31, 0x5F, 0x32, 0x2F, 0x62, 0x61, 0x74, 0x63,
    0x68, 0x6E, 0x6F, 0x72, 0x6D, 0x2F, 0x6D, 0x75, 0x6C, 0x3B, 0x74, 0x69,
    0x6E, 0x79, 0x6D, 0x6F, 0x74, 0x69, 0x6F, 0x6E, 0x5F, 0x63, 0x6E, 0x6E,
    0x5F, 0x31, 0x2F, 0x62, 0x61, 0x74, 0x63, 0x68, 0x5F, 0x6E, 0x6F, 0x72,
    0x6D, 0x61, 0x6C, 0x69, 0x7A, 0x61, 0x74, 0x69, 0x6F, 0x6E, 0x5F, 0x31,
    0x5F, 0x32, 0x2F, 0x62, 0x61, 0x74, 0x63, 0x68, 0x6E, 0x6F, 0x72, 0x6D,
    0x2F, 0x73, 0x75, 0x62, 0x31, 0x00, 0x00, 0x00, 0x03, 0x00, 0x00, 0x00,
    0x01, 0x00, 0x00, 0x00, 0x3E, 0x00, 0x00, 0x00, 0x20, 0x00, 0x00, 0x00,
    0xBE, 0xDC, 0xFF, 0xFF, 0x00, 0x00, 0x00, 0x01, 0x18, 0x00, 0x00, 0x00,
    0x28, 0x00, 0x00, 0x00, 0x44, 0x00, 0x00, 0x00, 0x22, 0x00, 0x00, 0x00,
    0x00, 0x00, 0x00, 0x09, 0xB8, 0x01, 0x00, 0x00, 0x04, 0x00, 0x00, 0x00,
    0xFF, 0xFF, 0xFF, 0xFF, 0x01, 0x00, 0x00, 0x00, 0x3E, 0x00, 0x00, 0x00,
    0x20, 0x00, 0x00, 0x00, 0xAC, 0xDC, 0xFF, 0xFF, 0x08, 0x00, 0x00, 0x00,
    0x10, 0x00, 0x00, 0x00, 0x01, 0x00, 0x00, 0x00, 0x96, 0xFF, 0xFF, 0xFF,
    0xFF, 0xFF, 0xFF, 0xFF, 0x01, 0x00, 0x00, 0x00, 0x76, 0x12, 0x14, 0x3D,
    0x78, 0x01, 0x00, 0x00, 0x74, 0x69, 0x6E, 0x79, 0x6D, 0x6F, 0x74, 0x69,
    0x6F, 0x6E, 0x5F, 0x63, 0x6E, 0x6E, 0x5F, 0x31, 0x2F, 0x62, 0x61, 0x74,
    0x63, 0x68, 0x5F, 0x6E, 0x6F, 0x72, 0x6D, 0x61, 0x6C, 0x69, 0x7A, 0x61,
    0x74, 0x69, 0x6F, 0x6E, 0x5F, 0x31, 0x5F, 0x32, 0x2F, 0x62, 0x61, 0x74,
    0x63, 0x68, 0x6E, 0x6F, 0x72, 0x6D, 0x2F, 0x61, 0x64, 0x64, 0x5F, 0x31,
    0x3B, 0x74, 0x69, 0x6E, 0x79, 0x6D, 0x6F, 0x74, 0x69, 0x6F, 0x6E, 0x5F,
    0x63, 0x6E, 0x6E, 0x5F, 0x31, 0x2F, 0x63, 0x6F, 0x6E, 0x76, 0x31, 0x64,
    0x5F, 0x31, 0x5F, 0x32, 0x2F, 0x63, 0x6F, 0x6E, 0x76, 0x6F, 0x6C, 0x75,
    0x74, 0x69, 0x6F, 0x6E, 0x2F, 0x53, 0x71, 0x75, 0x65, 0x65, 0x7A, 0x65,
    0x3B, 0x74, 0x69, 0x6E, 0x79, 0x6D, 0x6F, 0x74, 0x69, 0x6F, 0x6E, 0x5F,
    0x63, 0x6E, 0x6E, 0x5F, 0x31, 0x2F, 0x62, 0x61, 0x74, 0x63, 0x68, 0x5F,
    0x6E, 0x6F, 0x72, 0x6D, 0x61, 0x6C, 0x69, 0x7A, 0x61, 0x74, 0x69, 0x6F,
    0x6E, 0x5F, 0x31, 0x5F, 0x32, 0x2F, 0x62, 0x61, 0x74, 0x63, 0x68, 0x6E,
    0x6F, 0x72, 0x6D, 0x2F, 0x6D, 0x75, 0x6C, 0x5F, 0x31, 0x3B, 0x74, 0x69,
    0x6E, 0x79, 0x6D, 0x6F, 0x74, 0x69, 0x6F, 0x6E, 0x5F, 0x63, 0x6E, 0x6E,
    0x5F, 0x31, 0x2F, 0x63, 0x6F, 0x6E, 0x76, 0x31, 0x64, 0x5F, 0x31, 0x5F,
    0x32, 0x2F, 0x52, 0x65, 0x6C, 0x75, 0x3B, 0x74, 0x69, 0x6E, 0x79, 0x6D,
    0x6F, 0x74, 0x69, 0x6F, 0x6E, 0x5F, 0x63, 0x6E, 0x6E, 0x5F, 0x31, 0x2F,
    0x63, 0x6F, 0x6E, 0x76, 0x31, 0x64, 0x5F, 0x31, 0x5F, 0x32, 0x2F, 0x42,
    0x69, 0x61, 0x73, 0x41, 0x64, 0x64, 0x3B, 0x74, 0x69, 0x6E, 0x79, 0x6D,
    0x6F, 0x74, 0x69, 0x6F, 0x6E, 0x5F, 0x63, 0x6E, 0x6E, 0x5F, 0x31, 0x2F,
    0x63, 0x6F, 0x6E, 0x76, 0x31, 0x64, 0x5F, 0x31, 0x5F, 0x32, 0x2F, 0x53,
    0x71, 0x75, 0x65, 0x65, 0x7A, 0x65, 0x3B, 0x74, 0x69, 0x6E, 0x79, 0x6D,
    0x6F, 0x74, 0x69, 0x6F, 0x6E, 0x5F, 0x63, 0x6E, 0x6E, 0x5F, 0x31, 0x2F,
    0x62, 0x61, 0x74, 0x63, 0x68, 0x5F, 0x6E, 0x6F, 0x72, 0x6D, 0x61, 0x6C,
    0x69, 0x7A, 0x61, 0x74, 0x69, 0x6F, 0x6E, 0x5F, 0x31, 0x5F, 0x32, 0x2F,
    0x62, 0x61, 0x74, 0x63, 0x68, 0x6E, 0x6F, 0x72, 0x6D, 0x2F, 0x6D, 0x75,
    0x6C, 0x3B, 0x74, 0x69, 0x6E, 0x79, 0x6D, 0x6F, 0x74, 0x69, 0x6F, 0x6E,
    0x5F, 0x63, 0x6E, 0x6E, 0x5F, 0x31, 0x2F, 0x62, 0x61, 0x74, 0x63, 0x68,
    0x5F, 0x6E, 0x6F, 0x72, 0x6D, 0x61, 0x6C, 0x69, 0x7A, 0x61, 0x74, 0x69,
    0x6F, 0x6E, 0x5F, 0x31, 0x5F, 0x32, 0x2F, 0x62, 0x61, 0x74, 0x63, 0x68,
    0x6E, 0x6F, 0x72, 0x6D, 0x2F, 0x73, 0x75, 0x62, 0x00, 0x00, 0x00, 0x00,
    0x04, 0x00, 0x00, 0x00, 0x01, 0x00, 0x00, 0x00, 0x01, 0x00, 0x00, 0x00,
    0x3E, 0x00, 0x00, 0x00, 0x20, 0x00, 0x00, 0x00, 0xA6, 0xDE, 0xFF, 0xFF,
    0x00, 0x00, 0x00, 0x01, 0x18, 0x00, 0x00, 0x00, 0x28, 0x00, 0x00, 0x00,
    0x44, 0x00, 0x00, 0x00, 0x21, 0x00, 0x00, 0x00, 0x00, 0x00, 0x00, 0x09,
    0x48, 0x01, 0x00, 0x00, 0x04, 0x00, 0x00, 0x00, 0xFF, 0xFF, 0xFF, 0xFF,
    0x01, 0x00, 0x00, 0x00, 0x3E, 0x00, 0x00, 0x00, 0x20, 0x00, 0x00, 0x00,
    0x94, 0xDE, 0xFF, 0xFF, 0x08, 0x00, 0x00, 0x00, 0x10, 0x00, 0x00, 0x00,
    0x01, 0x00, 0x00, 0x00, 0x95, 0xFF, 0xFF, 0xFF, 0xFF, 0xFF, 0xFF, 0xFF,
    0x01, 0x00, 0x00, 0x00, 0x1A, 0xC4, 0x1D, 0x3D, 0x08, 0x01, 0x00, 0x00,
    0x74, 0x69, 0x6E, 0x79, 0x6D, 0x6F, 0x74, 0x69, 0x6F, 0x6E, 0x5F, 0x63,
    0x6E, 0x6E, 0x5F, 0x31, 0x2F, 0x62, 0x61, 0x74, 0x63, 0x68, 0x5F, 0x6E,
    0x6F, 0x72, 0x6D, 0x61, 0x6C, 0x69, 0x7A, 0x61, 0x74, 0x69, 0x6F, 0x6E,
    0x5F, 0x31, 0x5F, 0x32, 0x2F, 0x62, 0x61, 0x74, 0x63, 0x68, 0x6E, 0x6F,
    0x72, 0x6D, 0x2F, 0x6D, 0x75, 0x6C, 0x5F, 0x31, 0x3B, 0x74, 0x69, 0x6E,
    0x79, 0x6D, 0x6F, 0x74, 0x69, 0x6F, 0x6E, 0x5F, 0x63, 0x6E, 0x6E, 0x5F,
    0x31, 0x2F, 0x63, 0x6F, 0x6E, 0x76, 0x31, 0x64, 0x5F, 0x31, 0x5F, 0x32,
    0x2F, 0x63, 0x6F, 0x6E, 0x76, 0x6F, 0x6C, 0x75, 0x74, 0x69, 0x6F, 0x6E,
    0x2F, 0x53, 0x71, 0x75, 0x65, 0x65, 0x7A, 0x65, 0x3B, 0x74, 0x69, 0x6E,
    0x79, 0x6D, 0x6F, 0x74, 0x69, 0x6F, 0x6E, 0x5F, 0x63, 0x6E, 0x6E, 0x5F,
    0x31, 0x2F, 0x63, 0x6F, 0x6E, 0x76, 0x31, 0x64, 0x5F, 0x31, 0x5F, 0x32,
    0x2F, 0x52, 0x65, 0x6C, 0x75, 0x3B, 0x74, 0x69, 0x6E, 0x79, 0x6D, 0x6F,
    0x74, 0x69, 0x6F, 0x6E, 0x5F, 0x63, 0x6E, 0x6E, 0x5F, 0x31, 0x2F, 0x63,
    0x6F, 0x6E, 0x76, 0x31, 0x64, 0x5F, 0x31, 0x5F, 0x32, 0x2F, 0x42, 0x69,
    0x61, 0x73, 0x41, 0x64, 0x64, 0x3B, 0x74, 0x69, 0x6E, 0x79, 0x6D, 0x6F,
    0x74, 0x69, 0x6F, 0x6E, 0x5F, 0x63, 0x6E, 0x6E, 0x5F, 0x31, 0x2F, 0x63,
    0x6F, 0x6E, 0x76, 0x31, 0x64, 0x5F, 0x31, 0x5F, 0x32, 0x2F, 0x53, 0x71,
    0x75, 0x65, 0x65, 0x7A, 0x65, 0x3B, 0x74, 0x69, 0x6E, 0x79, 0x6D, 0x6F,
    0x74, 0x69, 0x6F, 0x6E, 0x5F, 0x63, 0x6E, 0x6E, 0x5F, 0x31, 0x2F, 0x62,
    0x61, 0x74, 0x63, 0x68, 0x5F, 0x6E, 0x6F, 0x72, 0x6D, 0x61, 0x6C, 0x69,
    0x7A, 0x61, 0x74, 0x69, 0x6F, 0x6E, 0x5F, 0x31, 0x5F, 0x32, 0x2F, 0x62,
    0x61, 0x74, 0x63, 0x68, 0x6E, 0x6F, 0x72, 0x6D, 0x2F, 0x6D, 0x75, 0x6C,
    0x00, 0x00, 0x00, 0x00, 0x04, 0x00, 0x00, 0x00, 0x01, 0x00, 0x00, 0x00,
    0x01, 0x00, 0x00, 0x00, 0x3E, 0x00, 0x00, 0x00, 0x20, 0x00, 0x00, 0x00,
    0x1E, 0xE0, 0xFF, 0xFF, 0x00, 0x00, 0x00, 0x01, 0x18, 0x00, 0x00, 0x00,
    0x28, 0x00, 0x00, 0x00, 0x44, 0x00, 0x00, 0x00, 0x20, 0x00, 0x00, 0x00,
    0x00, 0x00, 0x00, 0x09, 0x00, 0x01, 0x00, 0x00, 0x04, 0x00, 0x00, 0x00,
    0xFF, 0xFF, 0xFF, 0xFF, 0x01, 0x00, 0x00, 0x00, 0x3E, 0x00, 0x00, 0x00,
    0x20, 0x00, 0x00, 0x00, 0x0C, 0xE0, 0xFF, 0xFF, 0x08, 0x00, 0x00, 0x00,
    0x10, 0x00, 0x00, 0x00, 0x01, 0x00, 0x00, 0x00, 0x80, 0xFF, 0xFF, 0xFF,
    0xFF, 0xFF, 0xFF, 0xFF, 0x01, 0x00, 0x00, 0x00, 0xC5, 0xE1, 0x10, 0x3D,
    0xC1, 0x00, 0x00, 0x00, 0x74, 0x69, 0x6E, 0x79, 0x6D, 0x6F, 0x74, 0x69,
    0x6F, 0x6E, 0x5F, 0x63, 0x6E, 0x6E, 0x5F, 0x31, 0x2F, 0x63, 0x6F, 0x6E,
    0x76, 0x31, 0x64, 0x5F, 0x31, 0x5F, 0x32, 0x2F, 0x52, 0x65, 0x6C, 0x75,
    0x3B, 0x74, 0x69, 0x6E, 0x79, 0x6D, 0x6F, 0x74, 0x69, 0x6F, 0x6E, 0x5F,
    0x63, 0x6E, 0x6E, 0x5F, 0x31, 0x2F, 0x63, 0x6F, 0x6E, 0x76, 0x31, 0x64,
    0x5F, 0x31, 0x5F, 0x32, 0x2F, 0x42, 0x69, 0x61, 0x73, 0x41, 0x64, 0x64,
    0x3B, 0x74, 0x69, 0x6E, 0x79, 0x6D, 0x6F, 0x74, 0x69, 0x6F, 0x6E, 0x5F,
    0x63, 0x6E, 0x6E, 0x5F, 0x31, 0x2F, 0x63, 0x6F, 0x6E, 0x76, 0x31, 0x64,
    0x5F, 0x31, 0x5F, 0x32, 0x2F, 0x63, 0x6F, 0x6E, 0x76, 0x6F, 0x6C, 0x75,
    0x74, 0x69, 0x6F, 0x6E, 0x2F, 0x53, 0x71, 0x75, 0x65, 0x65, 0x7A, 0x65,
    0x3B, 0x74, 0x69, 0x6E, 0x79, 0x6D, 0x6F, 0x74, 0x69, 0x6F, 0x6E, 0x5F,
    0x63, 0x6E, 0x6E, 0x5F, 0x31, 0x2F, 0x63, 0x6F, 0x6E, 0x76, 0x31, 0x64,
    0x5F, 0x31, 0x5F, 0x32, 0x2F, 0x53, 0x71, 0x75, 0x65, 0x65, 0x7A, 0x65,
    0x3B, 0x74, 0x69, 0x6E, 0x79, 0x6D, 0x6F, 0x74, 0x69, 0x6F, 0x6E, 0x5F,
    0x63, 0x6E, 0x6E, 0x5F, 0x31, 0x2F, 0x63, 0x6F, 0x6E, 0x76, 0x31, 0x64,
    0x5F, 0x31, 0x5F, 0x32, 0x2F, 0x63, 0x6F, 0x6E, 0x76, 0x6F, 0x6C, 0x75,
    0x74, 0x69, 0x6F, 0x6E, 0x31, 0x00, 0x00, 0x00, 0x04, 0x00, 0x00, 0x00,
    0x01, 0x00, 0x00, 0x00, 0x01, 0x00, 0x00, 0x00, 0x3E, 0x00, 0x00, 0x00,
    0x20, 0x00, 0x00, 0x00, 0x4E, 0xE1, 0xFF, 0xFF, 0x00, 0x00, 0x00, 0x01,
    0x18, 0x00, 0x00, 0x00, 0x28, 0x00, 0x00, 0x00, 0x48, 0x00, 0x00, 0x00,
    0x1F, 0x00, 0x00, 0x00, 0x00, 0x00, 0x00, 0x09, 0x74, 0x00, 0x00, 0x00,
    0x04, 0x00, 0x00, 0x00, 0xFF, 0xFF, 0xFF, 0xFF, 0x01, 0x00, 0x00, 0x00,
    0x3E, 0x00, 0x00, 0x00, 0x10, 0x00, 0x00, 0x00, 0x3C, 0xE1, 0xFF, 0xFF,
    0x08, 0x00, 0x00, 0x00, 0x14, 0x00, 0x00, 0x00, 0x01, 0x00, 0x00, 0x00,
    0x97, 0xFF, 0xFF, 0xFF, 0xFF, 0xFF, 0xFF, 0xFF, 0x00, 0x00, 0x00, 0x00,
    0x01, 0x00, 0x00, 0x00, 0x9B, 0x92, 0x1F, 0x3D, 0x32, 0x00, 0x00, 0x00,
    0x74, 0x69, 0x6E, 0x79, 0x6D, 0x6F, 0x74, 0x69, 0x6F, 0x6E, 0x5F, 0x63,
    0x6E, 0x6E, 0x5F, 0x31, 0x2F, 0x63, 0x6F, 0x6E, 0x76, 0x31, 0x64, 0x5F,
    0x31, 0x5F, 0x32, 0x2F, 0x63, 0x6F, 0x6E, 0x76, 0x6F, 0x6C, 0x75, 0x74,
    0x69, 0x6F, 0x6E, 0x2F, 0x45, 0x78, 0x70, 0x61, 0x6E, 0x64, 0x44, 0x69,
    0x6D, 0x73, 0x00, 0x00, 0x04, 0x00, 0x00, 0x00, 0x01, 0x00, 0x00, 0x00,
    0x01, 0x00, 0x00, 0x00, 0x3E, 0x00, 0x00, 0x00, 0x10, 0x00, 0x00, 0x00,
    0xF2, 0xE1, 0xFF, 0xFF, 0x00, 0x00, 0x00, 0x01, 0x18, 0x00, 0x00, 0x00,
    0x24, 0x00, 0x00, 0x00, 0x44, 0x00, 0x00, 0x00, 0x1E, 0x00, 0x00, 0x00,
    0x00, 0x00, 0x00, 0x09, 0x70, 0x00, 0x00, 0x00, 0x03, 0x00, 0x00, 0x00,
    0xFF, 0xFF, 0xFF, 0xFF, 0x3E, 0x00, 0x00, 0x00, 0x10, 0x00, 0x00, 0x00,
    0xDC, 0xE1, 0xFF, 0xFF, 0x08, 0x00, 0x00, 0x00, 0x14, 0x00, 0x00, 0x00,
    0x01, 0x00, 0x00, 0x00, 0x97, 0xFF, 0xFF, 0xFF, 0xFF, 0xFF, 0xFF, 0xFF,
    0x00, 0x00, 0x00, 0x00, 0x01, 0x00, 0x00, 0x00, 0x9B, 0x92, 0x1F, 0x3D,
    0x33, 0x00, 0x00, 0x00, 0x74, 0x69, 0x6E, 0x79, 0x6D, 0x6F, 0x74, 0x69,
    0x6F, 0x6E, 0x5F, 0x63, 0x6E, 0x6E, 0x5F, 0x31, 0x2F, 0x6D, 0x61, 0x78,
    0x5F, 0x70, 0x6F, 0x6F, 0x6C, 0x69, 0x6E, 0x67, 0x31, 0x64, 0x5F, 0x31,
    0x2F, 0x4D, 0x61, 0x78, 0x50, 0x6F, 0x6F, 0x6C, 0x31, 0x64, 0x2F, 0x53,
    0x71, 0x75, 0x65, 0x65, 0x7A, 0x65, 0x31, 0x00, 0x03, 0x00, 0x00, 0x00,
    0x01, 0x00, 0x00, 0x00, 0x3E, 0x00, 0x00, 0x00, 0x10, 0x00, 0x00, 0x00,
    0x8E, 0xE2, 0xFF, 0xFF, 0x00, 0x00, 0x00, 0x01, 0x18, 0x00, 0x00, 0x00,
    0x28, 0x00, 0x00, 0x00, 0x44, 0x00, 0x00, 0x00, 0x1D, 0x00, 0x00, 0x00,
    0x00, 0x00, 0x00, 0x09, 0x68, 0x00, 0x00, 0x00, 0x04, 0x00, 0x00, 0x00,
    0xFF, 0xFF, 0xFF, 0xFF, 0x01, 0x00, 0x00, 0x00, 0x3E, 0x00, 0x00, 0x00,
    0x10, 0x00, 0x00, 0x00, 0x7C, 0xE2, 0xFF, 0xFF, 0x08, 0x00, 0x00, 0x00,
    0x10, 0x00, 0x00, 0x00, 0x01, 0x00, 0x00, 0x00, 0x97, 0xFF, 0xFF, 0xFF,
    0xFF, 0xFF, 0xFF, 0xFF, 0x01, 0x00, 0x00, 0x00, 0x9B, 0x92, 0x1F, 0x3D,
    0x2A, 0x00, 0x00, 0x00, 0x74, 0x69, 0x6E, 0x79, 0x6D, 0x6F, 0x74, 0x69,
    0x6F, 0x6E, 0x5F, 0x63, 0x6E, 0x6E, 0x5F, 0x31, 0x2F, 0x6D, 0x61, 0x78,
    0x5F, 0x70, 0x6F, 0x6F, 0x6C, 0x69, 0x6E, 0x67, 0x31, 0x64, 0x5F, 0x31,
    0x2F, 0x4D, 0x61, 0x78, 0x50, 0x6F, 0x6F, 0x6C, 0x31, 0x64, 0x00, 0x00,
    0x04, 0x00, 0x00, 0x00, 0x01, 0x00, 0x00, 0x00, 0x01, 0x00, 0x00, 0x00,
    0x3E, 0x00, 0x00, 0x00, 0x10, 0x00, 0x00, 0x00, 0x26, 0xE3, 0xFF, 0xFF,
    0x00, 0x00, 0x00, 0x01, 0x18, 0x00, 0x00, 0x00, 0x28, 0x00, 0x00, 0x00,
    0x44, 0x00, 0x00, 0x00, 0x1C, 0x00, 0x00, 0x00, 0x00, 0x00, 0x00, 0x09,
    0x74, 0x00, 0x00, 0x00, 0x04, 0x00, 0x00, 0x00, 0xFF, 0xFF, 0xFF, 0xFF,
    0x01, 0x00, 0x00, 0x00, 0x7D, 0x00, 0x00, 0x00, 0x10, 0x00, 0x00, 0x00,
    0x14, 0xE3, 0xFF, 0xFF, 0x08, 0x00, 0x00, 0x00, 0x10, 0x00, 0x00, 0x00,
    0x01, 0x00, 0x00, 0x00, 0x97, 0xFF, 0xFF, 0xFF, 0xFF, 0xFF, 0xFF, 0xFF,
    0x01, 0x00, 0x00, 0x00, 0x9B, 0x92, 0x1F, 0x3D, 0x35, 0x00, 0x00, 0x00,
    0x74, 0x69, 0x6E, 0x79, 0x6D, 0x6F, 0x74, 0x69, 0x6F, 0x6E, 0x5F, 0x63,
    0x6E, 0x6E, 0x5F, 0x31, 0x2F, 0x6D, 0x61, 0x78, 0x5F, 0x70, 0x6F, 0x6F,
    0x6C, 0x69, 0x6E, 0x67, 0x31, 0x64, 0x5F, 0x31, 0x2F, 0x4D, 0x61, 0x78,
    0x50, 0x6F, 0x6F, 0x6C, 0x31, 0x64, 0x2F, 0x45, 0x78, 0x70, 0x61, 0x6E,
    0x64, 0x44, 0x69, 0x6D, 0x73, 0x00, 0x00, 0x00, 0x04, 0x00, 0x00, 0x00,
    0x01, 0x00, 0x00, 0x00, 0x01, 0x00, 0x00, 0x00, 0x7D, 0x00, 0x00, 0x00,
    0x10, 0x00, 0x00, 0x00, 0xCA, 0xE3, 0xFF, 0xFF, 0x00, 0x00, 0x00, 0x01,
    0x18, 0x00, 0x00, 0x00, 0x24, 0x00, 0x00, 0x00, 0x44, 0x00, 0x00, 0x00,
    0x1B, 0x00, 0x00, 0x00, 0x00, 0x00, 0x00, 0x09, 0xA8, 0x01, 0x00, 0x00,
    0x03, 0x00, 0x00, 0x00, 0xFF, 0xFF, 0xFF, 0xFF, 0x7D, 0x00, 0x00, 0x00,
    0x10, 0x00, 0x00, 0x00, 0xB4, 0xE3, 0xFF, 0xFF, 0x08, 0x00, 0x00, 0x00,
    0x14, 0x00, 0x00, 0x00, 0x01, 0x00, 0x00, 0x00, 0x97, 0xFF, 0xFF, 0xFF,
    0xFF, 0xFF, 0xFF, 0xFF, 0x00, 0x00, 0x00, 0x00, 0x01, 0x00, 0x00, 0x00,
    0x9B, 0x92, 0x1F, 0x3D, 0x69, 0x01, 0x00, 0x00, 0x74, 0x69, 0x6E, 0x79,
    0x6D, 0x6F, 0x74, 0x69, 0x6F, 0x6E, 0x5F, 0x63, 0x6E, 0x6E, 0x5F, 0x31,
    0x2F, 0x62, 0x61, 0x74, 0x63, 0x68, 0x5F, 0x6E, 0x6F, 0x72, 0x6D, 0x61,
    0x6C, 0x69, 0x7A, 0x61, 0x74, 0x69, 0x6F, 0x6E, 0x5F, 0x31, 0x2F, 0x62,
    0x61, 0x74, 0x63, 0x68, 0x6E, 0x6F, 0x72, 0x6D, 0x2F, 0x61, 0x64, 0x64,
    0x5F, 0x31, 0x3B, 0x74, 0x69, 0x6E, 0x79, 0x6D, 0x6F, 0x74, 0x69, 0x6F,
    0x6E, 0x5F, 0x63, 0x6E, 0x6E, 0x5F, 0x31, 0x2F, 0x63, 0x6F, 0x6E, 0x76,
    0x31, 0x64, 0x5F, 0x31, 0x2F, 0x63, 0x6F, 0x6E, 0x76, 0x6F, 0x6C, 0x75,
    0x74, 0x69, 0x6F, 0x6E, 0x2F, 0x53, 0x71, 0x75, 0x65, 0x65, 0x7A, 0x65,
    0x3B, 0x74, 0x69, 0x6E, 0x79, 0x6D, 0x6F, 0x74, 0x69, 0x6F, 0x6E, 0x5F,
    0x63, 0x6E, 0x6E, 0x5F, 0x31, 0x2F, 0x62, 0x61, 0x74, 0x63, 0x68, 0x5F,
    0x6E, 0x6F, 0x72, 0x6D, 0x61, 0x6C, 0x69, 0x7A, 0x61, 0x74, 0x69, 0x6F,
    0x6E, 0x5F, 0x31, 0x2F, 0x62, 0x61, 0x74, 0x63, 0x68, 0x6E, 0x6F, 0x72,
    0x6D, 0x2F, 0x6D, 0x75, 0x6C, 0x5F, 0x31, 0x3B, 0x74, 0x69, 0x6E, 0x79,
    0x6D, 0x6F, 0x74, 0x69, 0x6F, 0x6E, 0x5F, 0x63, 0x6E, 0x6E, 0x5F, 0x31,
    0x2F, 0x63, 0x6F, 0x6E, 0x76, 0x31, 0x64, 0x5F, 0x31, 0x2F, 0x52, 0x65,
    0x6C, 0x75, 0x3B, 0x74, 0x69, 0x6E, 0x79, 0x6D, 0x6F, 0x74, 0x69, 0x6F,
    0x6E, 0x5F, 0x63, 0x6E, 0x6E, 0x5F, 0x31, 0x2F, 0x63, 0x6F, 0x6E, 0x76,
    0x31, 0x64, 0x5F, 0x31, 0x2F, 0x42, 0x69, 0x61, 0x73, 0x41, 0x64, 0x64,
    0x3B, 0x74, 0x69, 0x6E, 0x79, 0x6D, 0x6F, 0x74, 0x69, 0x6F, 0x6E, 0x5F,
    0x63, 0x6E, 0x6E, 0x5F, 0x31, 0x2F, 0x63, 0x6F, 0x6E, 0x76, 0x31, 0x64,
    0x5F, 0x31, 0x2F, 0x53, 0x71, 0x75, 0x65, 0x65, 0x7A, 0x65, 0x3B, 0x74,
    0x69, 0x6E, 0x79, 0x6D, 0x6F, 0x74, 0x69, 0x6F, 0x6E, 0x5F, 0x63, 0x6E,
    0x6E, 0x5F, 0x31, 0x2F, 0x62, 0x61, 0x74, 0x63, 0x68, 0x5F, 0x6E, 0x6F,
    0x72, 0x6D, 0x61, 0x6C, 0x69, 0x7A, 0x61, 0x74, 0x69, 0x6F, 0x6E, 0x5F,
    0x31, 0x2F, 0x62, 0x61, 0x74, 0x63, 0x68, 0x6E, 0x6F, 0x72, 0x6D, 0x2F,
    0x6D, 0x75, 0x6C, 0x3B, 0x74, 0x69, 0x6E, 0x79, 0x6D, 0x6F, 0x74, 0x69,
    0x6F, 0x6E, 0x5F, 0x63, 0x6E, 0x6E, 0x5F, 0x31, 0x2F, 0x62, 0x61, 0x74,
    0x63, 0x68, 0x5F, 0x6E, 0x6F, 0x72, 0x6D, 0x61, 0x6C, 0x69, 0x7A, 0x61,
    0x74, 0x69, 0x6F, 0x6E, 0x5F, 0x31, 0x2F, 0x62, 0x61, 0x74, 0x63, 0x68,
    0x6E, 0x6F, 0x72, 0x6D, 0x2F, 0x73, 0x75, 0x62, 0x31, 0x00, 0x00, 0x00,
    0x03, 0x00, 0x00, 0x00, 0x01, 0x00, 0x00, 0x00, 0x7D, 0x00, 0x00, 0x00,
    0x10, 0x00, 0x00, 0x00, 0x9E, 0xE5, 0xFF, 0xFF, 0x00, 0x00, 0x00, 0x01,
    0x18, 0x00, 0x00, 0x00, 0x28, 0x00, 0x00, 0x00, 0x44, 0x00, 0x00, 0x00,
    0x1A, 0x00, 0x00, 0x00, 0x00, 0x00, 0x00, 0x09, 0xA8, 0x01, 0x00, 0x00,
    0x04, 0x00, 0x00, 0x00, 0xFF, 0xFF, 0xFF, 0xFF, 0x01, 0x00, 0x00, 0x00,
    0x7D, 0x00, 0x00, 0x00, 0x10, 0x00, 0x00, 0x00, 0x8C, 0xE5, 0xFF, 0xFF,
    0x08, 0x00, 0x00, 0x00, 0x10, 0x00, 0x00, 0x00, 0x01, 0x00, 0x00, 0x00,
    0x97, 0xFF, 0xFF, 0xFF, 0xFF, 0xFF, 0xFF, 0xFF, 0x01, 0x00, 0x00, 0x00,
    0x9B, 0x92, 0x1F, 0x3D, 0x68, 0x01, 0x00, 0x00, 0x74, 0x69, 0x6E, 0x79,
    0x6D, 0x6F, 0x74, 0x69, 0x6F, 0x6E, 0x5F, 0x63, 0x6E, 0x6E, 0x5F, 0x31,
    0x2F, 0x62, 0x61, 0x74, 0x63, 0x68, 0x5F, 0x6E, 0x6F, 0x72, 0x6D, 0x61,
    0x6C, 0x69, 0x7A, 0x61, 0x74, 0x69, 0x6F, 0x6E, 0x5F, 0x31, 0x2F, 0x62,
    0x61, 0x74, 0x63, 0x68, 0x6E, 0x6F, 0x72, 0x6D, 0x2F, 0x61, 0x64, 0x64,
    0x5F, 0x31, 0x3B, 0x74, 0x69, 0x6E, 0x79, 0x6D, 0x6F, 0x74, 0x69, 0x6F,
    0x6E, 0x5F, 0x63, 0x6E, 0x6E, 0x5F, 0x31, 0x2F, 0x63, 0x6F, 0x6E, 0x76,
    0x31, 0x64, 0x5F, 0x31, 0x2F, 0x63, 0x6F, 0x6E, 0x76, 0x6F, 0x6C, 0x75,
    0x74, 0x69, 0x6F, 0x6E, 0x2F, 0x53, 0x71, 0x75, 0x65, 0x65, 0x7A, 0x65,
    0x3B, 0x74, 0x69, 0x6E, 0x79, 0x6D, 0x6F, 0x74, 0x69, 0x6F, 0x6E, 0x5F,
    0x63, 0x6E, 0x6E, 0x5F, 0x31, 0x2F, 0x62, 0x61, 0x74, 0x63, 0x68, 0x5F,
    0x6E, 0x6F, 0x72, 0x6D, 0x61, 0x6C, 0x69, 0x7A, 0x61, 0x74, 0x69, 0x6F,
    0x6E, 0x5F, 0x31, 0x2F, 0x62, 0x61, 0x74, 0x63, 0x68, 0x6E, 0x6F, 0x72,
    0x6D, 0x2F, 0x6D, 0x75, 0x6C, 0x5F, 0x31, 0x3B, 0x74, 0x69, 0x6E, 0x79,
    0x6D, 0x6F, 0x74, 0x69, 0x6F, 0x6E, 0x5F, 0x63, 0x6E, 0x6E, 0x5F, 0x31,
    0x2F, 0x63, 0x6F, 0x6E, 0x76, 0x31, 0x64, 0x5F, 0x31, 0x2F, 0x52, 0x65,
    0x6C, 0x75, 0x3B, 0x74, 0x69, 0x6E, 0x79, 0x6D, 0x6F, 0x74, 0x69, 0x6F,
    0x6E, 0x5F, 0x63, 0x6E, 0x6E, 0x5F, 0x31, 0x2F, 0x63, 0x6F, 0x6E, 0x76,
    0x31, 0x64, 0x5F, 0x31, 0x2F, 0x42, 0x69, 0x61, 0x73, 0x41, 0x64, 0x64,
    0x3B, 0x74, 0x69, 0x6E, 0x79, 0x6D, 0x6F, 0x74, 0x69, 0x6F, 0x6E, 0x5F,
    0x63, 0x6E, 0x6E, 0x5F, 0x31, 0x2F, 0x63, 0x6F, 0x6E, 0x76, 0x31, 0x64,
    0x5F, 0x31, 0x2F, 0x53, 0x71, 0x75, 0x65, 0x65, 0x7A, 0x65, 0x3B, 0x74,
    0x69, 0x6E, 0x79, 0x6D, 0x6F, 0x74, 0x69, 0x6F, 0x6E, 0x5F, 0x63, 0x6E,
    0x6E, 0x5F, 0x31, 0x2F, 0x62, 0x61, 0x74, 0x63, 0x68, 0x5F, 0x6E, 0x6F,
    0x72, 0x6D, 0x61, 0x6C, 0x69, 0x7A, 0x61, 0x74, 0x69, 0x6F, 0x6E, 0x5F,
    0x31, 0x2F, 0x62, 0x61, 0x74, 0x63, 0x68, 0x6E, 0x6F, 0x72, 0x6D, 0x2F,
    0x6D, 0x75, 0x6C, 0x3B, 0x74, 0x69, 0x6E, 0x79, 0x6D, 0x6F, 0x74, 0x69,
    0x6F, 0x6E, 0x5F, 0x63, 0x6E, 0x6E, 0x5F, 0x31, 0x2F, 0x62, 0x61, 0x74,
    0x63, 0x68, 0x5F, 0x6E, 0x6F, 0x72, 0x6D, 0x61, 0x6C, 0x69, 0x7A, 0x61,
    0x74, 0x69, 0x6F, 0x6E, 0x5F, 0x31, 0x2F, 0x62, 0x61, 0x74, 0x63, 0x68,
    0x6E, 0x6F, 0x72, 0x6D, 0x2F, 0x73, 0x75, 0x62, 0x00, 0x00, 0x00, 0x00,
    0x04, 0x00, 0x00, 0x00, 0x01, 0x00, 0x00, 0x00, 0x01, 0x00, 0x00, 0x00,
    0x7D, 0x00, 0x00, 0x00, 0x10, 0x00, 0x00, 0x00, 0x76, 0xE7, 0xFF, 0xFF,
    0x00, 0x00, 0x00, 0x01, 0x18, 0x00, 0x00, 0x00, 0x28, 0x00, 0x00, 0x00,
    0x48, 0x00, 0x00, 0x00, 0x19, 0x00, 0x00, 0x00, 0x00, 0x00, 0x00, 0x09,
    0x40, 0x01, 0x00, 0x00, 0x04, 0x00, 0x00, 0x00, 0xFF, 0xFF, 0xFF, 0xFF,
    0x01, 0x00, 0x00, 0x00, 0x7D, 0x00, 0x00, 0x00, 0x10, 0x00, 0x00, 0x00,
    0x64, 0xE7, 0xFF, 0xFF, 0x08, 0x00, 0x00, 0x00, 0x14, 0x00, 0x00, 0x00,
    0x01, 0x00, 0x00, 0x00, 0x95, 0xFF, 0xFF, 0xFF, 0xFF, 0xFF, 0xFF, 0xFF,
    0x00, 0x00, 0x00, 0x00, 0x01, 0x00, 0x00, 0x00, 0x43, 0x83, 0x2D, 0x3D,
    0xFC, 0x00, 0x00, 0x00, 0x74, 0x69, 0x6E, 0x79, 0x6D, 0x6F, 0x74, 0x69,
    0x6F, 0x6E, 0x5F, 0x63, 0x6E, 0x6E, 0x5F, 0x31, 0x2F, 0x62, 0x61, 0x74,
    0x63, 0x68, 0x5F, 0x6E, 0x6F, 0x72, 0x6D, 0x61, 0x6C, 0x69, 0x7A, 0x61,
    0x74, 0x69, 0x6F, 0x6E, 0x5F, 0x31, 0x2F, 0x62, 0x61, 0x74, 0x63, 0x68,
    0x6E, 0x6F, 0x72, 0x6D, 0x2F, 0x6D, 0x75, 0x6C, 0x5F, 0x31, 0x3B, 0x74,
    0x69, 0x6E, 0x79, 0x6D, 0x6F, 0x74, 0x69, 0x6F, 0x6E, 0x5F, 0x63, 0x6E,
    0x6E, 0x5F, 0x31, 0x2F, 0x63, 0x6F, 0x6E, 0x76, 0x31, 0x64, 0x5F, 0x31,
    0x2F, 0x63, 0x6F, 0x6E, 0x76, 0x6F, 0x6C, 0x75, 0x74, 0x69, 0x6F, 0x6E,
    0x2F, 0x53, 0x71, 0x75, 0x65, 0x65, 0x7A, 0x65, 0x3B, 0x74, 0x69, 0x6E,
    0x79, 0x6D, 0x6F, 0x74, 0x69, 0x6F, 0x6E, 0x5F, 0x63, 0x6E, 0x6E, 0x5F,
    0x31, 0x2F, 0x63, 0x6F, 0x6E, 0x76, 0x31, 0x64, 0x5F, 0x31, 0x2F, 0x52,
    0x65, 0x6C, 0x75, 0x3B, 0x74, 0x69, 0x6E, 0x79, 0x6D, 0x6F, 0x74, 0x69,
    0x6F, 0x6E, 0x5F, 0x63, 0x6E, 0x6E, 0x5F, 0x31, 0x2F, 0x63, 0x6F, 0x6E,
    0x76, 0x31, 0x64, 0x5F, 0x31, 0x2F, 0x42, 0x69, 0x61, 0x73, 0x41, 0x64,
    0x64, 0x3B, 0x74, 0x69, 0x6E, 0x79, 0x6D, 0x6F, 0x74, 0x69, 0x6F, 0x6E,
    0x5F, 0x63, 0x6E, 0x6E, 0x5F, 0x31, 0x2F, 0x63, 0x6F, 0x6E, 0x76, 0x31,
    0x64, 0x5F, 0x31, 0x2F, 0x53, 0x71, 0x75, 0x65, 0x65, 0x7A, 0x65, 0x3B,
    0x74, 0x69, 0x6E, 0x79, 0x6D, 0x6F, 0x74, 0x69, 0x6F, 0x6E, 0x5F, 0x63,
    0x6E, 0x6E, 0x5F, 0x31, 0x2F, 0x62, 0x61, 0x74, 0x63, 0x68, 0x5F, 0x6E,
    0x6F, 0x72, 0x6D, 0x61, 0x6C, 0x69, 0x7A, 0x61, 0x74, 0x69, 0x6F, 0x6E,
    0x5F, 0x31, 0x2F, 0x62, 0x61, 0x74, 0x63, 0x68, 0x6E, 0x6F, 0x72, 0x6D,
    0x2F, 0x6D, 0x75, 0x6C, 0x00, 0x00, 0x00, 0x00, 0x04, 0x00, 0x00, 0x00,
    0x01, 0x00, 0x00, 0x00, 0x01, 0x00, 0x00, 0x00, 0x7D, 0x00, 0x00, 0x00,
    0x10, 0x00, 0x00, 0x00, 0xE6, 0xE8, 0xFF, 0xFF, 0x00, 0x00, 0x00, 0x01,
    0x18, 0x00, 0x00, 0x00, 0x28, 0x00, 0x00, 0x00, 0x48, 0x00, 0x00, 0x00,
    0x18, 0x00, 0x00, 0x00, 0x00, 0x00, 0x00, 0x09, 0xF8, 0x00, 0x00, 0x00,
    0x04, 0x00, 0x00, 0x00, 0xFF, 0xFF, 0xFF, 0xFF, 0x01, 0x00, 0x00, 0x00,
    0x7D, 0x00, 0x00, 0x00, 0x10, 0x00, 0x00, 0x00, 0xD4, 0xE8, 0xFF, 0xFF,
    0x08, 0x00, 0x00, 0x00, 0x14, 0x00, 0x00, 0x00, 0x01, 0x00, 0x00, 0x00,
    0x80, 0xFF, 0xFF, 0xFF, 0xFF, 0xFF, 0xFF, 0xFF, 0x00, 0x00, 0x00, 0x00,
    0x01, 0x00, 0x00, 0x00, 0x59, 0x2F, 0x1F, 0x3D, 0xB7, 0x00, 0x00, 0x00,
    0x74, 0x69, 0x6E, 0x79, 0x6D, 0x6F, 0x74, 0x69, 0x6F, 0x6E, 0x5F, 0x63,
    0x6E, 0x6E, 0x5F, 0x31, 0x2F, 0x63, 0x6F, 0x6E, 0x76, 0x31, 0x64, 0x5F,
    0x31, 0x2F, 0x52, 0x65, 0x6C, 0x75, 0x3B, 0x74, 0x69, 0x6E, 0x79, 0x6D,
    0x6F, 0x74, 0x69, 0x6F, 0x6E, 0x5F, 0x63, 0x6E, 0x6E, 0x5F, 0x31, 0x2F,
    0x63, 0x6F, 0x6E, 0x76, 0x31, 0x64, 0x5F, 0x31, 0x2F, 0x42, 0x69, 0x61,
    0x73, 0x41, 0x64, 0x64, 0x3B, 0x74, 0x69, 0x6E, 0x79, 0x6D, 0x6F, 0x74,
    0x69, 0x6F, 0x6E, 0x5F, 0x63, 0x6E, 0x6E, 0x5F, 0x31, 0x2F, 0x63, 0x6F,
    0x6E, 0x76, 0x31, 0x64, 0x5F, 0x31, 0x2F, 0x63, 0x6F, 0x6E, 0x76, 0x6F,
    0x6C, 0x75, 0x74, 0x69, 0x6F, 0x6E, 0x2F, 0x53, 0x71, 0x75, 0x65, 0x65,
    0x7A, 0x65, 0x3B, 0x74, 0x69, 0x6E, 0x79, 0x6D, 0x6F, 0x74, 0x69, 0x6F,
    0x6E, 0x5F, 0x63, 0x6E, 0x6E, 0x5F, 0x31, 0x2F, 0x63, 0x6F, 0x6E, 0x76,
    0x31, 0x64, 0x5F, 0x31, 0x2F, 0x53, 0x71, 0x75, 0x65, 0x65, 0x7A, 0x65,
    0x3B, 0x74, 0x69, 0x6E, 0x79, 0x6D, 0x6F, 0x74, 0x69, 0x6F, 0x6E, 0x5F,
    0x63, 0x6E, 0x6E, 0x5F, 0x31, 0x2F, 0x63, 0x6F, 0x6E, 0x76, 0x31, 0x64,
    0x5F, 0x31, 0x2F, 0x63, 0x6F, 0x6E, 0x76, 0x6F, 0x6C, 0x75, 0x74, 0x69,
    0x6F, 0x6E, 0x31, 0x00, 0x04, 0x00, 0x00, 0x00, 0x01, 0x00, 0x00, 0x00,
    0x01, 0x00, 0x00, 0x00, 0x7D, 0x00, 0x00, 0x00, 0x10, 0x00, 0x00, 0x00,
    0x0E, 0xEA, 0xFF, 0xFF, 0x00, 0x00, 0x00, 0x01, 0x18, 0x00, 0x00, 0x00,
    0x28, 0x00, 0x00, 0x00, 0x44, 0x00, 0x00, 0x00, 0x17, 0x00, 0x00, 0x00,
    0x00, 0x00, 0x00, 0x09, 0x70, 0x00, 0x00, 0x00, 0x04, 0x00, 0x00, 0x00,
    0xFF, 0xFF, 0xFF, 0xFF, 0x01, 0x00, 0x00, 0x00, 0x7D, 0x00, 0x00, 0x00,
    0x03, 0x00, 0x00, 0x00, 0xFC, 0xE9, 0xFF, 0xFF, 0x08, 0x00, 0x00, 0x00,
    0x10, 0x00, 0x00, 0x00, 0x01, 0x00, 0x00, 0x00, 0x03, 0x00, 0x00, 0x00,
    0x00, 0x00, 0x00, 0x00, 0x01, 0x00, 0x00, 0x00, 0x58, 0x39, 0x00, 0x3D,
    0x30, 0x00, 0x00, 0x00, 0x74, 0x69, 0x6E, 0x79, 0x6D, 0x6F, 0x74, 0x69,
    0x6F, 0x6E, 0x5F, 0x63, 0x6E, 0x6E, 0x5F, 0x31, 0x2F, 0x63, 0x6F, 0x6E,
    0x76, 0x31, 0x64, 0x5F, 0x31, 0x2F, 0x63, 0x6F, 0x6E, 0x76, 0x6F, 0x6C,
    0x75, 0x74, 0x69, 0x6F, 0x6E, 0x2F, 0x45, 0x78, 0x70, 0x61, 0x6E, 0x64,
    0x44, 0x69, 0x6D, 0x73, 0x00, 0x00, 0x00, 0x00, 0x04, 0x00, 0x00, 0x00,
    0x01, 0x00, 0x00, 0x00, 0x01, 0x00, 0x00, 0x00, 0x7D, 0x00, 0x00, 0x00,
    0x03, 0x00, 0x00, 0x00, 0x02, 0xEB, 0xFF, 0xFF, 0x00, 0x00, 0x00, 0x01,
    0x14, 0x00, 0x00, 0x00, 0xE4, 0x00, 0x00, 0x00, 0x16, 0x00, 0x00, 0x00,
    0x00, 0x00, 0x00, 0x09, 0x04, 0x01, 0x00, 0x00, 0x84, 0xEA, 0xFF, 0xFF,
    0x08, 0x00, 0x00, 0x00, 0x88, 0x00, 0x00, 0x00, 0x10, 0x00, 0x00, 0x00,
    0x00, 0x00, 0x00, 0x00, 0x00, 0x00, 0x00, 0x00, 0x00, 0x00, 0x00, 0x00,
    0x00, 0x00, 0x00, 0x00, 0x00, 0x00, 0x00, 0x00, 0x00, 0x00, 0x00, 0x00,
    0x00, 0x00, 0x00, 0x00, 0x00, 0x00, 0x00, 0x00, 0x00, 0x00, 0x00, 0x00,
    0x00, 0x00, 0x00, 0x00, 0x00, 0x00, 0x00, 0x00, 0x00, 0x00, 0x00, 0x00,
    0x00, 0x00, 0x00, 0x00, 0x00, 0x00, 0x00, 0x00, 0x00, 0x00, 0x00, 0x00,
    0x00, 0x00, 0x00, 0x00, 0x00, 0x00, 0x00, 0x00, 0x00, 0x00, 0x00, 0x00,
    0x00, 0x00, 0x00, 0x00, 0x00, 0x00, 0x00, 0x00, 0x00, 0x00, 0x00, 0x00,
    0x00, 0x00, 0x00, 0x00, 0x00, 0x00, 0x00, 0x00, 0x00, 0x00, 0x00, 0x00,
    0x00, 0x00, 0x00, 0x00, 0x00, 0x00, 0x00, 0x00, 0x00, 0x00, 0x00, 0x00,
    0x00, 0x00, 0x00, 0x00, 0x00, 0x00, 0x00, 0x00, 0x00, 0x00, 0x00, 0x00,
    0x00, 0x00, 0x00, 0x00, 0x00, 0x00, 0x00, 0x00, 0x10, 0x00, 0x00, 0x00,
    0xB4, 0x82, 0x0C, 0x3B, 0xF1, 0xB9, 0xDB, 0x3A, 0x59, 0x54, 0x21, 0x3B,
    0x95, 0xC3, 0x1F, 0x3B, 0x28, 0xFE, 0x07, 0x3B, 0xD9, 0x36, 0x0A, 0x3B,
    0xD3, 0x32, 0x17, 0x3B, 0x2D, 0x89, 0x18, 0x3B, 0x57, 0x18, 0x01, 0x3B,
    0xD2, 0x57, 0x0F, 0x3B, 0xB9, 0x6C, 0x29, 0x3B, 0x6B, 0x74, 0x0D, 0x3B,
    0x0F, 0x01, 0x06, 0x3B, 0x71, 0xC5, 0xF5, 0x3A, 0x61, 0x9A, 0x07, 0x3B,
    0xBE, 0x9F, 0xDD, 0x3A, 0x25, 0x00, 0x00, 0x00, 0x74, 0x69, 0x6E, 0x79,
    0x6D, 0x6F, 0x74, 0x69, 0x6F, 0x6E, 0x5F, 0x63, 0x6E, 0x6E, 0x5F, 0x31,
    0x2F, 0x63, 0x6F, 0x6E, 0x76, 0x31, 0x64, 0x5F, 0x31, 0x2F, 0x63, 0x6F,
    0x6E, 0x76, 0x6F, 0x6C, 0x75, 0x74, 0x69, 0x6F, 0x6E, 0x00, 0x00, 0x00,
    0x04, 0x00, 0x00, 0x00, 0x10, 0x00, 0x00, 0x00, 0x01, 0x00, 0x00, 0x00,
    0x05, 0x00, 0x00, 0x00, 0x03, 0x00, 0x00, 0x00, 0x32, 0xEC, 0xFF, 0xFF,
    0x00, 0x00, 0x00, 0x01, 0x14, 0x00, 0x00, 0x00, 0xE8, 0x00, 0x00, 0x00,
    0x15, 0x00, 0x00, 0x00, 0x00, 0x00, 0x00, 0x02, 0x98, 0x01, 0x00, 0x00,
    0xB4, 0xEB, 0xFF, 0xFF, 0x08, 0x00, 0x00, 0x00, 0x8C, 0x00, 0x00, 0x00,
    0x10, 0x00, 0x00, 0x00, 0x00, 0x00, 0x00, 0x00, 0x00, 0x00, 0x00, 0x00,
    0x00, 0x00, 0x00, 0x00, 0x00, 0x00, 0x00, 0x00, 0x00, 0x00, 0x00, 0x00,
    0x00, 0x00, 0x00, 0x00, 0x00, 0x00, 0x00, 0x00, 0x00, 0x00, 0x00, 0x00,
    0x00, 0x00, 0x00, 0x00, 0x00, 0x00, 0x00, 0x00, 0x00, 0x00, 0x00, 0x00,
    0x00, 0x00, 0x00, 0x00, 0x00, 0x00, 0x00, 0x00, 0x00, 0x00, 0x00, 0x00,
    0x00, 0x00, 0x00, 0x00, 0x00, 0x00, 0x00, 0x00, 0x00, 0x00, 0x00, 0x00,
    0x00, 0x00, 0x00, 0x00, 0x00, 0x00, 0x00, 0x00, 0x00, 0x00, 0x00, 0x00,
    0x00, 0x00, 0x00, 0x00, 0x00, 0x00, 0x00, 0x00, 0x00, 0x00, 0x00, 0x00,
    0x00, 0x00, 0x00, 0x00, 0x00, 0x00, 0x00, 0x00, 0x00, 0x00, 0x00, 0x00,
    0x00, 0x00, 0x00, 0x00, 0x00, 0x00, 0x00, 0x00, 0x00, 0x00, 0x00, 0x00,
    0x00, 0x00, 0x00, 0x00, 0x00, 0x00, 0x00, 0x00, 0x00, 0x00, 0x00, 0x00,
    0x00, 0x00, 0x00, 0x00, 0x10, 0x00, 0x00, 0x00, 0xA7, 0xC1, 0x8C, 0x38,
    0x61, 0x1C, 0x5C, 0x38, 0x9F, 0x9C, 0xA1, 0x38, 0x28, 0x0B, 0xA0, 0x38,
    0x15, 0x3B, 0x88, 0x38, 0xC4, 0x74, 0x8A, 0x38, 0x90, 0x76, 0x97, 0x38,
    0x83, 0xCD, 0x98, 0x38, 0x2D, 0x52, 0x81, 0x38, 0x0A, 0x98, 0x8F, 0x38,
    0xA0, 0xB8, 0xA9, 0x38, 0xCA, 0xB3, 0x8D, 0x38, 0x18, 0x3D, 0x86, 0x38,
    0x8C, 0x33, 0x76, 0x38, 0x21, 0xD7, 0x87, 0x38, 0x08, 0x03, 0x5E, 0x38,
    0xB6, 0x00, 0x00, 0x00, 0x74, 0x69, 0x6E, 0x79, 0x6D, 0x6F, 0x74, 0x69,
    0x6F, 0x6E, 0x5F, 0x63, 0x6E, 0x6E, 0x5F, 0x31, 0x2F, 0x63, 0x6F, 0x6E,
    0x76, 0x31, 0x64, 0x5F, 0x31, 0x2F, 0x52, 0x65, 0x6C, 0x75, 0x3B, 0x74,
    0x69, 0x6E, 0x79, 0x6D, 0x6F, 0x74, 0x69, 0x6F, 0x6E, 0x5F, 0x63, 0x6E,
    0x6E, 0x5F, 0x31, 0x2F, 0x63, 0x6F, 0x6E, 0x76, 0x31, 0x64, 0x5F, 0x31,
    0x2F, 0x42, 0x69, 0x61, 0x73, 0x41, 0x64, 0x64, 0x3B, 0x74, 0x69, 0x6E,
    0x79, 0x6D, 0x6F, 0x74, 0x69, 0x6F, 0x6E, 0x5F, 0x63, 0x6E, 0x6E, 0x5F,
    0x31, 0x2F, 0x63, 0x6F, 0x6E, 0x76, 0x31, 0x64, 0x5F, 0x31, 0x2F, 0x63,
    0x6F, 0x6E, 0x76, 0x6F, 0x6C, 0x75, 0x74, 0x69, 0x6F, 0x6E, 0x2F, 0x53,
    0x71, 0x75, 0x65, 0x65, 0x7A, 0x65, 0x3B, 0x74, 0x69, 0x6E, 0x79, 0x6D,
    0x6F, 0x74, 0x69, 0x6F, 0x6E, 0x5F, 0x63, 0x6E, 0x6E, 0x5F, 0x31, 0x2F,
    0x63, 0x6F, 0x6E, 0x76, 0x31, 0x64, 0x5F, 0x31, 0x2F, 0x53, 0x71, 0x75,
    0x65, 0x65, 0x7A, 0x65, 0x3B, 0x74, 0x69, 0x6E, 0x79, 0x6D, 0x6F, 0x74,
    0x69, 0x6F, 0x6E, 0x5F, 0x63, 0x6E, 0x6E, 0x5F, 0x31, 0x2F, 0x63, 0x6F,
    0x6E, 0x76, 0x31, 0x64, 0x5F, 0x31, 0x2F, 0x63, 0x6F, 0x6E, 0x76, 0x6F,
    0x6C, 0x75, 0x74, 0x69, 0x6F, 0x6E, 0x00, 0x00, 0x01, 0x00, 0x00, 0x00,
    0x10, 0x00, 0x00, 0x00, 0xEA, 0xED, 0xFF, 0xFF, 0x00, 0x00, 0x00, 0x01,
    0x14, 0x00, 0x00, 0x00, 0x30, 0x00, 0x00, 0x00, 0x14, 0x00, 0x00, 0x00,
    0x00, 0x00, 0x00, 0x09, 0x60, 0x00, 0x00, 0x00, 0x6C, 0xED, 0xFF, 0xFF,
    0x08, 0x00, 0x00, 0x00, 0x10, 0x00, 0x00, 0x00, 0x01, 0x00, 0x00, 0x00,
    0x80, 0xFF, 0xFF, 0xFF, 0xFF, 0xFF, 0xFF, 0xFF, 0x01, 0x00, 0x00, 0x00,
    0x4B, 0x73, 0x14, 0x3D, 0x34, 0x00, 0x00, 0x00, 0x74, 0x69, 0x6E, 0x79,
    0x6D, 0x6F, 0x74, 0x69, 0x6F, 0x6E, 0x5F, 0x63, 0x6E, 0x6E, 0x5F, 0x31,
    0x2F, 0x62, 0x61, 0x74, 0x63, 0x68, 0x5F, 0x6E, 0x6F, 0x72, 0x6D, 0x61,
    0x6C, 0x69, 0x7A, 0x61, 0x74, 0x69, 0x6F, 0x6E, 0x5F, 0x31, 0x2F, 0x62,
    0x61, 0x74, 0x63, 0x68, 0x6E, 0x6F, 0x72, 0x6D, 0x2F, 0x6D, 0x75, 0x6C,
    0x00, 0x00, 0x00, 0x00, 0x01, 0x00, 0x00, 0x00, 0x10, 0x00, 0x00, 0x00,
    0x6A, 0xEE, 0xFF, 0xFF, 0x00, 0x00, 0x00, 0x01, 0x14, 0x00, 0x00, 0x00,
    0x30, 0x00, 0x00, 0x00, 0x13, 0x00, 0x00, 0x00, 0x00, 0x00, 0x00, 0x09,
    0x60, 0x00, 0x00, 0x00, 0xEC, 0xED, 0xFF, 0xFF, 0x08, 0x00, 0x00, 0x00,
    0x10, 0x00, 0x00, 0x00, 0x01, 0x00, 0x00, 0x00, 0x7F, 0x00, 0x00, 0x00,
    0x00, 0x00, 0x00, 0x00, 0x01, 0x00, 0x00, 0x00, 0x97, 0x3E, 0x65, 0x3B,
    0x34, 0x00, 0x00, 0x00, 0x74, 0x69, 0x6E, 0x79, 0x6D, 0x6F, 0x74, 0x69,
    0x6F, 0x6E, 0x5F, 0x63, 0x6E, 0x6E, 0x5F, 0x31, 0x2F, 0x62, 0x61, 0x74,
    0x63, 0x68, 0x5F, 0x6E, 0x6F, 0x72, 0x6D, 0x61, 0x6C, 0x69, 0x7A, 0x61,
    0x74, 0x69, 0x6F, 0x6E, 0x5F, 0x31, 0x2F, 0x62, 0x61, 0x74, 0x63, 0x68,
    0x6E, 0x6F, 0x72, 0x6D, 0x2F, 0x73, 0x75, 0x62, 0x00, 0x00, 0x00, 0x00,
    0x01, 0x00, 0x00, 0x00, 0x10, 0x00, 0x00, 0x00, 0xEA, 0xEE, 0xFF, 0xFF,
    0x00, 0x00, 0x00, 0x01, 0x14, 0x00, 0x00, 0x00, 0xA4, 0x01, 0x00, 0x00,
    0x12, 0x00, 0x00, 0x00, 0x00, 0x00, 0x00, 0x09, 0xC4, 0x01, 0x00, 0x00,
    0x6C, 0xEE, 0xFF, 0xFF, 0x08, 0x00, 0x00, 0x00, 0x08, 0x01, 0x00, 0x00,
    0x20, 0x00, 0x00, 0x00, 0x00, 0x00, 0x00, 0x00, 0x00, 0x00, 0x00, 0x00,
    0x00, 0x00, 0x00, 0x00, 0x00, 0x00, 0x00, 0x00, 0x00, 0x00, 0x00, 0x00,
    0x00, 0x00, 0x00, 0x00, 0x00, 0x00, 0x00, 0x00, 0x00, 0x00, 0x00, 0x00,
    0x00, 0x00, 0x00, 0x00, 0x00, 0x00, 0x00, 0x00, 0x00, 0x00, 0x00, 0x00,
    0x00, 0x00, 0x00, 0x00, 0x00, 0x00, 0x00, 0x00, 0x00, 0x00, 0x00, 0x00,
    0x00, 0x00, 0x00, 0x00, 0x00, 0x00, 0x00, 0x00, 0x00, 0x00, 0x00, 0x00,
    0x00, 0x00, 0x00, 0x00, 0x00, 0x00, 0x00, 0x00, 0x00, 0x00, 0x00, 0x00,
    0x00, 0x00, 0x00, 0x00, 0x00, 0x00, 0x00, 0x00, 0x00, 0x00, 0x00, 0x00,
    0x00, 0x00, 0x00, 0x00, 0x00, 0x00, 0x00, 0x00, 0x00, 0x00, 0x00, 0x00,
    0x00, 0x00, 0x00, 0x00, 0x00, 0x00, 0x00, 0x00, 0x00, 0x00, 0x00, 0x00,
    0x00, 0x00, 0x00, 0x00, 0x00, 0x00, 0x00, 0x00, 0x00, 0x00, 0x00, 0x00,
    0x00, 0x00, 0x00, 0x00, 0x00, 0x00, 0x00, 0x00, 0x00, 0x00, 0x00, 0x00,
    0x00, 0x00, 0x00, 0x00, 0x00, 0x00, 0x00, 0x00, 0x00, 0x00, 0x00, 0x00,
    0x00, 0x00, 0x00, 0x00, 0x00, 0x00, 0x00, 0x00, 0x00, 0x00, 0x00, 0x00,
    0x00, 0x00, 0x00, 0x00, 0x00, 0x00, 0x00, 0x00, 0x00, 0x00, 0x00, 0x00,
    0x00, 0x00, 0x00, 0x00, 0x00, 0x00, 0x00, 0x00, 0x00, 0x00, 0x00, 0x00,
    0x00, 0x00, 0x00, 0x00, 0x00, 0x00, 0x00, 0x00, 0x00, 0x00, 0x00, 0x00,
    0x00, 0x00, 0x00, 0x00, 0x00, 0x00, 0x00, 0x00, 0x00, 0x00, 0x00, 0x00,
    0x00, 0x00, 0x00, 0x00, 0x00, 0x00, 0x00, 0x00, 0x00, 0x00, 0x00, 0x00,
    0x00, 0x00, 0x00, 0x00, 0x00, 0x00, 0x00, 0x00, 0x00, 0x00, 0x00, 0x00,
    0x00, 0x00, 0x00, 0x00, 0x00, 0x00, 0x00, 0x00, 0x00, 0x00, 0x00, 0x00,
    0x00, 0x00, 0x00, 0x00, 0x00, 0x00, 0x00, 0x00, 0x20, 0x00, 0x00, 0x00,
    0x37, 0x91, 0xDE, 0x3A, 0x4A, 0x94, 0xBF, 0x3A, 0x9D, 0xAE, 0xE7, 0x3A,
    0x8A, 0x32, 0xC7, 0x3A, 0xF7, 0x3C, 0xC8, 0x3A, 0x38, 0xC5, 0x01, 0x3B,
    0x54, 0x0F, 0xC1, 0x3A, 0x21, 0x88, 0xB3, 0x3A, 0xCB, 0xD4, 0xBA, 0x3A,
    0x27, 0xF6, 0xD2, 0x3A, 0x63, 0x1D, 0xD3, 0x3A, 0x3E, 0xAF, 0xE3, 0x3A,
    0x7D, 0x00, 0x00, 0x3B, 0x9D, 0x65, 0xEB, 0x3A, 0xFB, 0xD1, 0xF5, 0x3A,
    0xC4, 0x72, 0xBE, 0x3A, 0x9B, 0x3B, 0xD4, 0x3A, 0xB0, 0x38, 0xEA, 0x3A,
    0x60, 0x84, 0xC2, 0x3A, 0x4C, 0x8F, 0xCD, 0x3A, 0x38, 0xF0, 0xD3, 0x3A,
    0xA8, 0xA8, 0xF5, 0x3A, 0x1E, 0x7E, 0xBC, 0x3A, 0x22, 0x0D, 0xCD, 0x3A,
    0x8B, 0xF7, 0xC0, 0x3A, 0x80, 0x35, 0xDB, 0x3A, 0x6D, 0xD5, 0x04, 0x3B,
    0x9B, 0xDD, 0xBA, 0x3A, 0x47, 0x6E, 0xB7, 0x3A, 0x28, 0xB6, 0xD9, 0x3A,
    0xAC, 0x78, 0xDD, 0x3A, 0x42, 0x35, 0xC6, 0x3A, 0x27, 0x00, 0x00, 0x00,
    0x74, 0x69, 0x6E, 0x79, 0x6D, 0x6F, 0x74, 0x69, 0x6F, 0x6E, 0x5F, 0x63,
    0x6E, 0x6E, 0x5F, 0x31, 0x2F, 0x63, 0x6F, 0x6E, 0x76, 0x31, 0x64, 0x5F,
    0x31, 0x5F, 0x32, 0x2F, 0x63, 0x6F, 0x6E, 0x76, 0x6F, 0x6C, 0x75, 0x74,
    0x69, 0x6F, 0x6E, 0x00, 0x04, 0x00, 0x00, 0x00, 0x20, 0x00, 0x00, 0x00,
    0x01, 0x00, 0x00, 0x00, 0x05, 0x00, 0x00, 0x00, 0x10, 0x00, 0x00, 0x00,
    0xDA, 0xF0, 0xFF, 0xFF, 0x00, 0x00, 0x00, 0x01, 0x14, 0x00, 0x00, 0x00,
    0xA4, 0x01, 0x00, 0x00, 0x11, 0x00, 0x00, 0x00, 0x00, 0x00, 0x00, 0x02,
    0x60, 0x02, 0x00, 0x00, 0x5C, 0xF0, 0xFF, 0xFF, 0x08, 0x00, 0x00, 0x00,
    0x08, 0x01, 0x00, 0x00, 0x20, 0x00, 0x00, 0x00, 0x00, 0x00, 0x00, 0x00,
    0x00, 0x00, 0x00, 0x00, 0x00, 0x00, 0x00, 0x00, 0x00, 0x00, 0x00, 0x00,
    0x00, 0x00, 0x00, 0x00, 0x00, 0x00, 0x00, 0x00, 0x00, 0x00, 0x00, 0x00,
    0x00, 0x00, 0x00, 0x00, 0x00, 0x00, 0x00, 0x00, 0x00, 0x00, 0x00, 0x00,
    0x00, 0x00, 0x00, 0x00, 0x00, 0x00, 0x00, 0x00, 0x00, 0x00, 0x00, 0x00,
    0x00, 0x00, 0x00, 0x00, 0x00, 0x00, 0x00, 0x00, 0x00, 0x00, 0x00, 0x00,
    0x00, 0x00, 0x00, 0x00, 0x00, 0x00, 0x00, 0x00, 0x00, 0x00, 0x00, 0x00,
    0x00, 0x00, 0x00, 0x00, 0x00, 0x00, 0x00, 0x00, 0x00, 0x00, 0x00, 0x00,
    0x00, 0x00, 0x00, 0x00, 0x00, 0x00, 0x00, 0x00, 0x00, 0x00, 0x00, 0x00,
    0x00, 0x00, 0x00, 0x00, 0x00, 0x00, 0x00, 0x00, 0x00, 0x00, 0x00, 0x00,
    0x00, 0x00, 0x00, 0x00, 0x00, 0x00, 0x00, 0x00, 0x00, 0x00, 0x00, 0x00,
    0x00, 0x00, 0x00, 0x00, 0x00, 0x00, 0x00, 0x00, 0x00, 0x00, 0x00, 0x00,
    0x00, 0x00, 0x00, 0x00, 0x00, 0x00, 0x00, 0x00, 0x00, 0x00, 0x00, 0x00,
    0x00, 0x00, 0x00, 0x00, 0x00, 0x00, 0x00, 0x00, 0x00, 0x00, 0x00, 0x00,
    0x00, 0x00, 0x00, 0x00, 0x00, 0x00, 0x00, 0x00, 0x00, 0x00, 0x00, 0x00,
    0x00, 0x00, 0x00, 0x00, 0x00, 0x00, 0x00, 0x00, 0x00, 0x00, 0x00, 0x00,
    0x00, 0x00, 0x00, 0x00, 0x00, 0x00, 0x00, 0x00, 0x00, 0x00, 0x00, 0x00,
    0x00, 0x00, 0x00, 0x00, 0x00, 0x00, 0x00, 0x00, 0x00, 0x00, 0x00, 0x00,
    0x00, 0x00, 0x00, 0x00, 0x00, 0x00, 0x00, 0x00, 0x00, 0x00, 0x00, 0x00,
    0x00, 0x00, 0x00, 0x00, 0x00, 0x00, 0x00, 0x00, 0x00, 0x00, 0x00, 0x00,
    0x00, 0x00, 0x00, 0x00, 0x00, 0x00, 0x00, 0x00, 0x00, 0x00, 0x00, 0x00,
    0x00, 0x00, 0x00, 0x00, 0x00, 0x00, 0x00, 0x00, 0x00, 0x00, 0x00, 0x00,
    0x20, 0x00, 0x00, 0x00, 0xA7, 0xBB, 0x8A, 0x38, 0xA1, 0xD5, 0x6E, 0x38,
    0x21, 0x6A, 0x90, 0x38, 0xEE, 0x54, 0x78, 0x38, 0x13, 0xA1, 0x79, 0x38,
    0x9E, 0xC7, 0xA1, 0x38, 0x2A, 0xAE, 0x70, 0x38, 0xBA, 0xD0, 0x5F, 0x38,
    0x51, 0xEA, 0x68, 0x38, 0xB2, 0x7F, 0x83, 0x38, 0x27, 0x98, 0x83, 0x38,
    0x3B, 0xEC, 0x8D, 0x38, 0x37, 0x93, 0x9F, 0x38, 0xEB, 0xBA, 0x92, 0x38,
    0x31, 0x3A, 0x99, 0x38, 0xB1, 0x6C, 0x6D, 0x38, 0x90, 0x4A, 0x84, 0x38,
    0x57, 0xFF, 0x91, 0x38, 0x3A, 0x7F, 0x72, 0x38, 0xB8, 0x21, 0x80, 0x38,
    0x92, 0x1B, 0x84, 0x38, 0x6F, 0x20, 0x99, 0x38, 0x8D, 0xFC, 0x6A, 0x38,
    0x2C, 0xA1, 0x7F, 0x38, 0x83, 0x90, 0x70, 0x38, 0xC4, 0xA3, 0x88, 0x38,
    0x42, 0x99, 0xA5, 0x38, 0x4E, 0xF5, 0x68, 0x38, 0x14, 0xAD, 0x64, 0x38,
    0xD1, 0xB4, 0x87, 0x38, 0xC8, 0x0C, 0x8A, 0x38, 0x2D, 0x19, 0x77, 0x38,
    0xC0, 0x00, 0x00, 0x00, 0x74, 0x69, 0x6E, 0x79, 0x6D, 0x6F, 0x74, 0x69,
    0x6F, 0x6E, 0x5F, 0x63, 0x6E, 0x6E, 0x5F, 0x31, 0x2F, 0x63, 0x6F, 0x6E,
    0x76, 0x31, 0x64, 0x5F, 0x31, 0x5F, 0x32, 0x2F, 0x52, 0x65, 0x6C, 0x75,
    0x3B, 0x74, 0x69, 0x6E, 0x79, 0x6D, 0x6F, 0x74, 0x69, 0x6F, 0x6E, 0x5F,
    0x63, 0x6E, 0x6E, 0x5F, 0x31, 0x2F, 0x63, 0x6F, 0x6E, 0x76, 0x31, 0x64,
    0x5F, 0x31, 0x5F, 0x32, 0x2F, 0x42, 0x69, 0x61, 0x73, 0x41, 0x64, 0x64,
    0x3B, 0x74, 0x69, 0x6E, 0x79, 0x6D, 0x6F, 0x74, 0x69, 0x6F, 0x6E, 0x5F,
    0x63, 0x6E, 0x6E, 0x5F, 0x31, 0x2F, 0x63, 0x6F, 0x6E, 0x76, 0x31, 0x64,
    0x5F, 0x31, 0x5F, 0x32, 0x2F, 0x63, 0x6F, 0x6E, 0x76, 0x6F, 0x6C, 0x75,
    0x74, 0x69, 0x6F, 0x6E, 0x2F, 0x53, 0x71, 0x75, 0x65, 0x65, 0x7A, 0x65,
    0x3B, 0x74, 0x69, 0x6E, 0x79, 0x6D, 0x6F, 0x74, 0x69, 0x6F, 0x6E, 0x5F,
    0x63, 0x6E, 0x6E, 0x5F, 0x31, 0x2F, 0x63, 0x6F, 0x6E, 0x76, 0x31, 0x64,
    0x5F, 0x31, 0x5F, 0x32, 0x2F, 0x53, 0x71, 0x75, 0x65, 0x65, 0x7A, 0x65,
    0x3B, 0x74, 0x69, 0x6E, 0x79, 0x6D, 0x6F, 0x74, 0x69, 0x6F, 0x6E, 0x5F,
    0x63, 0x6E, 0x6E, 0x5F, 0x31, 0x2F, 0x63, 0x6F, 0x6E, 0x76, 0x31, 0x64,
    0x5F, 0x31, 0x5F, 0x32, 0x2F, 0x63, 0x6F, 0x6E, 0x76, 0x6F, 0x6C, 0x75,
    0x74, 0x69, 0x6F, 0x6E, 0x00, 0x00, 0x00, 0x00, 0x01, 0x00, 0x00, 0x00,
    0x20, 0x00, 0x00, 0x00, 0x5A, 0xF3, 0xFF, 0xFF, 0x00, 0x00, 0x00, 0x01,
    0x14, 0x00, 0x00, 0x00, 0x30, 0x00, 0x00, 0x00, 0x10, 0x00, 0x00, 0x00,
    0x00, 0x00, 0x00, 0x09, 0x60, 0x00, 0x00, 0x00, 0xDC, 0xF2, 0xFF, 0xFF,
    0x08, 0x00, 0x00, 0x00, 0x10, 0x00, 0x00, 0x00, 0x01, 0x00, 0x00, 0x00,
    0x80, 0xFF, 0xFF, 0xFF, 0xFF, 0xFF, 0xFF, 0xFF, 0x01, 0x00, 0x00, 0x00,
    0x59, 0x7B, 0x73, 0x3C, 0x36, 0x00, 0x00, 0x00, 0x74, 0x69, 0x6E, 0x79,
    0x6D, 0x6F, 0x74, 0x69, 0x6F, 0x6E, 0x5F, 0x63, 0x6E, 0x6E, 0x5F, 0x31,
    0x2F, 0x62, 0x61, 0x74, 0x63, 0x68, 0x5F, 0x6E, 0x6F, 0x72, 0x6D, 0x61,
    0x6C, 0x69, 0x7A, 0x61, 0x74, 0x69, 0x6F, 0x6E, 0x5F, 0x31, 0x5F, 0x32,
    0x2F, 0x62, 0x61, 0x74, 0x63, 0x68, 0x6E, 0x6F, 0x72, 0x6D, 0x2F, 0x6D,
    0x75, 0x6C, 0x00, 0x00, 0x01, 0x00, 0x00, 0x00, 0x20, 0x00, 0x00, 0x00,
    0xDA, 0xF3, 0xFF, 0xFF, 0x00, 0x00, 0x00, 0x01, 0x14, 0x00, 0x00, 0x00,
    0x30, 0x00, 0x00, 0x00, 0x0F, 0x00, 0x00, 0x00, 0x00, 0x00, 0x00, 0x09,
    0x60, 0x00, 0x00, 0x00, 0x5C, 0xF3, 0xFF, 0xFF, 0x08, 0x00, 0x00, 0x00,
    0x10, 0x00, 0x00, 0x00, 0x01, 0x00, 0x00, 0x00, 0x7F, 0x00, 0x00, 0x00,
    0x00, 0x00, 0x00, 0x00, 0x01, 0x00, 0x00, 0x00, 0x5D, 0x25, 0x4E, 0x3B,
    0x36, 0x00, 0x00, 0x00, 0x74, 0x69, 0x6E, 0x79, 0x6D, 0x6F, 0x74, 0x69,
    0x6F, 0x6E, 0x5F, 0x63, 0x6E, 0x6E, 0x5F, 0x31, 0x2F, 0x62, 0x61, 0x74,
    0x63, 0x68, 0x5F, 0x6E, 0x6F, 0x72, 0x6D, 0x61, 0x6C, 0x69, 0x7A, 0x61,
    0x74, 0x69, 0x6F, 0x6E, 0x5F, 0x31, 0x5F, 0x32, 0x2F, 0x62, 0x61, 0x74,
    0x63, 0x68, 0x6E, 0x6F, 0x72, 0x6D, 0x2F, 0x73, 0x75, 0x62, 0x00, 0x00,
    0x01, 0x00, 0x00, 0x00, 0x20, 0x00, 0x00, 0x00, 0x5A, 0xF4, 0xFF, 0xFF,
    0x00, 0x00, 0x00, 0x01, 0x14, 0x00, 0x00, 0x00, 0x24, 0x03, 0x00, 0x00,
    0x0E, 0x00, 0x00, 0x00, 0x00, 0x00, 0x00, 0x09, 0x44, 0x03, 0x00, 0x00,
    0xDC, 0xF3, 0xFF, 0xFF, 0x08, 0x00, 0x00, 0x00, 0x08, 0x02, 0x00, 0x00,
    0x40, 0x00, 0x00, 0x00, 0x00, 0x00, 0x00, 0x00, 0x00, 0x00, 0x00, 0x00,
    0x00, 0x00, 0x00, 0x00, 0x00, 0x00, 0x00, 0x00, 0x00, 0x00, 0x00, 0x00,
    0x00, 0x00, 0x00, 0x00, 0x00, 0x00, 0x00, 0x00, 0x00, 0x00, 0x00, 0x00,
    0x00, 0x00, 0x00, 0x00, 0x00, 0x00, 0x00, 0x00, 0x00, 0x00, 0x00, 0x00,
    0x00, 0x00, 0x00, 0x00, 0x00, 0x00, 0x00, 0x00, 0x00, 0x00, 0x00, 0x00,
    0x00, 0x00, 0x00, 0x00, 0x00, 0x00, 0x00, 0x00, 0x00, 0x00, 0x00, 0x00,
    0x00, 0x00, 0x00, 0x00, 0x00, 0x00, 0x00, 0x00, 0x00, 0x00, 0x00, 0x00,
    0x00, 0x00, 0x00, 0x00, 0x00, 0x00, 0x00, 0x00, 0x00, 0x00, 0x00, 0x00,
    0x00, 0x00, 0x00, 0x00, 0x00, 0x00, 0x00, 0x00, 0x00, 0x00, 0x00, 0x00,
    0x00, 0x00, 0x00, 0x00, 0x00, 0x00, 0x00, 0x00, 0x00, 0x00, 0x00, 0x00,
    0x00, 0x00, 0x00, 0x00, 0x00, 0x00, 0x00, 0x00, 0x00, 0x00, 0x00, 0x00,
    0x00, 0x00, 0x00, 0x00, 0x00, 0x00, 0x00, 0x00, 0x00, 0x00, 0x00, 0x00,
    0x00, 0x00, 0x00, 0x00, 0x00, 0x00, 0x00, 0x00, 0x00, 0x00, 0x00, 0x00,
    0x00, 0x00, 0x00, 0x00, 0x00, 0x00, 0x00, 0x00, 0x00, 0x00, 0x00, 0x00,
    0x00, 0x00, 0x00, 0x00, 0x00, 0x00, 0x00, 0x00, 0x00, 0x00, 0x00, 0x00,
    0x00, 0x00, 0x00, 0x00, 0x00, 0x00, 0x00, 0x00, 0x00, 0x00, 0x00, 0x00,
    0x00, 0x00, 0x00, 0x00, 0x00, 0x00, 0x00, 0x00, 0x00, 0x00, 0x00, 0x00,
    0x00, 0x00, 0x00, 0x00, 0x00, 0x00, 0x00, 0x00, 0x00, 0x00, 0x00, 0x00,
    0x00, 0x00, 0x00, 0x00, 0x00, 0x00, 0x00, 0x00, 0x00, 0x00, 0x00, 0x00,
    0x00, 0x00, 0x00, 0x00, 0x00, 0x00, 0x00, 0x00, 0x00, 0x00, 0x00, 0x00,
    0x00, 0x00, 0x00, 0x00, 0x00, 0x00, 0x00, 0x00, 0x00, 0x00, 0x00, 0x00,
    0x00, 0x00, 0x00, 0x00, 0x00, 0x00, 0x00, 0x00, 0x00, 0x00, 0x00, 0x00,
    0x00, 0x00, 0x00, 0x00, 0x00, 0x00, 0x00, 0x00, 0x00, 0x00, 0x00, 0x00,
    0x00, 0x00, 0x00, 0x00, 0x00, 0x00, 0x00, 0x00, 0x00, 0x00, 0x00, 0x00,
    0x00, 0x00, 0x00, 0x00, 0x00, 0x00, 0x00, 0x00, 0x00, 0x00, 0x00, 0x00,
    0x00, 0x00, 0x00, 0x00, 0x00, 0x00, 0x00, 0x00, 0x00, 0x00, 0x00, 0x00,
    0x00, 0x00, 0x00, 0x00, 0x00, 0x00, 0x00, 0x00, 0x00, 0x00, 0x00, 0x00,
    0x00, 0x00, 0x00, 0x00, 0x00, 0x00, 0x00, 0x00, 0x00, 0x00, 0x00, 0x00,
    0x00, 0x00, 0x00, 0x00, 0x00, 0x00, 0x00, 0x00, 0x00, 0x00, 0x00, 0x00,
    0x00, 0x00, 0x00, 0x00, 0x00, 0x00, 0x00, 0x00, 0x00, 0x00, 0x00, 0x00,
    0x00, 0x00, 0x00, 0x00, 0x00, 0x00, 0x00, 0x00, 0x00, 0x00, 0x00, 0x00,
    0x00, 0x00, 0x00, 0x00, 0x00, 0x00, 0x00, 0x00, 0x00, 0x00, 0x00, 0x00,
    0x00, 0x00, 0x00, 0x00, 0x00, 0x00, 0x00, 0x00, 0x00, 0x00, 0x00, 0x00,
    0x00, 0x00, 0x00, 0x00, 0x00, 0x00, 0x00, 0x00, 0x00, 0x00, 0x00, 0x00,
    0x00, 0x00, 0x00, 0x00, 0x00, 0x00, 0x00, 0x00, 0x00, 0x00, 0x00, 0x00,
    0x00, 0x00, 0x00, 0x00, 0x00, 0x00, 0x00, 0x00, 0x00, 0x00, 0x00, 0x00,
    0x00, 0x00, 0x00, 0x00, 0x00, 0x00, 0x00, 0x00, 0x00, 0x00, 0x00, 0x00,
    0x00, 0x00, 0x00, 0x00, 0x00, 0x00, 0x00, 0x00, 0x00, 0x00, 0x00, 0x00,
    0x00, 0x00, 0x00, 0x00, 0x00, 0x00, 0x00, 0x00, 0x00, 0x00, 0x00, 0x00,
    0x00, 0x00, 0x00, 0x00, 0x00, 0x00, 0x00, 0x00, 0x00, 0x00, 0x00, 0x00,
    0x00, 0x00, 0x00, 0x00, 0x00, 0x00, 0x00, 0x00, 0x00, 0x00, 0x00, 0x00,
    0x00, 0x00, 0x00, 0x00, 0x00, 0x00, 0x00, 0x00, 0x00, 0x00, 0x00, 0x00,
    0x00, 0x00, 0x00, 0x00, 0x00, 0x00, 0x00, 0x00, 0x00, 0x00, 0x00, 0x00,
    0x40, 0x00, 0x00, 0x00, 0x7E, 0x6A, 0xCB, 0x3A, 0xF5, 0xA8, 0xDF, 0x3A,
    0x29, 0xAC, 0xBC, 0x3A, 0x8E, 0x40, 0xF9, 0x3A, 0xE4, 0xD9, 0xC1, 0x3A,
    0x26, 0xF2, 0xC8, 0x3A, 0xE8, 0x1A, 0xD4, 0x3A, 0x02, 0x1C, 0xC7, 0x3A,
    0xAA, 0xAD, 0xC5, 0x3A, 0xA7, 0xAB, 0xDF, 0x3A, 0xFB, 0xC0, 0xD6, 0x3A,
    0xD0, 0x71, 0xC8, 0x3A, 0xD5, 0x8B, 0xFF, 0x3A, 0x47, 0x68, 0xE4, 0x3A,
    0x14, 0xBF, 0xD3, 0x3A, 0xC1, 0x60, 0xD8, 0x3A, 0x08, 0x4F, 0xBD, 0x3A,
    0xF2, 0xB4, 0xE4, 0x3A, 0x46, 0x9E, 0xE7, 0x3A, 0xD4, 0x7F, 0xC9, 0x3A,
    0x54, 0x7A, 0xE2, 0x3A, 0xE8, 0x32, 0xA7, 0x3A, 0xC7, 0xD8, 0x04, 0x3B,
    0xE8, 0xA0, 0xE4, 0x3A, 0x66, 0xE4, 0xF6, 0x3A, 0x16, 0x6D, 0xB5, 0x3A,
    0x0A, 0x61, 0xCA, 0x3A, 0x2B, 0x3E, 0xE0, 0x3A, 0x01, 0x50, 0xC4, 0x3A,
    0x94, 0x59, 0xD1, 0x3A, 0xE2, 0xBF, 0xDB, 0x3A, 0x51, 0x0A, 0xB7, 0x3A,
    0xDE, 0xE6, 0xE3, 0x3A, 0x93, 0x49, 0xE1, 0x3A, 0x45, 0x3B, 0xDC, 0x3A,
    0x06, 0x51, 0xBC, 0x3A, 0xDF, 0x5C, 0xB8, 0x3A, 0x31, 0x0B, 0xC8, 0x3A,
    0x93, 0x45, 0xD6, 0x3A, 0x91, 0x15, 0x00, 0x3B, 0x05, 0x8A, 0xD6, 0x3A,
    0x5F, 0x90, 0xE0, 0x3A, 0x63, 0x64, 0xDB, 0x3A, 0xF8, 0x83, 0xD4, 0x3A,
    0x63, 0xFB, 0xBB, 0x3A, 0x26, 0x41, 0xD4, 0x3A, 0x80, 0xE5, 0xD1, 0x3A,
    0xD0, 0xAB, 0xEC, 0x3A, 0x75, 0x52, 0xCE, 0x3A, 0x1F, 0xC6, 0xCE, 0x3A,
    0x0B, 0x7E, 0xEC, 0x3A, 0x9C, 0x9F, 0xDD, 0x3A, 0x3F, 0x19, 0xBE, 0x3A,
    0xC9, 0xD0, 0xCE, 0x3A, 0x51, 0x6F, 0xE5, 0x3A, 0xEB, 0xC4, 0xD4, 0x3A,
    0x71, 0xF1, 0xCE, 0x3A, 0x05, 0x89, 0xBC, 0x3A, 0x36, 0x51, 0xCA, 0x3A,
    0xA6, 0x83, 0xC4, 0x3A, 0x47, 0xEE, 0xCF, 0x3A, 0x9C, 0x32, 0xC3, 0x3A,
    0x19, 0x27, 0xC0, 0x3A, 0xEC, 0x06, 0xD1, 0x3A, 0x27, 0x00, 0x00, 0x00,
    0x74, 0x69, 0x6E, 0x79, 0x6D, 0x6F, 0x74, 0x69, 0x6F, 0x6E, 0x5F, 0x63,
    0x6E, 0x6E, 0x5F, 0x31, 0x2F, 0x63, 0x6F, 0x6E, 0x76, 0x31, 0x64, 0x5F,
    0x32, 0x5F, 0x31, 0x2F, 0x63, 0x6F, 0x6E, 0x76, 0x6F, 0x6C, 0x75, 0x74,
    0x69, 0x6F, 0x6E, 0x00, 0x04, 0x00, 0x00, 0x00, 0x40, 0x00, 0x00, 0x00,
    0x01, 0x00, 0x00, 0x00, 0x03, 0x00, 0x00, 0x00, 0x20, 0x00, 0x00, 0x00,
    0xCA, 0xF7, 0xFF, 0xFF, 0x00, 0x00, 0x00, 0x01, 0x14, 0x00, 0x00, 0x00,
    0x24, 0x03, 0x00, 0x00, 0x0D, 0x00, 0x00, 0x00, 0x00, 0x00, 0x00, 0x02,
    0xE0, 0x03, 0x00, 0x00, 0x4C, 0xF7, 0xFF, 0xFF, 0x08, 0x00, 0x00, 0x00,
    0x08, 0x02, 0x00, 0x00, 0x40, 0x00, 0x00, 0x00, 0x00, 0x00, 0x00, 0x00,
    0x00, 0x00, 0x00, 0x00, 0x00, 0x00, 0x00, 0x00, 0x00, 0x00, 0x00, 0x00,
    0x00, 0x00, 0x00, 0x00, 0x00, 0x00, 0x00, 0x00, 0x00, 0x00, 0x00, 0x00,
    0x00, 0x00, 0x00, 0x00, 0x00, 0x00, 0x00, 0x00, 0x00, 0x00, 0x00, 0x00,
    0x00, 0x00, 0x00, 0x00, 0x00, 0x00, 0x00, 0x00, 0x00, 0x00, 0x00, 0x00,
    0x00, 0x00, 0x00, 0x00, 0x00, 0x00, 0x00, 0x00, 0x00, 0x00, 0x00, 0x00,
    0x00, 0x00, 0x00, 0x00, 0x00, 0x00, 0x00, 0x00, 0x00, 0x00, 0x00, 0x00,
    0x00, 0x00, 0x00, 0x00, 0x00, 0x00, 0x00, 0x00, 0x00, 0x00, 0x00, 0x00,
    0x00, 0x00, 0x00, 0x00, 0x00, 0x00, 0x00, 0x00, 0x00, 0x00, 0x00, 0x00,
    0x00, 0x00, 0x00, 0x00, 0x00, 0x00, 0x00, 0x00, 0x00, 0x00, 0x00, 0x00,
    0x00, 0x00, 0x00, 0x00, 0x00, 0x00, 0x00, 0x00, 0x00, 0x00, 0x00, 0x00,
    0x00, 0x00, 0x00, 0x00, 0x00, 0x00, 0x00, 0x00, 0x00, 0x00, 0x00, 0x00,
    0x00, 0x00, 0x00, 0x00, 0x00, 0x00, 0x00, 0x00, 0x00, 0x00, 0x00, 0x00,
    0x00, 0x00, 0x00, 0x00, 0x00, 0x00, 0x00, 0x00, 0x00, 0x00, 0x00, 0x00,
    0x00, 0x00, 0x00, 0x00, 0x00, 0x00, 0x00, 0x00, 0x00, 0x00, 0x00, 0x00,
    0x00, 0x00, 0x00, 0x00, 0x00, 0x00, 0x00, 0x00, 0x00, 0x00, 0x00, 0x00,
    0x00, 0x00, 0x00, 0x00, 0x00, 0x00, 0x00, 0x00, 0x00, 0x00, 0x00, 0x00,
    0x00, 0x00, 0x00, 0x00, 0x00, 0x00, 0x00, 0x00, 0x00, 0x00, 0x00, 0x00,
    0x00, 0x00, 0x00, 0x00, 0x00, 0x00, 0x00, 0x00, 0x00, 0x00, 0x00, 0x00,
    0x00, 0x00, 0x00, 0x00, 0x00, 0x00, 0x00, 0x00, 0x00, 0x00, 0x00, 0x00,
    0x00, 0x00, 0x00, 0x00, 0x00, 0x00, 0x00, 0x00, 0x00, 0x00, 0x00, 0x00,
    0x00, 0x00, 0x00, 0x00, 0x00, 0x00, 0x00, 0x00, 0x00, 0x00, 0x00, 0x00,
    0x00, 0x00, 0x00, 0x00, 0x00, 0x00, 0x00, 0x00, 0x00, 0x00, 0x00, 0x00,
    0x00, 0x00, 0x00, 0x00, 0x00, 0x00, 0x00, 0x00, 0x00, 0x00, 0x00, 0x00,
    0x00, 0x00, 0x00, 0x00, 0x00, 0x00, 0x00, 0x00, 0x00, 0x00, 0x00, 0x00,
    0x00, 0x00, 0x00, 0x00, 0x00, 0x00, 0x00, 0x00, 0x00, 0x00, 0x00, 0x00,
    0x00, 0x00, 0x00, 0x00, 0x00, 0x00, 0x00, 0x00, 0x00, 0x00, 0x00, 0x00,
    0x00, 0x00, 0x00, 0x00, 0x00, 0x00, 0x00, 0x00, 0x00, 0x00, 0x00, 0x00,
    0x00, 0x00, 0x00, 0x00, 0x00, 0x00, 0x00, 0x00, 0x00, 0x00, 0x00, 0x00,
    0x00, 0x00, 0x00, 0x00, 0x00, 0x00, 0x00, 0x00, 0x00, 0x00, 0x00, 0x00,
    0x00, 0x00, 0x00, 0x00, 0x00, 0x00, 0x00, 0x00, 0x00, 0x00, 0x00, 0x00,
    0x00, 0x00, 0x00, 0x00, 0x00, 0x00, 0x00, 0x00, 0x00, 0x00, 0x00, 0x00,
    0x00, 0x00, 0x00, 0x00, 0x00, 0x00, 0x00, 0x00, 0x00, 0x00, 0x00, 0x00,
    0x00, 0x00, 0x00, 0x00, 0x00, 0x00, 0x00, 0x00, 0x00, 0x00, 0x00, 0x00,
    0x00, 0x00, 0x00, 0x00, 0x00, 0x00, 0x00, 0x00, 0x00, 0x00, 0x00, 0x00,
    0x00, 0x00, 0x00, 0x00, 0x00, 0x00, 0x00, 0x00, 0x00, 0x00, 0x00, 0x00,
    0x00, 0x00, 0x00, 0x00, 0x00, 0x00, 0x00, 0x00, 0x00, 0x00, 0x00, 0x00,
    0x00, 0x00, 0x00, 0x00, 0x00, 0x00, 0x00, 0x00, 0x00, 0x00, 0x00, 0x00,
    0x00, 0x00, 0x00, 0x00, 0x00, 0x00, 0x00, 0x00, 0x00, 0x00, 0x00, 0x00,
    0x00, 0x00, 0x00, 0x00, 0x00, 0x00, 0x00, 0x00, 0x00, 0x00, 0x00, 0x00,
    0x00, 0x00, 0x00, 0x00, 0x00, 0x00, 0x00, 0x00, 0x00, 0x00, 0x00, 0x00,
    0x00, 0x00, 0x00, 0x00, 0x00, 0x00, 0x00, 0x00, 0x00, 0x00, 0x00, 0x00,
    0x00, 0x00, 0x00, 0x00, 0x00, 0x00, 0x00, 0x00, 0x00, 0x00, 0x00, 0x00,
    0x00, 0x00, 0x00, 0x00, 0x40, 0x00, 0x00, 0x00, 0x78, 0x50, 0x6B, 0x38,
    0xCF, 0x5D, 0x81, 0x38, 0x46, 0x42, 0x5A, 0x38, 0x4C, 0x2B, 0x90, 0x38,
    0xE5, 0x3F, 0x60, 0x38, 0xF7, 0x74, 0x68, 0x38, 0xB4, 0x5D, 0x75, 0x38,
    0x1A, 0x55, 0x66, 0x38, 0x4F, 0xAD, 0x64, 0x38, 0x5E, 0x5F, 0x81, 0x38,
    0x1B, 0x6E, 0x78, 0x38, 0x81, 0xE0, 0x67, 0x38, 0x45, 0xCF, 0x93, 0x38,
    0xC2, 0x1C, 0x84, 0x38, 0x79, 0xF3, 0x74, 0x38, 0x14, 0x4F, 0x7A, 0x38,
    0xAF, 0xFE, 0x5A, 0x38, 0x1A, 0x49, 0x84, 0x38, 0x34, 0xF8, 0x85, 0x38,
    0xDD, 0x18, 0x69, 0x38, 0x0E, 0xFF, 0x82, 0x38, 0xFA, 0x6A, 0x41, 0x38,
    0xCF, 0xAD, 0x99, 0x38, 0x83, 0x3D, 0x84, 0x38, 0xD9, 0xCD, 0x8E, 0x38,
    0x4C, 0xE0, 0x51, 0x38, 0x64, 0x1D, 0x6A, 0x38, 0x1D, 0xB4, 0x81, 0x38,
    0xD1, 0x18, 0x63, 0x38, 0xC5, 0x2D, 0x72, 0x38, 0x8F, 0x35, 0x7E, 0x38,
    0x54, 0xBE, 0x53, 0x38, 0xE8, 0xD1, 0x83, 0x38, 0xC8, 0x4E, 0x82, 0x38,
    0x4B, 0xC4, 0x7E, 0x38, 0xD8, 0xD8, 0x59, 0x38, 0xF9, 0x45, 0x55, 0x38,
    0xCB, 0x69, 0x67, 0x38, 0x59, 0xDF, 0x77, 0x38, 0x69, 0x2B, 0x94, 0x38,
    0x87, 0x2E, 0x78, 0x38, 0xA9, 0xE3, 0x81, 0x38, 0xB7, 0xCB, 0x7D, 0x38,
    0x3D, 0xD7, 0x75, 0x38, 0xC7, 0x75, 0x59, 0x38, 0xF1, 0x89, 0x75, 0x38,
    0xA2, 0xCF, 0x72, 0x38, 0x65, 0xE4, 0x88, 0x38, 0x19, 0xAD, 0x6E, 0x38,
    0xE6, 0x32, 0x6F, 0x38, 0xEC, 0xC9, 0x88, 0x38, 0x42, 0x30, 0x80, 0x38,
    0x9C, 0xE8, 0x5B, 0x38, 0x3C, 0x3F, 0x6F, 0x38, 0xE6, 0xB4, 0x84, 0x38,
    0x60, 0x22, 0x76, 0x38, 0x03, 0x65, 0x6F, 0x38, 0x9F, 0x19, 0x5A, 0x38,
    0x14, 0x0B, 0x6A, 0x38, 0x90, 0x54, 0x63, 0x38, 0x7F, 0x89, 0x70, 0x38,
    0xAB, 0xCE, 0x61, 0x38, 0xEC, 0x48, 0x5E, 0x38, 0x27, 0xCE, 0x71, 0x38,
    0xC0, 0x00, 0x00, 0x00, 0x74, 0x69, 0x6E, 0x79, 0x6D, 0x6F, 0x74, 0x69,
    0x6F, 0x6E, 0x5F, 0x63, 0x6E, 0x6E, 0x5F, 0x31, 0x2F, 0x63, 0x6F, 0x6E,
    0x76, 0x31, 0x64, 0x5F, 0x32, 0x5F, 0x31, 0x2F, 0x52, 0x65, 0x6C, 0x75,
    0x3B, 0x74, 0x69, 0x6E, 0x79, 0x6D, 0x6F, 0x74, 0x69, 0x6F, 0x6E, 0x5F,
    0x63, 0x6E, 0x6E, 0x5F, 0x31, 0x2F, 0x63, 0x6F, 0x6E, 0x76, 0x31, 0x64,
    0x5F, 0x32, 0x5F, 0x31, 0x2F, 0x42, 0x69, 0x61, 0x73, 0x41, 0x64, 0x64,
    0x3B, 0x74, 0x69, 0x6E, 0x79, 0x6D, 0x6F, 0x74, 0x69, 0x6F, 0x6E, 0x5F,
    0x63, 0x6E, 0x6E, 0x5F, 0x31, 0x2F, 0x63, 0x6F, 0x6E, 0x76, 0x31, 0x64,
    0x5F, 0x32, 0x5F, 0x31, 0x2F, 0x63, 0x6F, 0x6E, 0x76, 0x6F, 0x6C, 0x75,
    0x74, 0x69, 0x6F, 0x6E, 0x2F, 0x53, 0x71, 0x75, 0x65, 0x65, 0x7A, 0x65,
    0x3B, 0x74, 0x69, 0x6E, 0x79, 0x6D, 0x6F, 0x74, 0x69, 0x6F, 0x6E, 0x5F,
    0x63, 0x6E, 0x6E, 0x5F, 0x31, 0x2F, 0x63, 0x6F, 0x6E, 0x76, 0x31, 0x64,
    0x5F, 0x32, 0x5F, 0x31, 0x2F, 0x53, 0x71, 0x75, 0x65, 0x65, 0x7A, 0x65,
    0x3B, 0x74, 0x69, 0x6E, 0x79, 0x6D, 0x6F, 0x74, 0x69, 0x6F, 0x6E, 0x5F,
    0x63, 0x6E, 0x6E, 0x5F, 0x31, 0x2F, 0x63, 0x6F, 0x6E, 0x76, 0x31, 0x64,
    0x5F, 0x32, 0x5F, 0x31, 0x2F, 0x63, 0x6F, 0x6E, 0x76, 0x6F, 0x6C, 0x75,
    0x74, 0x69, 0x6F, 0x6E, 0x00, 0x00, 0x00, 0x00, 0x01, 0x00, 0x00, 0x00,
    0x40, 0x00, 0x00, 0x00, 0xCA, 0xFB, 0xFF, 0xFF, 0x00, 0x00, 0x00, 0x01,
    0x14, 0x00, 0x00, 0x00, 0x30, 0x00, 0x00, 0x00, 0x0C, 0x00, 0x00, 0x00,
    0x00, 0x00, 0x00, 0x09, 0x60, 0x00, 0x00, 0x00, 0x4C, 0xFB, 0xFF, 0xFF,
    0x08, 0x00, 0x00, 0x00, 0x10, 0x00, 0x00, 0x00, 0x01, 0x00, 0x00, 0x00,
    0x80, 0xFF, 0xFF, 0xFF, 0xFF, 0xFF, 0xFF, 0xFF, 0x01, 0x00, 0x00, 0x00,
    0x44, 0x25, 0x54, 0x3C, 0x36, 0x00, 0x00, 0x00, 0x74, 0x69, 0x6E, 0x79,
    0x6D, 0x6F, 0x74, 0x69, 0x6F, 0x6E, 0x5F, 0x63, 0x6E, 0x6E, 0x5F, 0x31,
    0x2F, 0x62, 0x61, 0x74, 0x63, 0x68, 0x5F, 0x6E, 0x6F, 0x72, 0x6D, 0x61,
    0x6C, 0x69, 0x7A, 0x61, 0x74, 0x69, 0x6F, 0x6E, 0x5F, 0x32, 0x5F, 0x31,
    0x2F, 0x62, 0x61, 0x74, 0x63, 0x68, 0x6E, 0x6F, 0x72, 0x6D, 0x2F, 0x6D,
    0x75, 0x6C, 0x00, 0x00, 0x01, 0x00, 0x00, 0x00, 0x40, 0x00, 0x00, 0x00,
    0x4A, 0xFC, 0xFF, 0xFF, 0x00, 0x00, 0x00, 0x01, 0x14, 0x00, 0x00, 0x00,
    0x30, 0x00, 0x00, 0x00, 0x0B, 0x00, 0x00, 0x00, 0x00, 0x00, 0x00, 0x09,
    0x60, 0x00, 0x00, 0x00, 0xCC, 0xFB, 0xFF, 0xFF, 0x08, 0x00, 0x00, 0x00,
    0x10, 0x00, 0x00, 0x00, 0x01, 0x00, 0x00, 0x00, 0x7F, 0x00, 0x00, 0x00,
    0x00, 0x00, 0x00, 0x00, 0x01, 0x00, 0x00, 0x00, 0x2F, 0x19, 0x8D, 0x3B,
    0x36, 0x00, 0x00, 0x00, 0x74, 0x69, 0x6E, 0x79, 0x6D, 0x6F, 0x74, 0x69,
    0x6F, 0x6E, 0x5F, 0x63, 0x6E, 0x6E, 0x5F, 0x31, 0x2F, 0x62, 0x61, 0x74,
    0x63, 0x68, 0x5F, 0x6E, 0x6F, 0x72, 0x6D, 0x61, 0x6C, 0x69, 0x7A, 0x61,
    0x74, 0x69, 0x6F, 0x6E, 0x5F, 0x32, 0x5F, 0x31, 0x2F, 0x62, 0x61, 0x74,
    0x63, 0x68, 0x6E, 0x6F, 0x72, 0x6D, 0x2F, 0x73, 0x75, 0x62, 0x00, 0x00,
    0x01, 0x00, 0x00, 0x00, 0x40, 0x00, 0x00, 0x00, 0xCA, 0xFC, 0xFF, 0xFF,
    0x00, 0x00, 0x00, 0x01, 0x14, 0x00, 0x00, 0x00, 0x54, 0x00, 0x00, 0x00,
    0x0A, 0x00, 0x00, 0x00, 0x00, 0x00, 0x00, 0x09, 0x6C, 0x00, 0x00, 0x00,
    0x4C, 0xFC, 0xFF, 0xFF, 0x08, 0x00, 0x00, 0x00, 0x28, 0x00, 0x00, 0x00,
    0x04, 0x00, 0x00, 0x00, 0x00, 0x00, 0x00, 0x00, 0x00, 0x00, 0x00, 0x00,
    0x00, 0x00, 0x00, 0x00, 0x00, 0x00, 0x00, 0x00, 0x00, 0x00, 0x00, 0x00,
    0x00, 0x00, 0x00, 0x00, 0x00, 0x00, 0x00, 0x00, 0x00, 0x00, 0x00, 0x00,
    0x04, 0x00, 0x00, 0x00, 0xAF, 0x29, 0x4F, 0x3B, 0x3A, 0x4F, 0x5B, 0x3B,
    0xAA, 0xC3, 0x63, 0x3B, 0x84, 0x52, 0x6F, 0x3B, 0x1F, 0x00, 0x00, 0x00,
    0x74, 0x69, 0x6E, 0x79, 0x6D, 0x6F, 0x74, 0x69, 0x6F, 0x6E, 0x5F, 0x63,
    0x6E, 0x6E, 0x5F, 0x31, 0x2F, 0x64, 0x65, 0x6E, 0x73, 0x65, 0x5F, 0x31,
    0x2F, 0x4D, 0x61, 0x74, 0x4D, 0x75, 0x6C, 0x00, 0x02, 0x00, 0x00, 0x00,
    0x04, 0x00, 0x00, 0x00, 0x40, 0x00, 0x00, 0x00, 0x5A, 0xFD, 0xFF, 0xFF,
    0x00, 0x00, 0x00, 0x01, 0x14, 0x00, 0x00, 0x00, 0x58, 0x00, 0x00, 0x00,
    0x09, 0x00, 0x00, 0x00, 0x00, 0x00, 0x00, 0x02, 0x74, 0x00, 0x00, 0x00,
    0xDC, 0xFC, 0xFF, 0xFF, 0x08, 0x00, 0x00, 0x00, 0x2C, 0x00, 0x00, 0x00,
    0x04, 0x00, 0x00, 0x00, 0x00, 0x00, 0x00, 0x00, 0x00, 0x00, 0x00, 0x00,
    0x00, 0x00, 0x00, 0x00, 0x00, 0x00, 0x00, 0x00, 0x00, 0x00, 0x00, 0x00,
    0x00, 0x00, 0x00, 0x00, 0x00, 0x00, 0x00, 0x00, 0x00, 0x00, 0x00, 0x00,
    0x00, 0x00, 0x00, 0x00, 0x04, 0x00, 0x00, 0x00, 0x9D, 0x05, 0x91, 0x38,
    0x6A, 0x86, 0x99, 0x38, 0x9A, 0x71, 0x9F, 0x38, 0xE9, 0x88, 0xA7, 0x38,
    0x20, 0x00, 0x00, 0x00, 0x74, 0x69, 0x6E, 0x79, 0x6D, 0x6F, 0x74, 0x69,
    0x6F, 0x6E, 0x5F, 0x63, 0x6E, 0x6E, 0x5F, 0x31, 0x2F, 0x64, 0x65, 0x6E,
    0x73, 0x65, 0x5F, 0x31, 0x2F, 0x42, 0x69, 0x61, 0x73, 0x41, 0x64, 0x64,
    0x00, 0x00, 0x00, 0x00, 0x01, 0x00, 0x00, 0x00, 0x04, 0x00, 0x00, 0x00,
    0xEE, 0xFD, 0xFF, 0xFF, 0x00, 0x00, 0x00, 0x01, 0x14, 0x00, 0x00, 0x00,
    0x14, 0x00, 0x00, 0x00, 0x08, 0x00, 0x00, 0x00, 0x00, 0x00, 0x00, 0x02,
    0x3C, 0x00, 0x00, 0x00, 0xD8, 0xFD, 0xFF, 0xFF, 0x2F, 0x00, 0x00, 0x00,
    0x74, 0x69, 0x6E, 0x79, 0x6D, 0x6F, 0x74, 0x69, 0x6F, 0x6E, 0x5F, 0x63,
    0x6E, 0x6E, 0x5F, 0x31, 0x2F, 0x63, 0x6F, 0x6E, 0x76, 0x31, 0x64, 0x5F,
    0x32, 0x5F, 0x31, 0x2F, 0x63, 0x6F, 0x6E, 0x76, 0x6F, 0x6C, 0x75, 0x74,
    0x69, 0x6F, 0x6E, 0x2F, 0x53, 0x71, 0x75, 0x65, 0x65, 0x7A, 0x65, 0x00,
    0x01, 0x00, 0x00, 0x00, 0x03, 0x00, 0x00, 0x00, 0x4A, 0xFE, 0xFF, 0xFF,
    0x00, 0x00, 0x00, 0x01, 0x14, 0x00, 0x00, 0x00, 0x14, 0x00, 0x00, 0x00,
    0x07, 0x00, 0x00, 0x00, 0x00, 0x00, 0x00, 0x02, 0x44, 0x00, 0x00, 0x00,
    0x34, 0xFE, 0xFF, 0xFF, 0x34, 0x00, 0x00, 0x00, 0x74, 0x69, 0x6E, 0x79,
    0x6D, 0x6F, 0x74, 0x69, 0x6F, 0x6E, 0x5F, 0x63, 0x6E, 0x6E, 0x5F, 0x31,
    0x2F, 0x6D, 0x61, 0x78, 0x5F, 0x70, 0x6F, 0x6F, 0x6C, 0x69, 0x6E, 0x67,
    0x31, 0x64, 0x5F, 0x31, 0x5F, 0x32, 0x2F, 0x4D, 0x61, 0x78, 0x50, 0x6F,
    0x6F, 0x6C, 0x31, 0x64, 0x2F, 0x53, 0x71, 0x75, 0x65, 0x65, 0x7A, 0x65,
    0x00, 0x00, 0x00, 0x00, 0x01, 0x00, 0x00, 0x00, 0x03, 0x00, 0x00, 0x00,
    0xAE, 0xFE, 0xFF, 0xFF, 0x00, 0x00, 0x00, 0x01, 0x14, 0x00, 0x00, 0x00,
    0x14, 0x00, 0x00, 0x00, 0x06, 0x00, 0x00, 0x00, 0x00, 0x00, 0x00, 0x02,
    0x3C, 0x00, 0x00, 0x00, 0x98, 0xFE, 0xFF, 0xFF, 0x2F, 0x00, 0x00, 0x00,
    0x74, 0x69, 0x6E, 0x79, 0x6D, 0x6F, 0x74, 0x69, 0x6F, 0x6E, 0x5F, 0x63,
    0x6E, 0x6E, 0x5F, 0x31, 0x2F, 0x63, 0x6F, 0x6E, 0x76, 0x31, 0x64, 0x5F,
    0x31, 0x5F, 0x32, 0x2F, 0x63, 0x6F, 0x6E, 0x76, 0x6F, 0x6C, 0x75, 0x74,
    0x69, 0x6F, 0x6E, 0x2F, 0x53, 0x71, 0x75, 0x65, 0x65, 0x7A, 0x65, 0x00,
    0x01, 0x00, 0x00, 0x00, 0x03, 0x00, 0x00, 0x00, 0x0A, 0xFF, 0xFF, 0xFF,
    0x00, 0x00, 0x00, 0x01, 0x14, 0x00, 0x00, 0x00, 0x14, 0x00, 0x00, 0x00,
    0x05, 0x00, 0x00, 0x00, 0x00, 0x00, 0x00, 0x02, 0x40, 0x00, 0x00, 0x00,
    0xF4, 0xFE, 0xFF, 0xFF, 0x32, 0x00, 0x00, 0x00, 0x74, 0x69, 0x6E, 0x79,
    0x6D, 0x6F, 0x74, 0x69, 0x6F, 0x6E, 0x5F, 0x63, 0x6E, 0x6E, 0x5F, 0x31,
    0x2F, 0x6D, 0x61, 0x78, 0x5F, 0x70, 0x6F, 0x6F, 0x6C, 0x69, 0x6E, 0x67,
    0x31, 0x64, 0x5F, 0x31, 0x2F, 0x4D, 0x61, 0x78, 0x50, 0x6F, 0x6F, 0x6C,
    0x31, 0x64, 0x2F, 0x53, 0x71, 0x75, 0x65, 0x65, 0x7A, 0x65, 0x00, 0x00,
    0x01, 0x00, 0x00, 0x00, 0x03, 0x00, 0x00, 0x00, 0x6A, 0xFF, 0xFF, 0xFF,
    0x00, 0x00, 0x00, 0x01, 0x14, 0x00, 0x00, 0x00, 0x14, 0x00, 0x00, 0x00,
    0x04, 0x00, 0x00, 0x00, 0x00, 0x00, 0x00, 0x02, 0x1C, 0x00, 0x00, 0x00,
    0x54, 0xFF, 0xFF, 0xFF, 0x0E, 0x00, 0x00, 0x00, 0x61, 0x72, 0x69, 0x74,
    0x68, 0x2E, 0x63, 0x6F, 0x6E, 0x73, 0x74, 0x61, 0x6E, 0x74, 0x00, 0x00,
    0x00, 0x00, 0x00, 0x00, 0xA2, 0xFF, 0xFF, 0xFF, 0x00, 0x00, 0x00, 0x01,
    0x14, 0x00, 0x00, 0x00, 0x14, 0x00, 0x00, 0x00, 0x03, 0x00, 0x00, 0x00,
    0x00, 0x00, 0x00, 0x02, 0x3C, 0x00, 0x00, 0x00, 0x8C, 0xFF, 0xFF, 0xFF,
    0x2D, 0x00, 0x00, 0x00, 0x74, 0x69, 0x6E, 0x79, 0x6D, 0x6F, 0x74, 0x69,
    0x6F, 0x6E, 0x5F, 0x63, 0x6E, 0x6E, 0x5F, 0x31, 0x2F, 0x63, 0x6F, 0x6E,
    0x76, 0x31, 0x64, 0x5F, 0x31, 0x2F, 0x63, 0x6F, 0x6E, 0x76, 0x6F, 0x6C,
    0x75, 0x74, 0x69, 0x6F, 0x6E, 0x2F, 0x53, 0x71, 0x75, 0x65, 0x65, 0x7A,
    0x65, 0x00, 0x00, 0x00, 0x01, 0x00, 0x00, 0x00, 0x03, 0x00, 0x00, 0x00,
    0x00, 0x00, 0x16, 0x00, 0x1C, 0x00, 0x18, 0x00, 0x17, 0x00, 0x10, 0x00,
    0x0C, 0x00, 0x08, 0x00, 0x00, 0x00, 0x00, 0x00, 0x00, 0x00, 0x07, 0x00,
    0x16, 0x00, 0x00, 0x00, 0x00, 0x00, 0x00, 0x01, 0x18, 0x00, 0x00, 0x00,
    0x18, 0x00, 0x00, 0x00, 0x02, 0x00, 0x00, 0x00, 0x00, 0x00, 0x00, 0x02,
    0x20, 0x00, 0x00, 0x00, 0x04, 0x00, 0x04, 0x00, 0x04, 0x00, 0x00, 0x00,
    0x0F, 0x00, 0x00, 0x00, 0x61, 0x72, 0x69, 0x74, 0x68, 0x2E, 0x63, 0x6F,
    0x6E, 0x73, 0x74, 0x61, 0x6E, 0x74, 0x31, 0x00, 0x00, 0x00, 0x00, 0x00,
    0x00, 0x00, 0x16, 0x00, 0x20, 0x00, 0x1C, 0x00, 0x1B, 0x00, 0x14, 0x00,
    0x10, 0x00, 0x0C, 0x00, 0x00, 0x00, 0x00, 0x00, 0x08, 0x00, 0x07, 0x00,
    0x16, 0x00, 0x00, 0x00, 0x00, 0x00, 0x00, 0x01, 0x18, 0x00, 0x00, 0x00,
    0x30, 0x00, 0x00, 0x00, 0x4C, 0x00, 0x00, 0x00, 0x01, 0x00, 0x00, 0x00,
    0x00, 0x00, 0x00, 0x09, 0x64, 0x00, 0x00, 0x00, 0x03, 0x00, 0x00, 0x00,
    0xFF, 0xFF, 0xFF, 0xFF, 0x7D, 0x00, 0x00, 0x00, 0x03, 0x00, 0x00, 0x00,
    0x0C, 0x00, 0x0C, 0x00, 0x00, 0x00, 0x00, 0x00, 0x08, 0x00, 0x04, 0x00,
    0x0C, 0x00, 0x00, 0x00, 0x08, 0x00, 0x00, 0x00, 0x10, 0x00, 0x00, 0x00,
    0x01, 0x00, 0x00, 0x00, 0x03, 0x00, 0x00, 0x00, 0x00, 0x00, 0x00, 0x00,
    0x01, 0x00, 0x00, 0x00, 0x58, 0x39, 0x00, 0x3D, 0x1D, 0x00, 0x00, 0x00,
    0x73, 0x65, 0x72, 0x76, 0x69, 0x6E, 0x67, 0x5F, 0x64, 0x65, 0x66, 0x61,
    0x75, 0x6C, 0x74, 0x5F, 0x69, 0x6E, 0x70, 0x75, 0x74, 0x5F, 0x6C, 0x61,
    0x79, 0x65, 0x72, 0x3A, 0x30, 0x00, 0x00, 0x00, 0x03, 0x00, 0x00, 0x00,
    0x01, 0x00, 0x00, 0x00, 0x7D, 0x00, 0x00, 0x00, 0x03, 0x00, 0x00, 0x00,
    0x09, 0x00, 0x00, 0x00, 0xC4, 0x00, 0x00, 0x00, 0xA4, 0x00, 0x00, 0x00,
    0x84, 0x00, 0x00, 0x00, 0x78, 0x00, 0x00, 0x00, 0x60, 0x00, 0x00, 0x00,
    0x40, 0x00, 0x00, 0x00, 0x2C, 0x00, 0x00, 0x00, 0x18, 0x00, 0x00, 0x00,
    0x04, 0x00, 0x00, 0x00, 0x88, 0xFF, 0xFF, 0xFF, 0x19, 0x00, 0x00, 0x00,
    0x02, 0x00, 0x00, 0x00, 0x00, 0x00, 0x00, 0x19, 0x98, 0xFF, 0xFF, 0xFF,
    0x09, 0x00, 0x00, 0x00, 0x04, 0x00, 0x00, 0x00, 0x00, 0x00, 0x00, 0x09,
    0xA8, 0xFF, 0xFF, 0xFF, 0x28, 0x00, 0x00, 0x00, 0x02, 0x00, 0x00, 0x00,
    0x00, 0x00, 0x00, 0x28, 0xB8, 0xFF, 0xFF, 0xFF, 0x11, 0x00, 0x00, 0x00,
    0x02, 0x00, 0x00, 0x00, 0x00, 0x00, 0x00, 0x11, 0x0C, 0x00, 0x0A, 0x00,
    0x09, 0x00, 0x00, 0x00, 0x00, 0x00, 0x04, 0x00, 0x0C, 0x00, 0x00, 0x00,
    0x16, 0x00, 0x00, 0x00, 0x00, 0x16, 0x0A, 0x00, 0x08, 0x00, 0x00, 0x00,
    0x00, 0x00, 0x04, 0x00, 0x0A, 0x00, 0x00, 0x00, 0x02, 0x00, 0x00, 0x00,
    0xF0, 0xFF, 0xFF, 0xFF, 0x12, 0x00, 0x00, 0x00, 0x02, 0x00, 0x00, 0x00,
    0x00, 0x00, 0x00, 0x12, 0x0C, 0x00, 0x10, 0x00, 0x0F, 0x00, 0x00, 0x00,
    0x08, 0x00, 0x04, 0x00, 0x0C, 0x00, 0x00, 0x00, 0x03, 0x00, 0x00, 0x00,
    0x03, 0x00, 0x00, 0x00, 0x00, 0x00, 0x00, 0x03, 0x0C, 0x00, 0x0C, 0x00,
    0x0B, 0x00, 0x00, 0x00, 0x00, 0x00, 0x04, 0x00, 0x0C, 0x00, 0x00, 0x00,
    0x46, 0x00, 0x00, 0x00, 0x00, 0x00, 0x00, 0x46,
};
const unsigned int model_int8_motion_len = 25160;

extern "C" {
    const unsigned char *get_model_pointer(void)
    {
        return model_int8_motion;
    }
    unsigned int get_model_size(void)
    {
        return model_int8_motion_len;
    }
}
